/*
SQLyog Community v13.1.9 (64 bit)
MySQL - 10.4.24-MariaDB : Database - optcl_27022022
*********************************************************************
*/

/*!40101 SET NAMES utf8 */;

/*!40101 SET SQL_MODE=''*/;

/*!40014 SET @OLD_UNIQUE_CHECKS=@@UNIQUE_CHECKS, UNIQUE_CHECKS=0 */;
/*!40014 SET @OLD_FOREIGN_KEY_CHECKS=@@FOREIGN_KEY_CHECKS, FOREIGN_KEY_CHECKS=0 */;
/*!40101 SET @OLD_SQL_MODE=@@SQL_MODE, SQL_MODE='NO_AUTO_VALUE_ON_ZERO' */;
/*!40111 SET @OLD_SQL_NOTES=@@SQL_NOTES, SQL_NOTES=0 */;
/*Table structure for table `optcl_application_form_field_nominee_status_history` */

DROP TABLE IF EXISTS `optcl_application_form_field_nominee_status_history`;

CREATE TABLE `optcl_application_form_field_nominee_status_history` (
  `id` int(11) NOT NULL AUTO_INCREMENT,
  `form_field_status_history_id` int(11) DEFAULT NULL,
  `employee_nominee_id` int(11) DEFAULT NULL,
  PRIMARY KEY (`id`)
) ENGINE=InnoDB AUTO_INCREMENT=35 DEFAULT CHARSET=utf8mb4;

/*Data for the table `optcl_application_form_field_nominee_status_history` */

insert  into `optcl_application_form_field_nominee_status_history`(`id`,`form_field_status_history_id`,`employee_nominee_id`) values 
(1,1418,11),
(2,1419,11),
(3,1420,11),
(4,1421,11),
(5,1422,11),
(6,1423,11),
(7,1424,11),
(8,1425,11),
(9,1426,11),
(10,1427,11),
(11,1428,11),
(12,1429,11),
(13,1430,11),
(14,1431,11),
(15,1432,11),
(16,1433,11),
(17,1434,11),
(18,1435,11),
(19,1438,11),
(20,1439,11),
(21,1441,11),
(22,1444,11),
(23,1446,11),
(24,1447,11),
(25,1450,11),
(26,1452,11),
(27,1453,11),
(28,1455,11),
(29,1458,11),
(30,1459,11),
(31,1461,11),
(32,1464,11),
(33,1465,11),
(34,1468,11);

/*Table structure for table `optcl_application_form_field_status` */

DROP TABLE IF EXISTS `optcl_application_form_field_status`;

CREATE TABLE `optcl_application_form_field_status` (
  `id` int(11) NOT NULL AUTO_INCREMENT,
  `application_id` int(11) DEFAULT NULL,
  `form_id` int(11) DEFAULT NULL,
  `field_id` int(11) DEFAULT NULL,
  `status_id` int(11) DEFAULT NULL,
  `nominee_id` int(11) DEFAULT NULL,
  `remarks` text DEFAULT NULL,
  `is_latest` tinyint(1) NOT NULL DEFAULT 0,
  `status` tinyint(1) DEFAULT 1,
  `created_by` int(11) DEFAULT NULL,
  `created_at` datetime DEFAULT NULL,
  `modified_by` int(11) DEFAULT NULL,
  `modified_at` datetime DEFAULT NULL,
  `deleted` tinyint(1) DEFAULT 0,
  PRIMARY KEY (`id`)
) ENGINE=InnoDB AUTO_INCREMENT=571 DEFAULT CHARSET=utf8mb4;

/*Data for the table `optcl_application_form_field_status` */

insert  into `optcl_application_form_field_status`(`id`,`application_id`,`form_id`,`field_id`,`status_id`,`nominee_id`,`remarks`,`is_latest`,`status`,`created_by`,`created_at`,`modified_by`,`modified_at`,`deleted`) values 
(1,1,1,3,NULL,NULL,'test',0,1,10,'2022-01-12 17:15:52',NULL,NULL,0),
(2,1,1,4,NULL,NULL,'test',0,1,10,'2022-01-12 17:15:55',NULL,NULL,0),
(3,1,1,5,NULL,NULL,'test',0,1,10,'2022-01-12 17:16:00',NULL,NULL,0),
(4,1,1,6,NULL,NULL,'test',0,1,10,'2022-01-12 17:16:05',NULL,NULL,0),
(5,1,1,7,NULL,NULL,'test',0,1,10,'2022-01-12 17:16:11',NULL,NULL,0),
(6,1,1,8,NULL,NULL,'test',0,1,10,'2022-01-12 17:16:15',NULL,NULL,0),
(7,1,1,9,NULL,NULL,'test',0,1,10,'2022-01-12 17:16:20',NULL,NULL,0),
(8,1,1,79,NULL,NULL,'test',0,1,10,'2022-01-12 17:16:26',NULL,NULL,0),
(9,1,1,10,NULL,NULL,'test',0,1,10,'2022-01-12 17:16:30',NULL,NULL,0),
(10,1,1,11,NULL,NULL,'test',0,1,10,'2022-01-12 17:16:36',NULL,NULL,0),
(11,1,1,12,NULL,NULL,'test',0,1,10,'2022-01-12 17:16:44',NULL,NULL,0),
(12,1,1,13,NULL,NULL,'test',0,1,10,'2022-01-12 17:16:51',NULL,NULL,0),
(13,1,2,14,NULL,NULL,'test',0,1,10,'2022-01-12 17:17:00',NULL,NULL,0),
(14,1,2,15,NULL,NULL,'test',0,1,10,'2022-01-12 17:17:04',NULL,NULL,0),
(15,1,2,16,NULL,NULL,'test',0,1,10,'2022-01-12 17:17:12',NULL,NULL,0),
(16,1,2,17,NULL,NULL,'test',0,1,10,'2022-01-12 17:17:18',NULL,NULL,0),
(17,1,2,18,NULL,NULL,'test',0,1,10,'2022-01-12 17:17:22',NULL,NULL,0),
(18,1,2,19,NULL,NULL,'test',0,1,10,'2022-01-12 17:17:29',NULL,NULL,0),
(19,1,2,20,NULL,NULL,'test',0,1,10,'2022-01-12 17:17:34',NULL,NULL,0),
(20,1,2,21,NULL,NULL,'test',0,1,10,'2022-01-12 17:17:39',NULL,NULL,0),
(21,1,2,23,NULL,NULL,'test',0,1,10,'2022-01-12 17:17:44',NULL,NULL,0),
(22,1,2,22,NULL,NULL,'test',0,1,10,'2022-01-12 17:17:49',NULL,NULL,0),
(23,1,2,24,NULL,NULL,'test',0,1,10,'2022-01-12 17:19:25',NULL,NULL,0),
(24,1,2,25,NULL,NULL,'test',0,1,10,'2022-01-12 17:19:31',NULL,NULL,0),
(25,1,2,26,NULL,NULL,'test',0,1,10,'2022-01-12 17:19:35',NULL,NULL,0),
(26,1,2,27,NULL,NULL,'test',0,1,10,'2022-01-12 17:19:42',NULL,NULL,0),
(27,1,2,28,NULL,NULL,'test',0,1,10,'2022-01-12 17:19:53',NULL,NULL,0),
(28,1,2,29,NULL,NULL,'test',0,1,10,'2022-01-12 17:19:58',NULL,NULL,0),
(29,1,2,30,NULL,NULL,'test',0,1,10,'2022-01-12 17:20:05',NULL,NULL,0),
(30,1,2,31,NULL,NULL,'test',0,1,10,'2022-01-12 17:20:10',NULL,NULL,0),
(31,1,2,32,NULL,NULL,'test',0,1,10,'2022-01-12 17:20:16',NULL,NULL,0),
(32,1,2,34,NULL,NULL,'test',0,1,10,'2022-01-12 17:20:23',NULL,NULL,0),
(33,1,2,35,NULL,NULL,'test',0,1,10,'2022-01-12 17:20:27',NULL,NULL,0),
(34,1,2,36,NULL,NULL,'test',0,1,10,'2022-01-12 17:20:33',NULL,NULL,0),
(35,1,2,37,NULL,NULL,'test',0,1,10,'2022-01-12 17:21:02',NULL,NULL,0),
(36,1,2,38,NULL,NULL,'test',0,1,10,'2022-01-12 17:21:09',NULL,NULL,0),
(37,1,2,39,NULL,NULL,'test',0,1,10,'2022-01-12 17:21:15',NULL,NULL,0),
(38,1,2,41,NULL,NULL,'test',0,1,10,'2022-01-12 17:21:20',NULL,NULL,0),
(39,1,2,40,NULL,NULL,'test',0,1,10,'2022-01-12 17:21:25',NULL,NULL,0),
(40,1,2,42,NULL,NULL,'test',0,1,10,'2022-01-12 17:21:40',NULL,NULL,0),
(41,1,2,43,NULL,NULL,'test',0,1,10,'2022-01-12 17:21:46',NULL,NULL,0),
(42,1,2,44,NULL,NULL,'test',0,1,10,'2022-01-12 17:21:52',NULL,NULL,0),
(43,1,3,46,NULL,1,'test',0,1,10,'2022-01-12 17:22:06',NULL,NULL,0),
(44,1,3,47,NULL,1,'test',0,1,10,'2022-01-12 17:22:14',NULL,NULL,0),
(45,1,3,48,NULL,1,'test',0,1,10,'2022-01-12 17:22:18',NULL,NULL,0),
(46,1,3,49,NULL,1,'test',0,1,10,'2022-01-12 17:22:32',NULL,NULL,0),
(47,1,3,50,NULL,1,'test',0,1,10,'2022-01-12 17:22:40',NULL,NULL,0),
(48,1,3,51,NULL,1,'test',0,1,10,'2022-01-12 17:22:45',NULL,NULL,0),
(49,1,3,55,NULL,1,'test',0,1,10,'2022-01-12 17:22:50',NULL,NULL,0),
(50,1,3,56,NULL,1,'test',0,1,10,'2022-01-12 17:22:56',NULL,NULL,0),
(51,1,3,57,NULL,1,'test',0,1,10,'2022-01-12 17:23:02',NULL,NULL,0),
(52,1,4,72,NULL,NULL,'test',0,1,10,'2022-01-12 17:23:13',NULL,NULL,0),
(53,1,4,74,NULL,NULL,'test',0,1,10,'2022-01-12 17:23:19',NULL,NULL,0),
(54,1,4,75,NULL,NULL,'test',0,1,10,'2022-01-12 17:23:24',NULL,NULL,0),
(55,1,4,76,NULL,NULL,'test',0,1,10,'2022-01-12 17:23:29',NULL,NULL,0),
(56,1,4,77,NULL,NULL,'test',0,1,10,'2022-01-12 17:23:38',NULL,NULL,0),
(57,1,4,78,NULL,NULL,'test',0,1,10,'2022-01-12 17:23:43',NULL,NULL,0),
(58,1,4,73,NULL,NULL,'test',0,1,10,'2022-01-12 17:25:52',NULL,NULL,0),
(59,1,3,58,NULL,1,'test',0,1,10,'2022-01-12 17:25:59',NULL,NULL,0),
(60,1,3,59,NULL,1,'test',0,1,10,'2022-01-12 17:26:04',NULL,NULL,0),
(61,1,3,60,NULL,1,'test',0,1,10,'2022-01-12 17:26:09',NULL,NULL,0),
(62,1,3,61,NULL,1,'test',0,1,10,'2022-01-12 17:26:15',NULL,NULL,0),
(63,1,3,62,NULL,1,'test',0,1,10,'2022-01-12 17:26:22',NULL,NULL,0),
(64,1,3,63,NULL,1,'test',0,1,10,'2022-01-12 17:26:28',NULL,NULL,0),
(65,1,3,64,NULL,1,'test',0,1,10,'2022-01-12 17:26:34',NULL,NULL,0),
(66,1,3,65,NULL,1,'test',0,1,10,'2022-01-12 17:26:41',NULL,NULL,0),
(67,1,3,66,NULL,1,'test',0,1,10,'2022-01-12 17:26:46',NULL,NULL,0),
(68,1,3,67,NULL,1,'test',0,1,10,'2022-01-12 17:26:51',NULL,NULL,0),
(69,1,3,68,NULL,1,'test',0,1,10,'2022-01-12 17:26:56',NULL,NULL,0),
(70,1,3,69,NULL,1,'test',0,1,10,'2022-01-12 17:27:01',NULL,NULL,0),
(71,1,3,70,NULL,1,'test',0,1,10,'2022-01-12 17:27:08',NULL,NULL,0),
(72,1,3,71,NULL,1,'test',0,1,10,'2022-01-12 17:27:14',NULL,NULL,0),
(73,2,1,3,1,NULL,NULL,1,1,10,'2022-01-25 18:48:20',11,'2022-02-01 21:02:16',0),
(74,2,1,4,1,NULL,NULL,1,1,10,'2022-01-25 18:48:21',11,'2022-02-01 21:02:17',0),
(75,8,1,3,1,NULL,NULL,1,1,10,'2022-01-31 19:40:56',10,'2022-02-01 10:17:23',0),
(76,8,1,4,1,NULL,NULL,1,1,10,'2022-01-31 19:41:04',10,'2022-02-01 10:17:24',0),
(77,8,1,5,1,NULL,NULL,1,1,10,'2022-01-31 19:41:06',10,'2022-02-01 10:17:25',0),
(78,8,1,6,1,NULL,NULL,1,1,10,'2022-01-31 19:41:07',10,'2022-02-01 10:17:26',0),
(79,8,1,7,1,NULL,NULL,1,1,10,'2022-01-31 19:41:08',10,'2022-02-01 10:17:27',0),
(80,8,1,8,1,NULL,NULL,1,1,10,'2022-01-31 19:41:08',10,'2022-02-01 10:17:27',0),
(81,8,1,9,1,NULL,NULL,1,1,10,'2022-01-31 19:41:09',10,'2022-02-01 10:17:28',0),
(82,8,1,79,1,NULL,NULL,1,1,10,'2022-01-31 19:41:32',10,'2022-02-01 10:17:29',0),
(83,8,1,10,1,NULL,NULL,1,1,10,'2022-01-31 19:41:34',10,'2022-02-01 10:17:29',0),
(84,8,1,11,1,NULL,NULL,1,1,10,'2022-01-31 19:41:37',10,'2022-02-01 10:17:31',0),
(85,8,1,12,1,NULL,NULL,1,1,10,'2022-01-31 19:41:41',10,'2022-02-01 10:17:32',0),
(86,8,1,13,1,NULL,NULL,1,1,10,'2022-01-31 19:41:44',10,'2022-02-01 10:17:33',0),
(87,8,2,14,1,NULL,NULL,1,1,10,'2022-01-31 19:41:47',10,'2022-02-01 10:17:38',0),
(88,8,2,15,1,NULL,NULL,1,1,10,'2022-01-31 19:41:50',10,'2022-02-01 10:17:39',0),
(89,8,2,17,1,NULL,NULL,1,1,10,'2022-01-31 19:41:53',10,'2022-02-01 10:17:40',0),
(90,8,2,16,1,NULL,NULL,1,1,10,'2022-01-31 19:41:55',10,'2022-02-01 10:17:39',0),
(91,8,2,18,1,NULL,NULL,1,1,10,'2022-01-31 19:41:58',10,'2022-02-01 10:17:41',0),
(92,8,2,19,1,NULL,NULL,1,1,10,'2022-01-31 19:42:02',10,'2022-02-01 10:17:43',0),
(93,8,2,20,1,NULL,NULL,1,1,10,'2022-01-31 19:42:06',10,'2022-02-01 10:17:44',0),
(94,8,2,21,1,NULL,NULL,1,1,10,'2022-01-31 19:42:09',10,'2022-02-01 10:17:44',0),
(95,8,2,22,1,NULL,NULL,1,1,10,'2022-01-31 19:42:11',10,'2022-02-01 10:17:45',0),
(96,8,2,23,1,NULL,NULL,1,1,10,'2022-01-31 19:42:15',10,'2022-02-01 10:17:46',0),
(97,8,2,24,1,NULL,NULL,1,1,10,'2022-01-31 19:42:19',10,'2022-02-01 10:47:56',0),
(98,8,2,25,1,NULL,NULL,1,1,10,'2022-01-31 19:42:22',10,'2022-02-01 10:47:57',0),
(99,8,2,26,1,NULL,NULL,1,1,10,'2022-01-31 19:42:25',10,'2022-02-01 10:17:57',0),
(100,8,2,27,1,NULL,NULL,1,1,10,'2022-01-31 19:42:28',10,'2022-02-01 10:17:57',0),
(101,8,2,28,1,NULL,NULL,1,1,10,'2022-01-31 19:42:32',10,'2022-02-01 10:17:58',0),
(102,8,2,29,1,NULL,NULL,1,1,10,'2022-01-31 19:42:34',10,'2022-02-01 10:17:59',0),
(103,8,2,30,1,NULL,NULL,1,1,10,'2022-01-31 19:42:37',10,'2022-02-01 10:18:01',0),
(104,8,2,31,1,NULL,NULL,1,1,10,'2022-01-31 19:42:40',10,'2022-02-01 10:18:02',0),
(105,8,2,32,1,NULL,NULL,1,1,10,'2022-01-31 19:42:44',10,'2022-02-01 10:18:02',0),
(106,8,2,34,1,NULL,NULL,1,1,10,'2022-01-31 19:42:49',10,'2022-02-01 11:54:24',0),
(107,8,2,35,1,NULL,NULL,1,1,10,'2022-01-31 19:42:51',10,'2022-02-01 11:55:44',0),
(108,8,2,36,1,NULL,NULL,1,1,10,'2022-01-31 19:42:55',10,'2022-02-01 10:18:08',0),
(109,8,2,37,1,NULL,NULL,1,1,10,'2022-01-31 19:42:59',10,'2022-02-01 10:18:09',0),
(110,8,2,39,1,NULL,NULL,1,1,10,'2022-01-31 19:43:04',10,'2022-02-01 10:18:11',0),
(111,8,2,38,1,NULL,NULL,1,1,10,'2022-01-31 19:43:08',10,'2022-02-01 10:18:09',0),
(112,8,2,40,1,NULL,NULL,1,1,10,'2022-01-31 19:43:11',10,'2022-02-01 10:18:12',0),
(113,8,2,41,1,NULL,NULL,1,1,10,'2022-01-31 19:43:13',10,'2022-02-01 10:18:14',0),
(114,8,2,42,1,NULL,NULL,1,1,10,'2022-01-31 19:43:15',10,'2022-02-01 10:18:14',0),
(115,8,2,43,1,NULL,NULL,1,1,10,'2022-01-31 19:43:18',10,'2022-02-01 10:18:16',0),
(116,8,2,44,1,NULL,NULL,1,1,10,'2022-01-31 19:43:21',10,'2022-02-01 10:18:16',0),
(117,8,3,46,1,5,NULL,1,1,10,'2022-01-31 19:43:25',10,'2022-02-01 10:48:58',0),
(118,8,3,47,1,5,NULL,1,1,10,'2022-01-31 19:43:29',10,'2022-02-01 10:18:28',0),
(119,8,3,48,1,5,NULL,1,1,10,'2022-01-31 19:43:31',10,'2022-02-01 10:18:30',0),
(120,8,3,49,1,5,NULL,1,1,10,'2022-01-31 19:43:34',10,'2022-02-01 10:18:30',0),
(121,8,3,50,1,5,NULL,1,1,10,'2022-01-31 19:43:37',10,'2022-02-01 10:18:32',0),
(122,8,3,51,1,5,NULL,1,1,10,'2022-01-31 19:43:39',10,'2022-02-01 10:18:32',0),
(123,8,3,55,1,5,NULL,1,1,10,'2022-01-31 19:43:43',10,'2022-02-01 10:18:33',0),
(124,8,3,56,1,5,NULL,1,1,10,'2022-01-31 19:43:46',10,'2022-02-01 10:18:36',0),
(125,8,3,57,1,5,NULL,1,1,10,'2022-01-31 19:43:48',10,'2022-02-01 10:18:36',0),
(126,8,3,58,1,5,NULL,1,1,10,'2022-01-31 19:43:51',10,'2022-02-01 10:18:38',0),
(127,8,3,59,1,5,NULL,1,1,10,'2022-01-31 19:43:54',10,'2022-02-01 10:18:38',0),
(128,8,3,60,1,5,NULL,1,1,10,'2022-01-31 19:43:57',10,'2022-02-01 10:18:39',0),
(129,8,3,61,1,5,NULL,1,1,10,'2022-01-31 19:44:01',10,'2022-02-01 10:18:40',0),
(130,8,3,62,1,5,NULL,1,1,10,'2022-01-31 19:44:04',10,'2022-02-01 10:18:41',0),
(131,8,3,63,1,5,NULL,1,1,10,'2022-01-31 19:44:07',10,'2022-02-01 10:18:43',0),
(132,8,3,66,1,5,NULL,1,1,10,'2022-01-31 19:44:10',10,'2022-02-01 10:18:45',0),
(133,8,3,67,1,5,NULL,1,1,10,'2022-01-31 19:44:13',10,'2022-02-01 10:18:46',0),
(134,8,4,72,1,NULL,NULL,1,1,10,'2022-01-31 19:44:17',10,'2022-02-01 10:18:52',0),
(135,8,4,74,1,NULL,NULL,1,1,10,'2022-01-31 19:44:19',10,'2022-02-01 10:18:53',0),
(136,8,4,75,1,NULL,NULL,1,1,10,'2022-01-31 19:44:23',10,'2022-02-01 10:18:54',0),
(137,8,4,76,1,NULL,NULL,1,1,10,'2022-01-31 19:44:26',10,'2022-02-01 10:18:55',0),
(138,8,4,77,1,NULL,NULL,1,1,10,'2022-01-31 19:44:29',10,'2022-02-01 10:18:55',0),
(139,8,4,78,1,NULL,NULL,1,1,10,'2022-01-31 19:44:31',10,'2022-02-01 10:18:56',0),
(140,8,4,73,1,NULL,NULL,1,1,10,'2022-01-31 19:44:35',10,'2022-02-01 10:18:58',0),
(141,9,1,7,1,NULL,NULL,1,1,10,'2022-02-01 12:44:58',10,'2022-02-01 13:24:26',0),
(142,9,1,6,1,NULL,NULL,1,1,10,'2022-02-01 12:45:00',10,'2022-02-01 13:24:25',0),
(143,9,1,8,1,NULL,NULL,1,1,10,'2022-02-01 12:45:07',10,'2022-02-01 13:24:27',0),
(144,9,1,9,1,NULL,NULL,1,1,10,'2022-02-01 12:45:08',NULL,NULL,0),
(145,9,1,79,1,NULL,NULL,1,1,10,'2022-02-01 12:45:10',NULL,NULL,0),
(146,9,1,10,1,NULL,NULL,1,1,10,'2022-02-01 12:45:11',NULL,NULL,0),
(147,9,1,11,1,NULL,NULL,1,1,10,'2022-02-01 12:45:11',NULL,NULL,0),
(148,9,1,12,1,NULL,NULL,1,1,10,'2022-02-01 12:45:12',NULL,NULL,0),
(149,9,1,13,1,NULL,NULL,1,1,10,'2022-02-01 12:45:13',NULL,NULL,0),
(150,9,2,14,1,NULL,NULL,1,1,10,'2022-02-01 12:45:14',NULL,NULL,0),
(151,9,2,15,1,NULL,NULL,1,1,10,'2022-02-01 12:45:14',NULL,NULL,0),
(152,9,2,16,1,NULL,NULL,1,1,10,'2022-02-01 12:45:15',NULL,NULL,0),
(153,9,2,17,1,NULL,NULL,1,1,10,'2022-02-01 12:45:16',NULL,NULL,0),
(154,9,2,18,1,NULL,NULL,1,1,10,'2022-02-01 12:45:17',NULL,NULL,0),
(155,9,2,19,1,NULL,NULL,1,1,10,'2022-02-01 12:45:18',NULL,NULL,0),
(156,9,2,20,1,NULL,NULL,1,1,10,'2022-02-01 12:45:20',NULL,NULL,0),
(157,9,2,21,1,NULL,NULL,1,1,10,'2022-02-01 12:45:20',NULL,NULL,0),
(158,9,2,22,1,NULL,NULL,1,1,10,'2022-02-01 12:45:21',NULL,NULL,0),
(159,9,2,23,1,NULL,NULL,1,1,10,'2022-02-01 12:45:23',NULL,NULL,0),
(160,9,2,24,1,NULL,NULL,1,1,10,'2022-02-01 12:45:24',NULL,NULL,0),
(161,9,2,25,1,NULL,NULL,1,1,10,'2022-02-01 12:45:24',NULL,NULL,0),
(162,9,2,26,1,NULL,NULL,1,1,10,'2022-02-01 12:45:25',NULL,NULL,0),
(163,9,2,28,1,NULL,NULL,1,1,10,'2022-02-01 12:45:26',NULL,NULL,0),
(164,9,2,27,1,NULL,NULL,1,1,10,'2022-02-01 12:45:27',NULL,NULL,0),
(165,9,2,29,1,NULL,NULL,1,1,10,'2022-02-01 12:45:28',NULL,NULL,0),
(166,9,2,30,1,NULL,NULL,1,1,10,'2022-02-01 12:45:28',NULL,NULL,0),
(167,9,2,31,1,NULL,NULL,1,1,10,'2022-02-01 12:45:30',NULL,NULL,0),
(168,9,2,32,1,NULL,NULL,1,1,10,'2022-02-01 12:45:31',NULL,NULL,0),
(169,9,2,34,1,NULL,NULL,1,1,10,'2022-02-01 12:45:32',NULL,NULL,0),
(170,9,2,35,1,NULL,NULL,1,1,10,'2022-02-01 12:45:34',NULL,NULL,0),
(171,9,2,36,1,NULL,NULL,1,1,10,'2022-02-01 12:45:35',NULL,NULL,0),
(172,9,2,37,1,NULL,NULL,1,1,10,'2022-02-01 12:45:36',NULL,NULL,0),
(173,9,2,38,1,NULL,NULL,1,1,10,'2022-02-01 12:45:38',NULL,NULL,0),
(174,9,2,39,1,NULL,NULL,1,1,10,'2022-02-01 12:45:38',NULL,NULL,0),
(175,9,2,40,1,NULL,NULL,1,1,10,'2022-02-01 12:45:39',NULL,NULL,0),
(176,9,2,41,1,NULL,NULL,1,1,10,'2022-02-01 12:45:40',NULL,NULL,0),
(177,9,2,42,1,NULL,NULL,1,1,10,'2022-02-01 12:45:40',NULL,NULL,0),
(178,9,2,43,1,NULL,NULL,1,1,10,'2022-02-01 12:45:41',NULL,NULL,0),
(179,9,2,44,1,NULL,NULL,1,1,10,'2022-02-01 12:45:42',NULL,NULL,0),
(180,9,3,46,1,6,NULL,1,1,10,'2022-02-01 12:45:44',NULL,NULL,0),
(181,9,3,47,1,6,NULL,1,1,10,'2022-02-01 12:45:45',NULL,NULL,0),
(182,9,3,48,1,6,NULL,1,1,10,'2022-02-01 12:45:45',NULL,NULL,0),
(183,9,3,49,1,6,NULL,1,1,10,'2022-02-01 12:45:46',NULL,NULL,0),
(184,9,3,50,1,6,NULL,1,1,10,'2022-02-01 12:45:47',NULL,NULL,0),
(185,9,3,51,1,6,NULL,1,1,10,'2022-02-01 12:45:47',NULL,NULL,0),
(186,9,3,55,1,6,NULL,1,1,10,'2022-02-01 12:45:48',NULL,NULL,0),
(187,9,3,56,1,6,NULL,1,1,10,'2022-02-01 12:45:51',NULL,NULL,0),
(188,9,3,57,1,6,NULL,1,1,10,'2022-02-01 12:45:51',NULL,NULL,0),
(189,9,3,58,1,6,NULL,1,1,10,'2022-02-01 12:45:53',NULL,NULL,0),
(190,9,3,59,1,6,NULL,1,1,10,'2022-02-01 12:45:54',NULL,NULL,0),
(191,9,3,60,1,6,NULL,1,1,10,'2022-02-01 12:45:55',NULL,NULL,0),
(192,9,3,61,1,6,NULL,1,1,10,'2022-02-01 12:45:56',NULL,NULL,0),
(193,9,3,62,1,6,NULL,1,1,10,'2022-02-01 12:45:58',NULL,NULL,0),
(194,9,3,63,1,6,NULL,1,1,10,'2022-02-01 12:45:58',NULL,NULL,0),
(195,9,3,66,1,6,NULL,1,1,10,'2022-02-01 12:45:59',NULL,NULL,0),
(196,9,3,67,1,6,NULL,1,1,10,'2022-02-01 12:46:00',NULL,NULL,0),
(197,9,4,72,1,NULL,NULL,1,1,10,'2022-02-01 12:46:01',NULL,NULL,0),
(198,9,4,75,1,NULL,NULL,1,1,10,'2022-02-01 12:46:03',NULL,NULL,0),
(199,9,4,76,1,NULL,NULL,1,1,10,'2022-02-01 12:46:03',NULL,NULL,0),
(200,9,4,77,1,NULL,NULL,1,1,10,'2022-02-01 12:46:05',NULL,NULL,0),
(201,9,4,78,1,NULL,NULL,1,1,10,'2022-02-01 12:46:06',NULL,NULL,0),
(202,9,4,73,1,NULL,NULL,1,1,10,'2022-02-01 12:46:07',NULL,NULL,0),
(203,9,1,4,1,NULL,NULL,1,1,10,'2022-02-01 13:24:24',NULL,NULL,0),
(204,9,1,5,1,NULL,NULL,1,1,10,'2022-02-01 13:24:25',NULL,NULL,0),
(205,9,4,74,1,NULL,NULL,1,1,10,'2022-02-01 13:24:42',NULL,NULL,0),
(206,2,1,5,1,NULL,NULL,1,1,10,'2022-02-01 17:14:58',10,'2022-02-01 18:29:49',0),
(207,2,1,6,1,NULL,NULL,1,1,10,'2022-02-01 17:15:05',10,'2022-02-01 18:29:50',0),
(208,2,1,7,1,NULL,NULL,1,1,10,'2022-02-01 17:15:08',10,'2022-02-01 18:29:51',0),
(209,2,1,8,1,NULL,NULL,1,1,10,'2022-02-01 17:15:12',NULL,NULL,0),
(210,2,1,9,1,NULL,NULL,1,1,10,'2022-02-01 17:15:13',NULL,NULL,0),
(211,2,1,79,1,NULL,NULL,1,1,10,'2022-02-01 17:15:13',NULL,NULL,0),
(212,2,1,10,1,NULL,NULL,1,1,10,'2022-02-01 17:15:14',NULL,NULL,0),
(213,2,1,11,1,NULL,NULL,1,1,10,'2022-02-01 17:15:16',NULL,NULL,0),
(214,2,1,12,1,NULL,NULL,1,1,10,'2022-02-01 17:15:16',NULL,NULL,0),
(215,2,1,13,1,NULL,NULL,1,1,10,'2022-02-01 17:15:17',NULL,NULL,0),
(216,2,2,14,1,NULL,NULL,1,1,10,'2022-02-01 17:15:19',NULL,NULL,0),
(217,2,2,15,1,NULL,NULL,1,1,10,'2022-02-01 17:15:19',NULL,NULL,0),
(218,2,2,16,1,NULL,NULL,1,1,10,'2022-02-01 17:15:20',NULL,NULL,0),
(219,2,2,17,1,NULL,NULL,1,1,10,'2022-02-01 17:15:21',NULL,NULL,0),
(220,2,2,18,1,NULL,NULL,1,1,10,'2022-02-01 17:15:21',NULL,NULL,0),
(221,2,2,19,1,NULL,NULL,1,1,10,'2022-02-01 17:15:23',NULL,NULL,0),
(222,2,2,20,1,NULL,NULL,1,1,10,'2022-02-01 17:15:23',NULL,NULL,0),
(223,2,2,21,1,NULL,NULL,1,1,10,'2022-02-01 17:15:24',NULL,NULL,0),
(224,2,2,22,1,NULL,NULL,1,1,10,'2022-02-01 17:15:24',NULL,NULL,0),
(225,2,2,23,1,NULL,NULL,1,1,10,'2022-02-01 17:15:25',NULL,NULL,0),
(226,2,2,24,1,NULL,NULL,1,1,10,'2022-02-01 17:15:26',NULL,NULL,0),
(227,2,2,25,1,NULL,NULL,1,1,10,'2022-02-01 17:15:27',NULL,NULL,0),
(228,2,2,26,1,NULL,NULL,1,1,10,'2022-02-01 17:15:28',NULL,NULL,0),
(229,2,2,27,1,NULL,NULL,1,1,10,'2022-02-01 17:15:29',NULL,NULL,0),
(230,2,2,28,1,NULL,NULL,1,1,10,'2022-02-01 17:15:29',NULL,NULL,0),
(231,2,2,29,1,NULL,NULL,1,1,10,'2022-02-01 17:15:30',NULL,NULL,0),
(232,2,2,30,1,NULL,NULL,1,1,10,'2022-02-01 17:15:32',NULL,NULL,0),
(233,2,2,31,1,NULL,NULL,1,1,10,'2022-02-01 17:15:33',NULL,NULL,0),
(234,2,2,32,1,NULL,NULL,1,1,10,'2022-02-01 17:15:33',NULL,NULL,0),
(235,2,2,34,1,NULL,NULL,1,1,10,'2022-02-01 17:15:34',NULL,NULL,0),
(236,2,2,35,1,NULL,NULL,1,1,10,'2022-02-01 17:15:35',NULL,NULL,0),
(237,2,2,36,1,NULL,NULL,1,1,10,'2022-02-01 17:15:36',NULL,NULL,0),
(238,2,2,37,1,NULL,NULL,1,1,10,'2022-02-01 17:15:36',NULL,NULL,0),
(239,2,2,38,1,NULL,NULL,1,1,10,'2022-02-01 17:15:37',NULL,NULL,0),
(240,2,2,39,1,NULL,NULL,1,1,10,'2022-02-01 17:15:39',NULL,NULL,0),
(241,2,2,40,1,NULL,NULL,1,1,10,'2022-02-01 17:15:40',NULL,NULL,0),
(242,2,2,41,1,NULL,NULL,1,1,10,'2022-02-01 17:15:41',NULL,NULL,0),
(243,2,2,42,1,NULL,NULL,1,1,10,'2022-02-01 17:15:41',NULL,NULL,0),
(244,2,2,43,1,NULL,NULL,1,1,10,'2022-02-01 17:15:42',10,'2022-02-01 18:29:28',0),
(245,2,2,44,1,NULL,NULL,1,1,10,'2022-02-01 17:15:42',10,'2022-02-01 18:29:43',0),
(246,2,3,46,1,4,NULL,1,1,10,'2022-02-01 17:15:54',NULL,NULL,0),
(247,2,3,47,1,4,NULL,1,1,10,'2022-02-01 17:15:55',NULL,NULL,0),
(248,2,3,48,1,4,NULL,1,1,10,'2022-02-01 17:16:00',10,'2022-02-01 18:29:59',0),
(249,2,3,49,1,4,NULL,1,1,10,'2022-02-01 17:16:23',10,'2022-02-01 18:30:00',0),
(250,2,3,50,1,4,NULL,1,1,10,'2022-02-01 17:16:35',NULL,NULL,0),
(251,2,3,51,1,4,NULL,1,1,10,'2022-02-01 17:16:36',NULL,NULL,0),
(252,2,3,55,1,4,NULL,1,1,10,'2022-02-01 17:16:37',NULL,NULL,0),
(253,2,3,56,1,4,NULL,1,1,10,'2022-02-01 17:16:37',NULL,NULL,0),
(254,2,3,57,1,4,NULL,1,1,10,'2022-02-01 17:16:38',NULL,NULL,0),
(255,2,3,58,1,4,NULL,1,1,10,'2022-02-01 17:16:39',NULL,NULL,0),
(256,2,3,59,1,4,NULL,1,1,10,'2022-02-01 17:16:40',NULL,NULL,0),
(257,2,3,60,1,4,NULL,1,1,10,'2022-02-01 17:16:40',NULL,NULL,0),
(258,2,3,61,1,4,NULL,1,1,10,'2022-02-01 17:16:41',NULL,NULL,0),
(259,2,3,62,1,4,NULL,1,1,10,'2022-02-01 17:16:41',NULL,NULL,0),
(260,2,3,63,1,4,NULL,1,1,10,'2022-02-01 17:16:43',NULL,NULL,0),
(261,2,3,66,1,4,NULL,1,1,10,'2022-02-01 17:16:44',NULL,NULL,0),
(262,2,3,67,1,4,NULL,1,1,10,'2022-02-01 17:16:45',NULL,NULL,0),
(263,2,4,72,1,NULL,NULL,1,1,10,'2022-02-01 17:16:46',NULL,NULL,0),
(264,2,4,74,1,NULL,NULL,1,1,10,'2022-02-01 17:16:47',NULL,NULL,0),
(265,2,4,75,1,NULL,NULL,1,1,10,'2022-02-01 17:16:48',NULL,NULL,0),
(266,2,4,76,1,NULL,NULL,1,1,10,'2022-02-01 17:16:49',NULL,NULL,0),
(267,2,4,77,1,NULL,NULL,1,1,10,'2022-02-01 17:16:49',NULL,NULL,0),
(268,2,4,78,1,NULL,NULL,1,1,10,'2022-02-01 17:16:51',NULL,NULL,0),
(269,2,4,73,1,NULL,NULL,1,1,10,'2022-02-01 17:16:52',NULL,NULL,0),
(270,10,1,3,1,NULL,NULL,1,1,10,'2022-02-01 23:24:10',NULL,NULL,0),
(271,10,1,4,1,NULL,NULL,1,1,10,'2022-02-01 23:24:11',NULL,NULL,0),
(272,10,1,5,1,NULL,NULL,1,1,10,'2022-02-01 23:24:13',NULL,NULL,0),
(273,10,1,6,1,NULL,NULL,1,1,10,'2022-02-01 23:24:15',NULL,NULL,0),
(274,10,1,7,1,NULL,NULL,1,1,10,'2022-02-01 23:24:17',NULL,NULL,0),
(275,10,1,8,1,NULL,NULL,1,1,10,'2022-02-01 23:24:18',NULL,NULL,0),
(276,10,1,9,1,NULL,NULL,1,1,10,'2022-02-01 23:24:19',NULL,NULL,0),
(277,10,1,79,1,NULL,NULL,1,1,10,'2022-02-01 23:24:22',NULL,NULL,0),
(278,10,1,10,1,NULL,NULL,1,1,10,'2022-02-01 23:24:24',NULL,NULL,0),
(279,10,1,11,1,NULL,NULL,1,1,10,'2022-02-01 23:24:25',NULL,NULL,0),
(280,10,1,12,1,NULL,NULL,1,1,10,'2022-02-01 23:24:27',NULL,NULL,0),
(281,10,1,13,1,NULL,NULL,1,1,10,'2022-02-01 23:24:28',NULL,NULL,0),
(282,10,2,14,1,NULL,NULL,1,1,10,'2022-02-01 23:24:31',NULL,NULL,0),
(283,10,2,15,1,NULL,NULL,1,1,10,'2022-02-01 23:24:32',NULL,NULL,0),
(284,10,2,16,1,NULL,NULL,1,1,10,'2022-02-01 23:24:33',NULL,NULL,0),
(285,10,2,17,1,NULL,NULL,1,1,10,'2022-02-01 23:24:34',NULL,NULL,0),
(286,10,2,18,1,NULL,NULL,1,1,10,'2022-02-01 23:24:36',NULL,NULL,0),
(287,10,2,19,1,NULL,NULL,1,1,10,'2022-02-01 23:24:38',NULL,NULL,0),
(288,10,2,20,1,NULL,NULL,1,1,10,'2022-02-01 23:24:40',NULL,NULL,0),
(289,10,2,21,1,NULL,NULL,1,1,10,'2022-02-01 23:24:41',NULL,NULL,0),
(290,10,2,22,1,NULL,NULL,1,1,10,'2022-02-01 23:24:42',NULL,NULL,0),
(291,10,2,23,1,NULL,NULL,1,1,10,'2022-02-01 23:24:45',NULL,NULL,0),
(292,10,2,24,1,NULL,NULL,1,1,10,'2022-02-01 23:24:46',NULL,NULL,0),
(293,10,2,25,1,NULL,NULL,1,1,10,'2022-02-01 23:24:48',NULL,NULL,0),
(294,10,2,26,1,NULL,NULL,1,1,10,'2022-02-01 23:24:50',NULL,NULL,0),
(295,10,2,27,1,NULL,NULL,1,1,10,'2022-02-01 23:24:51',NULL,NULL,0),
(296,10,2,28,1,NULL,NULL,1,1,10,'2022-02-01 23:24:53',NULL,NULL,0),
(297,10,2,29,1,NULL,NULL,1,1,10,'2022-02-01 23:24:55',NULL,NULL,0),
(298,10,2,30,1,NULL,NULL,1,1,10,'2022-02-01 23:24:57',NULL,NULL,0),
(299,10,2,31,1,NULL,NULL,1,1,10,'2022-02-01 23:24:58',NULL,NULL,0),
(300,10,2,32,1,NULL,NULL,1,1,10,'2022-02-01 23:24:59',NULL,NULL,0),
(301,10,2,34,1,NULL,NULL,1,1,10,'2022-02-01 23:25:05',NULL,NULL,0),
(302,10,2,35,1,NULL,NULL,1,1,10,'2022-02-01 23:25:06',NULL,NULL,0),
(303,10,2,36,1,NULL,NULL,1,1,10,'2022-02-01 23:25:07',NULL,NULL,0),
(304,10,2,39,1,NULL,NULL,1,1,10,'2022-02-01 23:25:09',NULL,NULL,0),
(305,10,2,43,1,NULL,NULL,1,1,10,'2022-02-01 23:25:12',NULL,NULL,0),
(306,10,3,46,1,7,NULL,1,1,10,'2022-02-01 23:25:14',NULL,NULL,0),
(307,10,3,47,1,7,NULL,1,1,10,'2022-02-01 23:25:15',NULL,NULL,0),
(308,10,3,48,1,7,NULL,1,1,10,'2022-02-01 23:25:16',NULL,NULL,0),
(309,10,3,49,1,7,NULL,1,1,10,'2022-02-01 23:25:19',NULL,NULL,0),
(310,10,3,50,1,7,NULL,1,1,10,'2022-02-01 23:25:20',NULL,NULL,0),
(311,10,3,51,1,7,NULL,1,1,10,'2022-02-01 23:25:21',NULL,NULL,0),
(312,10,3,55,1,7,NULL,1,1,10,'2022-02-01 23:25:24',NULL,NULL,0),
(313,10,3,56,1,7,NULL,1,1,10,'2022-02-01 23:25:26',NULL,NULL,0),
(314,10,3,57,1,7,NULL,1,1,10,'2022-02-01 23:25:27',NULL,NULL,0),
(315,10,3,58,1,7,NULL,1,1,10,'2022-02-01 23:25:30',NULL,NULL,0),
(316,10,3,59,1,7,NULL,1,1,10,'2022-02-01 23:25:30',NULL,NULL,0),
(317,10,3,60,1,7,NULL,1,1,10,'2022-02-01 23:25:31',NULL,NULL,0),
(318,10,3,61,1,7,NULL,1,1,10,'2022-02-01 23:25:32',NULL,NULL,0),
(319,10,3,62,1,7,NULL,1,1,10,'2022-02-01 23:25:33',NULL,NULL,0),
(320,10,3,63,1,7,NULL,1,1,10,'2022-02-01 23:25:34',NULL,NULL,0),
(321,10,3,66,1,7,NULL,1,1,10,'2022-02-01 23:25:36',NULL,NULL,0),
(322,10,3,67,1,7,NULL,1,1,10,'2022-02-01 23:25:38',NULL,NULL,0),
(323,10,4,72,1,NULL,NULL,1,1,10,'2022-02-01 23:25:47',NULL,NULL,0),
(324,10,4,74,1,NULL,NULL,1,1,10,'2022-02-01 23:25:49',NULL,NULL,0),
(325,10,4,75,1,NULL,NULL,1,1,10,'2022-02-01 23:25:50',NULL,NULL,0),
(326,10,4,76,1,NULL,NULL,1,1,10,'2022-02-01 23:25:56',NULL,NULL,0),
(327,10,4,77,1,NULL,NULL,1,1,10,'2022-02-01 23:25:57',NULL,NULL,0),
(328,10,4,78,1,NULL,NULL,1,1,10,'2022-02-01 23:25:58',NULL,NULL,0),
(329,10,4,73,1,NULL,NULL,1,1,10,'2022-02-01 23:26:01',NULL,NULL,0),
(330,11,1,3,1,NULL,NULL,1,1,10,'2022-02-02 18:19:19',NULL,NULL,0),
(331,11,1,4,1,NULL,NULL,1,1,10,'2022-02-02 18:19:21',NULL,NULL,0),
(332,11,1,5,1,NULL,NULL,1,1,10,'2022-02-02 18:19:22',NULL,NULL,0),
(333,11,1,6,1,NULL,NULL,1,1,10,'2022-02-02 18:19:23',NULL,NULL,0),
(334,11,1,7,1,NULL,NULL,1,1,10,'2022-02-02 18:19:23',NULL,NULL,0),
(335,11,1,8,1,NULL,NULL,1,1,10,'2022-02-02 18:19:24',NULL,NULL,0),
(336,11,1,9,1,NULL,NULL,1,1,10,'2022-02-02 18:19:24',NULL,NULL,0),
(337,11,1,79,1,NULL,NULL,1,1,10,'2022-02-02 18:19:25',NULL,NULL,0),
(338,11,1,10,1,NULL,NULL,1,1,10,'2022-02-02 18:19:26',NULL,NULL,0),
(339,11,1,11,1,NULL,NULL,1,1,10,'2022-02-02 18:19:27',NULL,NULL,0),
(340,11,1,12,1,NULL,NULL,1,1,10,'2022-02-02 18:19:28',NULL,NULL,0),
(341,11,1,13,1,NULL,NULL,1,1,10,'2022-02-02 18:19:28',NULL,NULL,0),
(342,11,2,14,1,NULL,NULL,1,1,10,'2022-02-02 18:19:29',NULL,NULL,0),
(343,11,2,15,1,NULL,NULL,1,1,10,'2022-02-02 18:19:30',NULL,NULL,0),
(344,11,2,16,1,NULL,NULL,1,1,10,'2022-02-02 18:19:30',NULL,NULL,0),
(345,11,2,17,1,NULL,NULL,1,1,10,'2022-02-02 18:19:31',NULL,NULL,0),
(346,11,2,18,1,NULL,NULL,1,1,10,'2022-02-02 18:19:31',NULL,NULL,0),
(347,11,2,19,1,NULL,NULL,1,1,10,'2022-02-02 18:19:32',NULL,NULL,0),
(348,11,2,20,1,NULL,NULL,1,1,10,'2022-02-02 18:19:33',NULL,NULL,0),
(349,11,2,21,1,NULL,NULL,1,1,10,'2022-02-02 18:19:34',NULL,NULL,0),
(350,11,2,22,1,NULL,NULL,1,1,10,'2022-02-02 18:19:34',NULL,NULL,0),
(351,11,2,23,1,NULL,NULL,1,1,10,'2022-02-02 18:19:35',NULL,NULL,0),
(352,11,2,24,1,NULL,NULL,1,1,10,'2022-02-02 18:19:35',NULL,NULL,0),
(353,11,2,25,1,NULL,NULL,1,1,10,'2022-02-02 18:19:37',NULL,NULL,0),
(354,11,2,26,1,NULL,NULL,1,1,10,'2022-02-02 18:19:37',NULL,NULL,0),
(355,11,2,27,1,NULL,NULL,1,1,10,'2022-02-02 18:19:38',NULL,NULL,0),
(356,11,2,28,1,NULL,NULL,1,1,10,'2022-02-02 18:19:38',NULL,NULL,0),
(357,11,2,29,1,NULL,NULL,1,1,10,'2022-02-02 18:19:41',NULL,NULL,0),
(358,11,2,30,1,NULL,NULL,1,1,10,'2022-02-02 18:19:43',NULL,NULL,0),
(359,11,2,31,1,NULL,NULL,1,1,10,'2022-02-02 18:19:43',NULL,NULL,0),
(360,11,2,32,1,NULL,NULL,1,1,10,'2022-02-02 18:19:44',NULL,NULL,0),
(361,11,2,34,1,NULL,NULL,1,1,10,'2022-02-02 18:19:47',NULL,NULL,0),
(362,11,2,35,1,NULL,NULL,1,1,10,'2022-02-02 18:19:47',NULL,NULL,0),
(363,11,2,36,1,NULL,NULL,1,1,10,'2022-02-02 18:19:48',NULL,NULL,0),
(364,11,2,39,1,NULL,NULL,1,1,10,'2022-02-02 18:19:49',NULL,NULL,0),
(365,11,2,43,1,NULL,NULL,1,1,10,'2022-02-02 18:19:50',NULL,NULL,0),
(366,11,2,44,1,NULL,NULL,1,1,10,'2022-02-02 18:19:51',NULL,NULL,0),
(367,11,3,46,1,8,NULL,1,1,10,'2022-02-02 18:19:52',NULL,NULL,0),
(368,11,3,47,1,8,NULL,1,1,10,'2022-02-02 18:19:53',NULL,NULL,0),
(369,11,3,48,1,8,NULL,1,1,10,'2022-02-02 18:19:54',NULL,NULL,0),
(370,11,3,49,1,8,NULL,1,1,10,'2022-02-02 18:19:55',NULL,NULL,0),
(371,11,3,50,1,8,NULL,1,1,10,'2022-02-02 18:19:57',NULL,NULL,0),
(372,11,3,51,1,8,NULL,1,1,10,'2022-02-02 18:19:57',NULL,NULL,0),
(373,11,3,55,1,8,NULL,1,1,10,'2022-02-02 18:19:58',NULL,NULL,0),
(374,11,3,56,1,8,NULL,1,1,10,'2022-02-02 18:19:59',NULL,NULL,0),
(375,11,3,57,1,8,NULL,1,1,10,'2022-02-02 18:20:00',NULL,NULL,0),
(376,11,3,58,1,8,NULL,1,1,10,'2022-02-02 18:20:01',NULL,NULL,0),
(377,11,3,59,1,8,NULL,1,1,10,'2022-02-02 18:20:03',NULL,NULL,0),
(378,11,3,60,1,8,NULL,1,1,10,'2022-02-02 18:20:04',NULL,NULL,0),
(379,11,3,61,1,8,NULL,1,1,10,'2022-02-02 18:20:04',NULL,NULL,0),
(380,11,3,62,1,8,NULL,1,1,10,'2022-02-02 18:20:05',NULL,NULL,0),
(381,11,3,63,1,8,NULL,1,1,10,'2022-02-02 18:20:06',NULL,NULL,0),
(382,11,3,66,1,8,NULL,1,1,10,'2022-02-02 18:20:06',NULL,NULL,0),
(383,11,3,67,1,8,NULL,1,1,10,'2022-02-02 18:20:07',NULL,NULL,0),
(384,11,4,72,1,NULL,NULL,1,1,10,'2022-02-02 18:20:08',NULL,NULL,0),
(385,11,4,74,1,NULL,NULL,1,1,10,'2022-02-02 18:20:10',NULL,NULL,0),
(386,11,4,75,1,NULL,NULL,1,1,10,'2022-02-02 18:20:11',NULL,NULL,0),
(387,11,4,76,1,NULL,NULL,1,1,10,'2022-02-02 18:20:12',NULL,NULL,0),
(388,11,4,77,1,NULL,NULL,1,1,10,'2022-02-02 18:20:12',NULL,NULL,0),
(389,11,4,78,1,NULL,NULL,1,1,10,'2022-02-02 18:20:14',NULL,NULL,0),
(390,11,4,73,1,NULL,NULL,1,1,10,'2022-02-02 18:20:15',NULL,NULL,0),
(391,13,1,3,NULL,NULL,'reject remark 2',1,1,10,'2022-02-04 11:43:46',11,'2022-02-04 12:30:06',0),
(392,13,1,4,NULL,NULL,'Reject remark 2',1,1,10,'2022-02-04 11:43:59',11,'2022-02-04 12:30:15',0),
(393,13,1,5,1,NULL,NULL,1,1,10,'2022-02-04 11:44:09',10,'2022-02-04 12:27:54',0),
(394,13,1,6,1,NULL,NULL,1,1,10,'2022-02-04 11:44:12',NULL,NULL,0),
(395,13,1,7,1,NULL,NULL,1,1,10,'2022-02-04 11:44:12',NULL,NULL,0),
(396,13,1,8,1,NULL,NULL,1,1,10,'2022-02-04 11:44:13',NULL,NULL,0),
(397,13,1,9,1,NULL,NULL,1,1,10,'2022-02-04 11:44:14',NULL,NULL,0),
(398,13,1,79,1,NULL,NULL,1,1,10,'2022-02-04 11:44:15',NULL,NULL,0),
(399,13,1,10,1,NULL,NULL,1,1,10,'2022-02-04 11:44:16',NULL,NULL,0),
(400,13,1,11,1,NULL,NULL,1,1,10,'2022-02-04 11:44:17',NULL,NULL,0),
(401,13,1,12,1,NULL,NULL,1,1,10,'2022-02-04 11:44:17',NULL,NULL,0),
(402,13,1,13,1,NULL,NULL,1,1,10,'2022-02-04 11:44:18',NULL,NULL,0),
(403,13,2,14,1,NULL,NULL,1,1,10,'2022-02-04 11:44:27',11,'2022-02-07 15:12:15',0),
(404,13,2,15,1,NULL,NULL,1,1,10,'2022-02-04 11:44:35',11,'2022-02-07 15:12:18',0),
(405,13,2,16,1,NULL,NULL,1,1,10,'2022-02-04 11:44:48',10,'2022-02-04 12:27:32',0),
(406,13,2,17,1,NULL,NULL,1,1,10,'2022-02-04 11:44:50',NULL,NULL,0),
(407,13,2,18,1,NULL,NULL,1,1,10,'2022-02-04 11:44:50',NULL,NULL,0),
(408,13,2,19,1,NULL,NULL,1,1,10,'2022-02-04 11:44:51',NULL,NULL,0),
(409,13,2,20,1,NULL,NULL,1,1,10,'2022-02-04 11:44:53',NULL,NULL,0),
(410,13,2,21,1,NULL,NULL,1,1,10,'2022-02-04 11:44:53',NULL,NULL,0),
(411,13,2,22,1,NULL,NULL,1,1,10,'2022-02-04 11:44:54',NULL,NULL,0),
(412,13,2,23,1,NULL,NULL,1,1,10,'2022-02-04 11:44:55',NULL,NULL,0),
(413,13,2,24,1,NULL,NULL,1,1,10,'2022-02-04 11:44:58',NULL,NULL,0),
(414,13,2,25,1,NULL,NULL,1,1,10,'2022-02-04 11:45:00',NULL,NULL,0),
(415,13,2,26,1,NULL,NULL,1,1,10,'2022-02-04 11:45:02',NULL,NULL,0),
(416,13,2,27,1,NULL,NULL,1,1,10,'2022-02-04 11:45:03',NULL,NULL,0),
(417,13,2,28,1,NULL,NULL,1,1,10,'2022-02-04 11:45:04',NULL,NULL,0),
(418,13,2,29,1,NULL,NULL,1,1,10,'2022-02-04 11:45:05',NULL,NULL,0),
(419,13,2,30,1,NULL,NULL,1,1,10,'2022-02-04 11:45:06',NULL,NULL,0),
(420,13,2,31,1,NULL,NULL,1,1,10,'2022-02-04 11:45:07',NULL,NULL,0),
(421,13,2,32,1,NULL,NULL,1,1,10,'2022-02-04 11:45:09',NULL,NULL,0),
(422,13,2,34,1,NULL,NULL,1,1,10,'2022-02-04 11:45:10',NULL,NULL,0),
(423,13,2,35,1,NULL,NULL,1,1,10,'2022-02-04 11:45:11',NULL,NULL,0),
(424,13,2,36,1,NULL,NULL,1,1,10,'2022-02-04 11:45:12',NULL,NULL,0),
(425,13,2,39,1,NULL,NULL,1,1,10,'2022-02-04 11:45:13',NULL,NULL,0),
(426,13,2,43,1,NULL,NULL,1,1,10,'2022-02-04 11:45:14',NULL,NULL,0),
(427,13,3,46,1,9,NULL,1,1,10,'2022-02-04 11:45:26',10,'2022-02-04 12:27:38',0),
(428,13,3,47,1,9,NULL,1,1,10,'2022-02-04 11:46:08',NULL,NULL,0),
(429,13,3,48,1,9,NULL,1,1,10,'2022-02-04 11:46:09',NULL,NULL,0),
(430,13,3,49,1,9,NULL,1,1,10,'2022-02-04 11:46:09',NULL,NULL,0),
(431,13,3,50,1,9,NULL,1,1,10,'2022-02-04 11:46:11',NULL,NULL,0),
(432,13,3,51,1,9,NULL,1,1,10,'2022-02-04 11:46:12',NULL,NULL,0),
(433,13,3,55,1,9,NULL,1,1,10,'2022-02-04 11:46:12',NULL,NULL,0),
(434,13,3,56,1,9,NULL,1,1,10,'2022-02-04 11:46:13',NULL,NULL,0),
(435,13,3,57,1,9,NULL,1,1,10,'2022-02-04 11:46:14',NULL,NULL,0),
(436,13,3,58,1,9,NULL,1,1,10,'2022-02-04 11:46:15',NULL,NULL,0),
(437,13,3,59,1,9,NULL,1,1,10,'2022-02-04 11:46:16',NULL,NULL,0),
(438,13,3,60,1,9,NULL,1,1,10,'2022-02-04 11:46:17',NULL,NULL,0),
(439,13,3,61,1,9,NULL,1,1,10,'2022-02-04 11:46:17',NULL,NULL,0),
(440,13,3,62,1,9,NULL,1,1,10,'2022-02-04 11:46:18',NULL,NULL,0),
(441,13,3,63,1,9,NULL,1,1,10,'2022-02-04 11:46:19',NULL,NULL,0),
(442,13,3,66,1,9,NULL,1,1,10,'2022-02-04 11:46:20',NULL,NULL,0),
(443,13,3,67,1,9,NULL,1,1,10,'2022-02-04 11:46:22',NULL,NULL,0),
(444,13,4,72,1,NULL,NULL,1,1,10,'2022-02-04 11:46:30',11,'2022-02-07 15:12:22',0),
(445,13,4,74,1,NULL,NULL,1,1,10,'2022-02-04 11:46:39',11,'2022-02-07 15:12:23',0),
(446,13,4,75,1,NULL,NULL,1,1,10,'2022-02-04 11:46:40',NULL,NULL,0),
(447,13,4,76,1,NULL,NULL,1,1,10,'2022-02-04 11:46:41',NULL,NULL,0),
(448,13,4,77,1,NULL,NULL,1,1,10,'2022-02-04 11:46:43',NULL,NULL,0),
(449,13,4,78,1,NULL,NULL,1,1,10,'2022-02-04 11:46:45',NULL,NULL,0),
(450,13,4,73,1,NULL,NULL,1,1,10,'2022-02-04 11:46:45',NULL,NULL,0),
(451,14,1,3,1,NULL,NULL,1,1,10,'2022-02-04 12:54:41',NULL,NULL,0),
(452,14,1,4,1,NULL,NULL,1,1,10,'2022-02-04 12:54:42',NULL,NULL,0),
(453,14,1,5,1,NULL,NULL,1,1,10,'2022-02-04 12:54:43',NULL,NULL,0),
(454,14,1,6,1,NULL,NULL,1,1,10,'2022-02-04 12:54:43',NULL,NULL,0),
(455,14,1,7,1,NULL,NULL,1,1,10,'2022-02-04 12:54:44',NULL,NULL,0),
(456,14,1,8,1,NULL,NULL,1,1,10,'2022-02-04 12:54:45',NULL,NULL,0),
(457,14,1,9,1,NULL,NULL,1,1,10,'2022-02-04 12:54:46',NULL,NULL,0),
(458,14,1,79,1,NULL,NULL,1,1,10,'2022-02-04 12:54:47',NULL,NULL,0),
(459,14,1,10,1,NULL,NULL,1,1,10,'2022-02-04 12:54:48',NULL,NULL,0),
(460,14,1,11,1,NULL,NULL,1,1,10,'2022-02-04 12:54:48',NULL,NULL,0),
(461,14,1,12,1,NULL,NULL,1,1,10,'2022-02-04 12:54:49',NULL,NULL,0),
(462,14,1,13,1,NULL,NULL,1,1,10,'2022-02-04 12:54:50',NULL,NULL,0),
(463,14,2,14,1,NULL,NULL,1,1,10,'2022-02-04 12:54:52',NULL,NULL,0),
(464,14,2,15,1,NULL,NULL,1,1,10,'2022-02-04 12:54:52',NULL,NULL,0),
(465,14,2,16,1,NULL,NULL,1,1,10,'2022-02-04 12:54:53',NULL,NULL,0),
(466,14,2,17,1,NULL,NULL,1,1,10,'2022-02-04 12:55:29',NULL,NULL,0),
(467,14,2,18,1,NULL,NULL,1,1,10,'2022-02-04 12:55:30',NULL,NULL,0),
(468,14,2,19,1,NULL,NULL,1,1,10,'2022-02-04 12:55:31',NULL,NULL,0),
(469,14,2,20,1,NULL,NULL,1,1,10,'2022-02-04 12:55:33',NULL,NULL,0),
(470,14,2,21,1,NULL,NULL,1,1,10,'2022-02-04 12:55:33',NULL,NULL,0),
(471,14,2,22,1,NULL,NULL,1,1,10,'2022-02-04 12:55:34',NULL,NULL,0),
(472,14,2,23,1,NULL,NULL,1,1,10,'2022-02-04 12:55:35',NULL,NULL,0),
(473,14,2,24,1,NULL,NULL,1,1,10,'2022-02-04 12:55:37',NULL,NULL,0),
(474,14,2,25,1,NULL,NULL,1,1,10,'2022-02-04 12:55:37',NULL,NULL,0),
(475,14,2,26,1,NULL,NULL,1,1,10,'2022-02-04 12:55:38',NULL,NULL,0),
(476,14,2,27,1,NULL,NULL,1,1,10,'2022-02-04 12:55:39',NULL,NULL,0),
(477,14,2,28,1,NULL,NULL,1,1,10,'2022-02-04 12:55:40',NULL,NULL,0),
(478,14,2,29,1,NULL,NULL,1,1,10,'2022-02-04 12:55:41',NULL,NULL,0),
(479,14,2,30,1,NULL,NULL,1,1,10,'2022-02-04 12:55:42',NULL,NULL,0),
(480,14,2,31,1,NULL,NULL,1,1,10,'2022-02-04 12:55:43',NULL,NULL,0),
(481,14,2,32,1,NULL,NULL,1,1,10,'2022-02-04 12:55:43',NULL,NULL,0),
(482,14,2,34,1,NULL,NULL,1,1,10,'2022-02-04 12:55:45',NULL,NULL,0),
(483,14,2,35,1,NULL,NULL,1,1,10,'2022-02-04 12:55:46',NULL,NULL,0),
(484,14,2,36,1,NULL,NULL,1,1,10,'2022-02-04 12:55:47',NULL,NULL,0),
(485,14,2,39,1,NULL,NULL,1,1,10,'2022-02-04 12:55:48',NULL,NULL,0),
(486,14,2,43,1,NULL,NULL,1,1,10,'2022-02-04 12:55:49',NULL,NULL,0),
(487,14,3,46,1,10,NULL,1,1,10,'2022-02-04 12:55:50',NULL,NULL,0),
(488,14,3,47,1,10,NULL,1,1,10,'2022-02-04 12:55:50',NULL,NULL,0),
(489,14,3,48,1,10,NULL,1,1,10,'2022-02-04 12:55:52',NULL,NULL,0),
(490,14,3,49,1,10,NULL,1,1,10,'2022-02-04 12:55:53',NULL,NULL,0),
(491,14,3,50,1,10,NULL,1,1,10,'2022-02-04 12:55:54',NULL,NULL,0),
(492,14,3,51,1,10,NULL,1,1,10,'2022-02-04 12:55:55',NULL,NULL,0),
(493,14,3,55,1,10,NULL,1,1,10,'2022-02-04 12:55:56',NULL,NULL,0),
(494,14,3,56,1,10,NULL,1,1,10,'2022-02-04 12:55:57',NULL,NULL,0),
(495,14,3,57,1,10,NULL,1,1,10,'2022-02-04 12:55:58',NULL,NULL,0),
(496,14,3,58,1,10,NULL,1,1,10,'2022-02-04 12:56:00',NULL,NULL,0),
(497,14,3,59,1,10,NULL,1,1,10,'2022-02-04 12:56:01',NULL,NULL,0),
(498,14,3,60,1,10,NULL,1,1,10,'2022-02-04 12:56:02',NULL,NULL,0),
(499,14,3,61,1,10,NULL,1,1,10,'2022-02-04 12:56:02',NULL,NULL,0),
(500,14,3,62,1,10,NULL,1,1,10,'2022-02-04 12:56:03',NULL,NULL,0),
(501,14,3,63,1,10,NULL,1,1,10,'2022-02-04 12:56:04',NULL,NULL,0),
(502,14,3,66,1,10,NULL,1,1,10,'2022-02-04 12:56:05',NULL,NULL,0),
(503,14,3,67,1,10,NULL,1,1,10,'2022-02-04 12:56:06',NULL,NULL,0),
(504,14,4,72,1,NULL,NULL,1,1,10,'2022-02-04 12:56:07',NULL,NULL,0),
(505,14,4,74,1,NULL,NULL,1,1,10,'2022-02-04 12:56:08',NULL,NULL,0),
(506,14,4,75,1,NULL,NULL,1,1,10,'2022-02-04 12:56:09',NULL,NULL,0),
(507,14,4,76,1,NULL,NULL,1,1,10,'2022-02-04 12:56:11',NULL,NULL,0),
(508,14,4,77,1,NULL,NULL,1,1,10,'2022-02-04 12:56:12',NULL,NULL,0),
(509,14,4,78,1,NULL,NULL,1,1,10,'2022-02-04 12:56:13',NULL,NULL,0),
(510,14,4,73,1,NULL,NULL,1,1,10,'2022-02-04 12:56:14',NULL,NULL,0),
(511,15,1,3,NULL,NULL,'test remark',1,1,10,'2022-02-08 12:22:15',11,'2022-02-08 13:09:24',0),
(512,15,1,4,1,NULL,NULL,1,1,10,'2022-02-08 12:22:17',NULL,NULL,0),
(513,15,1,5,NULL,NULL,'Test Remark',1,1,10,'2022-02-08 12:22:18',11,'2022-02-08 13:09:33',0),
(514,15,1,6,1,NULL,NULL,1,1,10,'2022-02-08 12:22:20',NULL,NULL,0),
(515,15,1,7,1,NULL,NULL,1,1,10,'2022-02-08 12:22:21',NULL,NULL,0),
(516,15,1,8,1,NULL,NULL,1,1,10,'2022-02-08 12:22:21',NULL,NULL,0),
(517,15,1,9,1,NULL,NULL,1,1,10,'2022-02-08 12:22:22',NULL,NULL,0),
(518,15,1,79,1,NULL,NULL,1,1,10,'2022-02-08 12:22:23',NULL,NULL,0),
(519,15,1,10,1,NULL,NULL,1,1,10,'2022-02-08 12:22:25',NULL,NULL,0),
(520,15,1,11,1,NULL,NULL,1,1,10,'2022-02-08 12:22:26',NULL,NULL,0),
(521,15,1,12,1,NULL,NULL,1,1,10,'2022-02-08 12:22:26',NULL,NULL,0),
(522,15,1,13,1,NULL,NULL,1,1,10,'2022-02-08 12:22:27',NULL,NULL,0),
(523,15,2,14,NULL,NULL,'Test Remark',1,1,10,'2022-02-08 12:22:29',11,'2022-02-08 13:09:48',0),
(524,15,2,15,1,NULL,NULL,1,1,10,'2022-02-08 12:22:29',NULL,NULL,0),
(525,15,2,16,1,NULL,NULL,1,1,10,'2022-02-08 12:22:30',NULL,NULL,0),
(526,15,2,17,1,NULL,NULL,1,1,10,'2022-02-08 12:22:30',NULL,NULL,0),
(527,15,2,18,1,NULL,NULL,1,1,10,'2022-02-08 12:22:32',NULL,NULL,0),
(528,15,2,19,1,NULL,NULL,1,1,10,'2022-02-08 12:22:33',NULL,NULL,0),
(529,15,2,20,1,NULL,NULL,1,1,10,'2022-02-08 12:22:34',NULL,NULL,0),
(530,15,2,21,1,NULL,NULL,1,1,10,'2022-02-08 12:22:34',NULL,NULL,0),
(531,15,2,22,1,NULL,NULL,1,1,10,'2022-02-08 12:22:36',NULL,NULL,0),
(532,15,2,23,1,NULL,NULL,1,1,10,'2022-02-08 12:22:37',NULL,NULL,0),
(533,15,2,24,1,NULL,NULL,1,1,10,'2022-02-08 12:22:39',NULL,NULL,0),
(534,15,2,25,1,NULL,NULL,1,1,10,'2022-02-08 12:22:44',NULL,NULL,0),
(535,15,2,26,1,NULL,NULL,1,1,10,'2022-02-08 12:22:46',NULL,NULL,0),
(536,15,2,27,1,NULL,NULL,1,1,10,'2022-02-08 12:22:47',NULL,NULL,0),
(537,15,2,28,1,NULL,NULL,1,1,10,'2022-02-08 12:22:48',NULL,NULL,0),
(538,15,2,29,1,NULL,NULL,1,1,10,'2022-02-08 12:22:48',NULL,NULL,0),
(539,15,2,30,1,NULL,NULL,1,1,10,'2022-02-08 12:22:49',NULL,NULL,0),
(540,15,2,31,1,NULL,NULL,1,1,10,'2022-02-08 12:22:51',NULL,NULL,0),
(541,15,2,32,1,NULL,NULL,1,1,10,'2022-02-08 12:22:51',NULL,NULL,0),
(542,15,2,34,1,NULL,NULL,1,1,10,'2022-02-08 12:22:53',NULL,NULL,0),
(543,15,2,35,1,NULL,NULL,1,1,10,'2022-02-08 12:22:53',NULL,NULL,0),
(544,15,2,36,1,NULL,NULL,1,1,10,'2022-02-08 12:22:55',NULL,NULL,0),
(545,15,2,39,1,NULL,NULL,1,1,10,'2022-02-08 12:22:56',NULL,NULL,0),
(546,15,2,43,1,NULL,NULL,1,1,10,'2022-02-08 12:22:58',NULL,NULL,0),
(547,15,3,46,1,NULL,NULL,1,1,10,'2022-02-08 12:23:00',11,'2022-02-08 15:20:28',0),
(548,15,3,47,1,11,NULL,1,1,10,'2022-02-08 12:23:01',11,'2022-02-08 15:20:29',0),
(549,15,3,48,1,NULL,NULL,1,1,10,'2022-02-08 12:23:02',11,'2022-02-08 15:20:30',0),
(550,15,3,49,1,NULL,NULL,1,1,10,'2022-02-08 12:23:03',11,'2022-02-08 15:20:31',0),
(551,15,3,50,1,11,NULL,1,1,10,'2022-02-08 12:23:48',11,'2022-02-08 15:20:33',0),
(552,15,3,51,1,11,NULL,1,1,10,'2022-02-08 12:23:48',11,'2022-02-08 15:20:34',0),
(553,15,3,55,1,NULL,NULL,1,1,10,'2022-02-08 12:23:49',11,'2022-02-08 15:20:34',0),
(554,15,3,56,1,11,NULL,1,1,10,'2022-02-08 12:23:50',11,'2022-02-08 15:20:36',0),
(555,15,3,57,1,11,NULL,1,1,10,'2022-02-08 12:23:51',11,'2022-02-08 15:20:38',0),
(556,15,3,58,1,NULL,NULL,1,1,10,'2022-02-08 12:23:53',11,'2022-02-08 15:20:40',0),
(557,15,3,59,1,NULL,NULL,1,1,10,'2022-02-08 12:23:53',11,'2022-02-08 15:20:41',0),
(558,15,3,60,1,11,NULL,1,1,10,'2022-02-08 12:23:54',11,'2022-02-08 15:20:42',0),
(559,15,3,61,1,NULL,NULL,1,1,10,'2022-02-08 12:23:55',11,'2022-02-08 15:20:44',0),
(560,15,3,62,1,NULL,NULL,1,1,10,'2022-02-08 12:23:56',11,'2022-02-08 15:20:45',0),
(561,15,3,63,1,11,NULL,1,1,10,'2022-02-08 12:23:57',11,'2022-02-08 15:20:46',0),
(562,15,3,66,1,NULL,NULL,1,1,10,'2022-02-08 12:23:58',11,'2022-02-08 15:20:49',0),
(563,15,3,67,1,11,NULL,1,1,10,'2022-02-08 12:24:00',11,'2022-02-08 15:20:50',0),
(564,15,4,72,1,NULL,NULL,1,1,10,'2022-02-08 12:24:02',NULL,NULL,0),
(565,15,4,74,1,NULL,NULL,1,1,10,'2022-02-08 12:24:03',NULL,NULL,0),
(566,15,4,75,1,NULL,NULL,1,1,10,'2022-02-08 12:24:05',NULL,NULL,0),
(567,15,4,76,1,NULL,NULL,1,1,10,'2022-02-08 12:24:06',NULL,NULL,0),
(568,15,4,77,1,NULL,NULL,1,1,10,'2022-02-08 12:24:07',NULL,NULL,0),
(569,15,4,78,1,NULL,NULL,1,1,10,'2022-02-08 12:24:08',NULL,NULL,0),
(570,15,4,73,1,NULL,NULL,1,1,10,'2022-02-08 12:24:09',NULL,NULL,0);

/*Table structure for table `optcl_application_form_field_status_history` */

DROP TABLE IF EXISTS `optcl_application_form_field_status_history`;

CREATE TABLE `optcl_application_form_field_status_history` (
  `id` int(11) NOT NULL AUTO_INCREMENT,
  `application_id` int(11) DEFAULT NULL,
  `employee_id` int(11) DEFAULT NULL,
  `employee_code` bigint(10) DEFAULT NULL,
  `aadhaar_no` bigint(12) DEFAULT NULL,
  `form_id` int(11) DEFAULT NULL,
  `field_id` int(11) DEFAULT NULL,
  `status_id` int(11) DEFAULT NULL,
  `nominee_id` int(11) DEFAULT NULL,
  `remarks` text DEFAULT NULL,
  `status` tinyint(1) DEFAULT 1,
  `created_by` int(11) DEFAULT NULL,
  `created_at` datetime DEFAULT NULL,
  `modified_by` int(11) DEFAULT NULL,
  `modified_at` datetime DEFAULT NULL,
  `deleted` tinyint(1) DEFAULT 0,
  PRIMARY KEY (`id`)
) ENGINE=InnoDB AUTO_INCREMENT=1469 DEFAULT CHARSET=utf8;

/*Data for the table `optcl_application_form_field_status_history` */

insert  into `optcl_application_form_field_status_history`(`id`,`application_id`,`employee_id`,`employee_code`,`aadhaar_no`,`form_id`,`field_id`,`status_id`,`nominee_id`,`remarks`,`status`,`created_by`,`created_at`,`modified_by`,`modified_at`,`deleted`) values 
(1,1,2,42610,123456789945,1,3,2,NULL,'test',1,10,'2022-01-12 17:15:52',NULL,NULL,0),
(2,1,2,42610,123456789945,1,4,2,NULL,'test',1,10,'2022-01-12 17:15:55',NULL,NULL,0),
(3,1,2,42610,123456789945,1,5,2,NULL,'test',1,10,'2022-01-12 17:16:00',NULL,NULL,0),
(4,1,2,42610,123456789945,1,6,2,NULL,'test',1,10,'2022-01-12 17:16:05',NULL,NULL,0),
(5,1,2,42610,123456789945,1,7,2,NULL,'test',1,10,'2022-01-12 17:16:11',NULL,NULL,0),
(6,1,2,42610,123456789945,1,8,2,NULL,'test',1,10,'2022-01-12 17:16:15',NULL,NULL,0),
(7,1,2,42610,123456789945,1,9,2,NULL,'test',1,10,'2022-01-12 17:16:20',NULL,NULL,0),
(8,1,2,42610,123456789945,1,79,2,NULL,'test',1,10,'2022-01-12 17:16:26',NULL,NULL,0),
(9,1,2,42610,123456789945,1,10,2,NULL,'test',1,10,'2022-01-12 17:16:30',NULL,NULL,0),
(10,1,2,42610,123456789945,1,11,2,NULL,'test',1,10,'2022-01-12 17:16:36',NULL,NULL,0),
(11,1,2,42610,123456789945,1,12,2,NULL,'test',1,10,'2022-01-12 17:16:44',NULL,NULL,0),
(12,1,2,42610,123456789945,1,13,2,NULL,'test',1,10,'2022-01-12 17:16:51',NULL,NULL,0),
(13,1,2,42610,123456789945,2,14,2,NULL,'test',1,10,'2022-01-12 17:17:00',NULL,NULL,0),
(14,1,2,42610,123456789945,2,15,2,NULL,'test',1,10,'2022-01-12 17:17:04',NULL,NULL,0),
(15,1,2,42610,123456789945,2,16,2,NULL,'test',1,10,'2022-01-12 17:17:12',NULL,NULL,0),
(16,1,2,42610,123456789945,2,17,2,NULL,'test',1,10,'2022-01-12 17:17:18',NULL,NULL,0),
(17,1,2,42610,123456789945,2,18,2,NULL,'test',1,10,'2022-01-12 17:17:22',NULL,NULL,0),
(18,1,2,42610,123456789945,2,19,2,NULL,'test',1,10,'2022-01-12 17:17:29',NULL,NULL,0),
(19,1,2,42610,123456789945,2,20,2,NULL,'test',1,10,'2022-01-12 17:17:34',NULL,NULL,0),
(20,1,2,42610,123456789945,2,21,2,NULL,'test',1,10,'2022-01-12 17:17:39',NULL,NULL,0),
(21,1,2,42610,123456789945,2,23,2,NULL,'test',1,10,'2022-01-12 17:17:44',NULL,NULL,0),
(22,1,2,42610,123456789945,2,22,2,NULL,'test',1,10,'2022-01-12 17:17:49',NULL,NULL,0),
(23,1,2,42610,123456789945,2,24,2,NULL,'test',1,10,'2022-01-12 17:19:25',NULL,NULL,0),
(24,1,2,42610,123456789945,2,25,2,NULL,'test',1,10,'2022-01-12 17:19:31',NULL,NULL,0),
(25,1,2,42610,123456789945,2,26,2,NULL,'test',1,10,'2022-01-12 17:19:35',NULL,NULL,0),
(26,1,2,42610,123456789945,2,27,2,NULL,'test',1,10,'2022-01-12 17:19:42',NULL,NULL,0),
(27,1,2,42610,123456789945,2,28,2,NULL,'test',1,10,'2022-01-12 17:19:53',NULL,NULL,0),
(28,1,2,42610,123456789945,2,29,2,NULL,'test',1,10,'2022-01-12 17:19:58',NULL,NULL,0),
(29,1,2,42610,123456789945,2,30,2,NULL,'test',1,10,'2022-01-12 17:20:05',NULL,NULL,0),
(30,1,2,42610,123456789945,2,31,2,NULL,'test',1,10,'2022-01-12 17:20:10',NULL,NULL,0),
(31,1,2,42610,123456789945,2,32,2,NULL,'test',1,10,'2022-01-12 17:20:16',NULL,NULL,0),
(32,1,2,42610,123456789945,2,34,2,NULL,'test',1,10,'2022-01-12 17:20:23',NULL,NULL,0),
(33,1,2,42610,123456789945,2,35,2,NULL,'test',1,10,'2022-01-12 17:20:27',NULL,NULL,0),
(34,1,2,42610,123456789945,2,36,2,NULL,'test',1,10,'2022-01-12 17:20:33',NULL,NULL,0),
(35,1,2,42610,123456789945,2,37,2,NULL,'test',1,10,'2022-01-12 17:21:02',NULL,NULL,0),
(36,1,2,42610,123456789945,2,38,2,NULL,'test',1,10,'2022-01-12 17:21:09',NULL,NULL,0),
(37,1,2,42610,123456789945,2,39,2,NULL,'test',1,10,'2022-01-12 17:21:15',NULL,NULL,0),
(38,1,2,42610,123456789945,2,41,2,NULL,'test',1,10,'2022-01-12 17:21:20',NULL,NULL,0),
(39,1,2,42610,123456789945,2,40,2,NULL,'test',1,10,'2022-01-12 17:21:25',NULL,NULL,0),
(40,1,2,42610,123456789945,2,42,2,NULL,'test',1,10,'2022-01-12 17:21:40',NULL,NULL,0),
(41,1,2,42610,123456789945,2,43,2,NULL,'test',1,10,'2022-01-12 17:21:46',NULL,NULL,0),
(42,1,2,42610,123456789945,2,44,2,NULL,'test',1,10,'2022-01-12 17:21:52',NULL,NULL,0),
(43,1,2,42610,123456789945,3,46,2,1,'test',1,10,'2022-01-12 17:22:06',NULL,NULL,0),
(44,1,2,42610,123456789945,3,47,2,1,'test',1,10,'2022-01-12 17:22:14',NULL,NULL,0),
(45,1,2,42610,123456789945,3,48,2,1,'test',1,10,'2022-01-12 17:22:18',NULL,NULL,0),
(46,1,2,42610,123456789945,3,49,2,1,'test',1,10,'2022-01-12 17:22:32',NULL,NULL,0),
(47,1,2,42610,123456789945,3,50,2,1,'test',1,10,'2022-01-12 17:22:40',NULL,NULL,0),
(48,1,2,42610,123456789945,3,51,2,1,'test',1,10,'2022-01-12 17:22:45',NULL,NULL,0),
(49,1,2,42610,123456789945,3,55,2,1,'test',1,10,'2022-01-12 17:22:50',NULL,NULL,0),
(50,1,2,42610,123456789945,3,56,2,1,'test',1,10,'2022-01-12 17:22:56',NULL,NULL,0),
(51,1,2,42610,123456789945,3,57,2,1,'test',1,10,'2022-01-12 17:23:02',NULL,NULL,0),
(52,1,2,42610,123456789945,4,72,2,NULL,'test',1,10,'2022-01-12 17:23:13',NULL,NULL,0),
(53,1,2,42610,123456789945,4,74,2,NULL,'test',1,10,'2022-01-12 17:23:19',NULL,NULL,0),
(54,1,2,42610,123456789945,4,75,2,NULL,'test',1,10,'2022-01-12 17:23:24',NULL,NULL,0),
(55,1,2,42610,123456789945,4,76,2,NULL,'test',1,10,'2022-01-12 17:23:29',NULL,NULL,0),
(56,1,2,42610,123456789945,4,77,2,NULL,'test',1,10,'2022-01-12 17:23:38',NULL,NULL,0),
(57,1,2,42610,123456789945,4,78,2,NULL,'test',1,10,'2022-01-12 17:23:43',NULL,NULL,0),
(58,1,2,42610,123456789945,4,73,2,NULL,'test',1,10,'2022-01-12 17:25:52',NULL,NULL,0),
(59,1,2,42610,123456789945,3,58,2,1,'test',1,10,'2022-01-12 17:25:59',NULL,NULL,0),
(60,1,2,42610,123456789945,3,59,2,1,'test',1,10,'2022-01-12 17:26:04',NULL,NULL,0),
(61,1,2,42610,123456789945,3,60,2,1,'test',1,10,'2022-01-12 17:26:09',NULL,NULL,0),
(62,1,2,42610,123456789945,3,61,2,1,'test',1,10,'2022-01-12 17:26:15',NULL,NULL,0),
(63,1,2,42610,123456789945,3,62,2,1,'test',1,10,'2022-01-12 17:26:22',NULL,NULL,0),
(64,1,2,42610,123456789945,3,63,2,1,'test',1,10,'2022-01-12 17:26:28',NULL,NULL,0),
(65,1,2,42610,123456789945,3,64,2,1,'test',1,10,'2022-01-12 17:26:34',NULL,NULL,0),
(66,1,2,42610,123456789945,3,65,2,1,'test',1,10,'2022-01-12 17:26:41',NULL,NULL,0),
(67,1,2,42610,123456789945,3,66,2,1,'test',1,10,'2022-01-12 17:26:46',NULL,NULL,0),
(68,1,2,42610,123456789945,3,67,2,1,'test',1,10,'2022-01-12 17:26:51',NULL,NULL,0),
(69,1,2,42610,123456789945,3,68,2,1,'test',1,10,'2022-01-12 17:26:56',NULL,NULL,0),
(70,1,2,42610,123456789945,3,69,2,1,'test',1,10,'2022-01-12 17:27:01',NULL,NULL,0),
(71,1,2,42610,123456789945,3,70,2,1,'test',1,10,'2022-01-12 17:27:08',NULL,NULL,0),
(72,1,2,42610,123456789945,3,71,2,1,'test',1,10,'2022-01-12 17:27:14',NULL,NULL,0),
(73,8,4,56586,787878787878,1,3,2,NULL,'testing',1,10,'2022-01-31 19:40:56',NULL,NULL,0),
(74,8,4,56586,787878787878,1,4,2,NULL,'testing',1,10,'2022-01-31 19:41:04',NULL,NULL,0),
(75,8,4,56586,787878787878,1,5,2,NULL,'erterter',1,10,'2022-01-31 19:41:06',NULL,NULL,0),
(76,8,4,56586,787878787878,1,6,2,NULL,'ertert',1,10,'2022-01-31 19:41:07',NULL,NULL,0),
(77,8,4,56586,787878787878,1,7,2,NULL,'ertertert',1,10,'2022-01-31 19:41:08',NULL,NULL,0),
(78,8,4,56586,787878787878,1,8,2,NULL,'ertert',1,10,'2022-01-31 19:41:08',NULL,NULL,0),
(79,8,4,56586,787878787878,1,9,2,NULL,'ertert',1,10,'2022-01-31 19:41:09',NULL,NULL,0),
(80,8,4,56586,787878787878,1,79,2,NULL,'ertert',1,10,'2022-01-31 19:41:32',NULL,NULL,0),
(81,8,4,56586,787878787878,1,10,2,NULL,'ertert',1,10,'2022-01-31 19:41:34',NULL,NULL,0),
(82,8,4,56586,787878787878,1,11,2,NULL,'ertertert',1,10,'2022-01-31 19:41:37',NULL,NULL,0),
(83,8,4,56586,787878787878,1,12,2,NULL,'ertert',1,10,'2022-01-31 19:41:41',NULL,NULL,0),
(84,8,4,56586,787878787878,1,13,2,NULL,'ertertert',1,10,'2022-01-31 19:41:44',NULL,NULL,0),
(85,8,4,56586,787878787878,2,14,2,NULL,'rtert',1,10,'2022-01-31 19:41:47',NULL,NULL,0),
(86,8,4,56586,787878787878,2,15,2,NULL,'ertertert',1,10,'2022-01-31 19:41:50',NULL,NULL,0),
(87,8,4,56586,787878787878,2,17,2,NULL,'erterter',1,10,'2022-01-31 19:41:53',NULL,NULL,0),
(88,8,4,56586,787878787878,2,16,2,NULL,'rtert',1,10,'2022-01-31 19:41:55',NULL,NULL,0),
(89,8,4,56586,787878787878,2,18,2,NULL,'ertert',1,10,'2022-01-31 19:41:58',NULL,NULL,0),
(90,8,4,56586,787878787878,2,19,2,NULL,'ertertert',1,10,'2022-01-31 19:42:02',NULL,NULL,0),
(91,8,4,56586,787878787878,2,20,2,NULL,'ertert',1,10,'2022-01-31 19:42:06',NULL,NULL,0),
(92,8,4,56586,787878787878,2,21,2,NULL,'retert',1,10,'2022-01-31 19:42:09',NULL,NULL,0),
(93,8,4,56586,787878787878,2,22,2,NULL,'ertertert',1,10,'2022-01-31 19:42:11',NULL,NULL,0),
(94,8,4,56586,787878787878,2,23,2,NULL,'ertertert',1,10,'2022-01-31 19:42:15',NULL,NULL,0),
(95,8,4,56586,787878787878,2,24,2,NULL,'ertertert',1,10,'2022-01-31 19:42:19',NULL,NULL,0),
(96,8,4,56586,787878787878,2,25,2,NULL,'ertert',1,10,'2022-01-31 19:42:22',NULL,NULL,0),
(97,8,4,56586,787878787878,2,26,2,NULL,'tertert',1,10,'2022-01-31 19:42:25',NULL,NULL,0),
(98,8,4,56586,787878787878,2,27,2,NULL,'ertertert',1,10,'2022-01-31 19:42:28',NULL,NULL,0),
(99,8,4,56586,787878787878,2,28,2,NULL,'ertert',1,10,'2022-01-31 19:42:32',NULL,NULL,0),
(100,8,4,56586,787878787878,2,29,2,NULL,'ertertert',1,10,'2022-01-31 19:42:34',NULL,NULL,0),
(101,8,4,56586,787878787878,2,30,2,NULL,'ertertert',1,10,'2022-01-31 19:42:37',NULL,NULL,0),
(102,8,4,56586,787878787878,2,31,2,NULL,'ertert',1,10,'2022-01-31 19:42:40',NULL,NULL,0),
(103,8,4,56586,787878787878,2,32,2,NULL,'ertert',1,10,'2022-01-31 19:42:44',NULL,NULL,0),
(104,8,4,56586,787878787878,2,34,2,NULL,'gdfgdfg',1,10,'2022-01-31 19:42:49',NULL,NULL,0),
(105,8,4,56586,787878787878,2,35,2,NULL,'fdgdfg',1,10,'2022-01-31 19:42:51',NULL,NULL,0),
(106,8,4,56586,787878787878,2,36,2,NULL,'dfgdfg',1,10,'2022-01-31 19:42:55',NULL,NULL,0),
(107,8,4,56586,787878787878,2,37,2,NULL,'dfgdfg',1,10,'2022-01-31 19:42:59',NULL,NULL,0),
(108,8,4,56586,787878787878,2,39,2,NULL,'dfgdfgg',1,10,'2022-01-31 19:43:04',NULL,NULL,0),
(109,8,4,56586,787878787878,2,38,2,NULL,'dfgdfg',1,10,'2022-01-31 19:43:08',NULL,NULL,0),
(110,8,4,56586,787878787878,2,40,2,NULL,'dfgdfg',1,10,'2022-01-31 19:43:11',NULL,NULL,0),
(111,8,4,56586,787878787878,2,41,2,NULL,'dfgdfg',1,10,'2022-01-31 19:43:13',NULL,NULL,0),
(112,8,4,56586,787878787878,2,42,2,NULL,'dfgdfg',1,10,'2022-01-31 19:43:15',NULL,NULL,0),
(113,8,4,56586,787878787878,2,43,2,NULL,'dfgdgdfg',1,10,'2022-01-31 19:43:18',NULL,NULL,0),
(114,8,4,56586,787878787878,2,44,2,NULL,'dfgdfgdfg',1,10,'2022-01-31 19:43:21',NULL,NULL,0),
(115,8,4,56586,787878787878,3,46,2,5,'dfgdfgdfg',1,10,'2022-01-31 19:43:25',NULL,NULL,0),
(116,8,4,56586,787878787878,3,47,2,5,'dfgdfgdfg',1,10,'2022-01-31 19:43:29',NULL,NULL,0),
(117,8,4,56586,787878787878,3,48,2,5,'dfgdfgdf',1,10,'2022-01-31 19:43:31',NULL,NULL,0),
(118,8,4,56586,787878787878,3,49,2,5,'dfgdfg',1,10,'2022-01-31 19:43:34',NULL,NULL,0),
(119,8,4,56586,787878787878,3,50,2,5,'dfgdfgdfg',1,10,'2022-01-31 19:43:37',NULL,NULL,0),
(120,8,4,56586,787878787878,3,51,2,5,'dfgdfg',1,10,'2022-01-31 19:43:39',NULL,NULL,0),
(121,8,4,56586,787878787878,3,55,2,5,'dfgdfg',1,10,'2022-01-31 19:43:43',NULL,NULL,0),
(122,8,4,56586,787878787878,3,56,2,5,'dfgdfg',1,10,'2022-01-31 19:43:46',NULL,NULL,0),
(123,8,4,56586,787878787878,3,57,2,5,'dfgdfgdf',1,10,'2022-01-31 19:43:48',NULL,NULL,0),
(124,8,4,56586,787878787878,3,58,2,5,'dfgdfg',1,10,'2022-01-31 19:43:51',NULL,NULL,0),
(125,8,4,56586,787878787878,3,59,2,5,'dfgdfgdf',1,10,'2022-01-31 19:43:54',NULL,NULL,0),
(126,8,4,56586,787878787878,3,60,2,5,'dfgdfg',1,10,'2022-01-31 19:43:57',NULL,NULL,0),
(127,8,4,56586,787878787878,3,61,2,5,'dfg',1,10,'2022-01-31 19:44:01',NULL,NULL,0),
(128,8,4,56586,787878787878,3,62,2,5,'dfgdfg',1,10,'2022-01-31 19:44:04',NULL,NULL,0),
(129,8,4,56586,787878787878,3,63,2,5,'dfgdfg',1,10,'2022-01-31 19:44:07',NULL,NULL,0),
(130,8,4,56586,787878787878,3,66,2,5,'fdgdfg',1,10,'2022-01-31 19:44:10',NULL,NULL,0),
(131,8,4,56586,787878787878,3,67,2,5,'dfgdfg',1,10,'2022-01-31 19:44:13',NULL,NULL,0),
(132,8,4,56586,787878787878,4,72,2,NULL,'dfgdfg',1,10,'2022-01-31 19:44:17',NULL,NULL,0),
(133,8,4,56586,787878787878,4,74,2,NULL,'dfgdfg',1,10,'2022-01-31 19:44:19',NULL,NULL,0),
(134,8,4,56586,787878787878,4,75,2,NULL,'dfgdfg',1,10,'2022-01-31 19:44:23',NULL,NULL,0),
(135,8,4,56586,787878787878,4,76,2,NULL,'dfgdfg',1,10,'2022-01-31 19:44:26',NULL,NULL,0),
(136,8,4,56586,787878787878,4,77,2,NULL,'dfgdfg',1,10,'2022-01-31 19:44:29',NULL,NULL,0),
(137,8,4,56586,787878787878,4,78,2,NULL,'dfgdfg',1,10,'2022-01-31 19:44:31',NULL,NULL,0),
(138,8,4,56586,787878787878,4,73,2,NULL,'dfgdfg',1,10,'2022-01-31 19:44:35',NULL,NULL,0),
(139,8,4,56586,787878787878,1,3,1,NULL,NULL,1,10,'2022-01-31 19:40:56',NULL,NULL,0),
(140,8,4,56586,787878787878,1,4,1,NULL,NULL,1,10,'2022-01-31 19:41:04',NULL,NULL,0),
(141,8,4,56586,787878787878,1,5,1,NULL,NULL,1,10,'2022-01-31 19:41:06',NULL,NULL,0),
(142,8,4,56586,787878787878,1,6,1,NULL,NULL,1,10,'2022-01-31 19:41:07',NULL,NULL,0),
(143,8,4,56586,787878787878,1,7,1,NULL,NULL,1,10,'2022-01-31 19:41:08',NULL,NULL,0),
(144,8,4,56586,787878787878,1,8,1,NULL,NULL,1,10,'2022-01-31 19:41:08',NULL,NULL,0),
(145,8,4,56586,787878787878,1,9,1,NULL,NULL,1,10,'2022-01-31 19:41:09',NULL,NULL,0),
(146,8,4,56586,787878787878,1,79,1,NULL,NULL,1,10,'2022-01-31 19:41:32',NULL,NULL,0),
(147,8,4,56586,787878787878,1,10,1,NULL,NULL,1,10,'2022-01-31 19:41:34',NULL,NULL,0),
(148,8,4,56586,787878787878,1,11,1,NULL,NULL,1,10,'2022-01-31 19:41:37',NULL,NULL,0),
(149,8,4,56586,787878787878,1,12,1,NULL,NULL,1,10,'2022-01-31 19:41:41',NULL,NULL,0),
(150,8,4,56586,787878787878,1,13,1,NULL,NULL,1,10,'2022-01-31 19:41:44',NULL,NULL,0),
(151,8,4,56586,787878787878,2,14,1,NULL,NULL,1,10,'2022-01-31 19:41:47',NULL,NULL,0),
(152,8,4,56586,787878787878,2,15,1,NULL,NULL,1,10,'2022-01-31 19:41:50',NULL,NULL,0),
(153,8,4,56586,787878787878,2,17,1,NULL,NULL,1,10,'2022-01-31 19:41:53',NULL,NULL,0),
(154,8,4,56586,787878787878,2,16,1,NULL,NULL,1,10,'2022-01-31 19:41:55',NULL,NULL,0),
(155,8,4,56586,787878787878,2,18,1,NULL,NULL,1,10,'2022-01-31 19:41:58',NULL,NULL,0),
(156,8,4,56586,787878787878,2,19,1,NULL,NULL,1,10,'2022-01-31 19:42:02',NULL,NULL,0),
(157,8,4,56586,787878787878,2,20,1,NULL,NULL,1,10,'2022-01-31 19:42:06',NULL,NULL,0),
(158,8,4,56586,787878787878,2,21,1,NULL,NULL,1,10,'2022-01-31 19:42:09',NULL,NULL,0),
(159,8,4,56586,787878787878,2,22,1,NULL,NULL,1,10,'2022-01-31 19:42:11',NULL,NULL,0),
(160,8,4,56586,787878787878,2,23,1,NULL,NULL,1,10,'2022-01-31 19:42:15',NULL,NULL,0),
(161,8,4,56586,787878787878,2,24,2,NULL,'fdgdfgd',1,10,'2022-01-31 19:42:19',NULL,NULL,0),
(162,8,4,56586,787878787878,2,25,2,NULL,'fdgdfg',1,10,'2022-01-31 19:42:22',NULL,NULL,0),
(163,8,4,56586,787878787878,2,26,1,NULL,NULL,1,10,'2022-01-31 19:42:25',NULL,NULL,0),
(164,8,4,56586,787878787878,2,27,1,NULL,NULL,1,10,'2022-01-31 19:42:28',NULL,NULL,0),
(165,8,4,56586,787878787878,2,28,1,NULL,NULL,1,10,'2022-01-31 19:42:32',NULL,NULL,0),
(166,8,4,56586,787878787878,2,29,1,NULL,NULL,1,10,'2022-01-31 19:42:34',NULL,NULL,0),
(167,8,4,56586,787878787878,2,30,1,NULL,NULL,1,10,'2022-01-31 19:42:37',NULL,NULL,0),
(168,8,4,56586,787878787878,2,31,1,NULL,NULL,1,10,'2022-01-31 19:42:40',NULL,NULL,0),
(169,8,4,56586,787878787878,2,32,1,NULL,NULL,1,10,'2022-01-31 19:42:44',NULL,NULL,0),
(170,8,4,56586,787878787878,2,34,1,NULL,NULL,1,10,'2022-01-31 19:42:49',NULL,NULL,0),
(171,8,4,56586,787878787878,2,35,1,NULL,NULL,1,10,'2022-01-31 19:42:51',NULL,NULL,0),
(172,8,4,56586,787878787878,2,36,1,NULL,NULL,1,10,'2022-01-31 19:42:55',NULL,NULL,0),
(173,8,4,56586,787878787878,2,37,1,NULL,NULL,1,10,'2022-01-31 19:42:59',NULL,NULL,0),
(174,8,4,56586,787878787878,2,39,1,NULL,NULL,1,10,'2022-01-31 19:43:04',NULL,NULL,0),
(175,8,4,56586,787878787878,2,38,1,NULL,NULL,1,10,'2022-01-31 19:43:08',NULL,NULL,0),
(176,8,4,56586,787878787878,2,40,1,NULL,NULL,1,10,'2022-01-31 19:43:11',NULL,NULL,0),
(177,8,4,56586,787878787878,2,41,1,NULL,NULL,1,10,'2022-01-31 19:43:13',NULL,NULL,0),
(178,8,4,56586,787878787878,2,42,1,NULL,NULL,1,10,'2022-01-31 19:43:15',NULL,NULL,0),
(179,8,4,56586,787878787878,2,43,1,NULL,NULL,1,10,'2022-01-31 19:43:18',NULL,NULL,0),
(180,8,4,56586,787878787878,2,44,1,NULL,NULL,1,10,'2022-01-31 19:43:21',NULL,NULL,0),
(181,8,4,56586,787878787878,3,46,2,5,'dsfsdf',1,10,'2022-01-31 19:43:25',NULL,NULL,0),
(182,8,4,56586,787878787878,3,47,1,5,NULL,1,10,'2022-01-31 19:43:29',NULL,NULL,0),
(183,8,4,56586,787878787878,3,48,1,5,NULL,1,10,'2022-01-31 19:43:31',NULL,NULL,0),
(184,8,4,56586,787878787878,3,49,1,5,NULL,1,10,'2022-01-31 19:43:34',NULL,NULL,0),
(185,8,4,56586,787878787878,3,50,1,5,NULL,1,10,'2022-01-31 19:43:37',NULL,NULL,0),
(186,8,4,56586,787878787878,3,51,1,5,NULL,1,10,'2022-01-31 19:43:39',NULL,NULL,0),
(187,8,4,56586,787878787878,3,55,1,5,NULL,1,10,'2022-01-31 19:43:43',NULL,NULL,0),
(188,8,4,56586,787878787878,3,56,1,5,NULL,1,10,'2022-01-31 19:43:46',NULL,NULL,0),
(189,8,4,56586,787878787878,3,57,1,5,NULL,1,10,'2022-01-31 19:43:48',NULL,NULL,0),
(190,8,4,56586,787878787878,3,58,1,5,NULL,1,10,'2022-01-31 19:43:51',NULL,NULL,0),
(191,8,4,56586,787878787878,3,59,1,5,NULL,1,10,'2022-01-31 19:43:54',NULL,NULL,0),
(192,8,4,56586,787878787878,3,60,1,5,NULL,1,10,'2022-01-31 19:43:57',NULL,NULL,0),
(193,8,4,56586,787878787878,3,61,1,5,NULL,1,10,'2022-01-31 19:44:01',NULL,NULL,0),
(194,8,4,56586,787878787878,3,62,1,5,NULL,1,10,'2022-01-31 19:44:04',NULL,NULL,0),
(195,8,4,56586,787878787878,3,63,1,5,NULL,1,10,'2022-01-31 19:44:07',NULL,NULL,0),
(196,8,4,56586,787878787878,3,66,1,5,NULL,1,10,'2022-01-31 19:44:10',NULL,NULL,0),
(197,8,4,56586,787878787878,3,67,1,5,NULL,1,10,'2022-01-31 19:44:13',NULL,NULL,0),
(198,8,4,56586,787878787878,4,72,1,NULL,NULL,1,10,'2022-01-31 19:44:17',NULL,NULL,0),
(199,8,4,56586,787878787878,4,74,1,NULL,NULL,1,10,'2022-01-31 19:44:19',NULL,NULL,0),
(200,8,4,56586,787878787878,4,75,1,NULL,NULL,1,10,'2022-01-31 19:44:23',NULL,NULL,0),
(201,8,4,56586,787878787878,4,76,1,NULL,NULL,1,10,'2022-01-31 19:44:26',NULL,NULL,0),
(202,8,4,56586,787878787878,4,77,1,NULL,NULL,1,10,'2022-01-31 19:44:29',NULL,NULL,0),
(203,8,4,56586,787878787878,4,78,1,NULL,NULL,1,10,'2022-01-31 19:44:31',NULL,NULL,0),
(204,8,4,56586,787878787878,4,73,1,NULL,NULL,1,10,'2022-01-31 19:44:35',NULL,NULL,0),
(205,8,4,56586,787878787878,1,3,1,NULL,NULL,1,10,'2022-01-31 19:40:56',NULL,NULL,0),
(206,8,4,56586,787878787878,1,4,1,NULL,NULL,1,10,'2022-01-31 19:41:04',NULL,NULL,0),
(207,8,4,56586,787878787878,1,5,1,NULL,NULL,1,10,'2022-01-31 19:41:06',NULL,NULL,0),
(208,8,4,56586,787878787878,1,6,1,NULL,NULL,1,10,'2022-01-31 19:41:07',NULL,NULL,0),
(209,8,4,56586,787878787878,1,7,1,NULL,NULL,1,10,'2022-01-31 19:41:08',NULL,NULL,0),
(210,8,4,56586,787878787878,1,8,1,NULL,NULL,1,10,'2022-01-31 19:41:08',NULL,NULL,0),
(211,8,4,56586,787878787878,1,9,1,NULL,NULL,1,10,'2022-01-31 19:41:09',NULL,NULL,0),
(212,8,4,56586,787878787878,1,79,1,NULL,NULL,1,10,'2022-01-31 19:41:32',NULL,NULL,0),
(213,8,4,56586,787878787878,1,10,1,NULL,NULL,1,10,'2022-01-31 19:41:34',NULL,NULL,0),
(214,8,4,56586,787878787878,1,11,1,NULL,NULL,1,10,'2022-01-31 19:41:37',NULL,NULL,0),
(215,8,4,56586,787878787878,1,12,1,NULL,NULL,1,10,'2022-01-31 19:41:41',NULL,NULL,0),
(216,8,4,56586,787878787878,1,13,1,NULL,NULL,1,10,'2022-01-31 19:41:44',NULL,NULL,0),
(217,8,4,56586,787878787878,2,14,1,NULL,NULL,1,10,'2022-01-31 19:41:47',NULL,NULL,0),
(218,8,4,56586,787878787878,2,15,1,NULL,NULL,1,10,'2022-01-31 19:41:50',NULL,NULL,0),
(219,8,4,56586,787878787878,2,17,1,NULL,NULL,1,10,'2022-01-31 19:41:53',NULL,NULL,0),
(220,8,4,56586,787878787878,2,16,1,NULL,NULL,1,10,'2022-01-31 19:41:55',NULL,NULL,0),
(221,8,4,56586,787878787878,2,18,1,NULL,NULL,1,10,'2022-01-31 19:41:58',NULL,NULL,0),
(222,8,4,56586,787878787878,2,19,1,NULL,NULL,1,10,'2022-01-31 19:42:02',NULL,NULL,0),
(223,8,4,56586,787878787878,2,20,1,NULL,NULL,1,10,'2022-01-31 19:42:06',NULL,NULL,0),
(224,8,4,56586,787878787878,2,21,1,NULL,NULL,1,10,'2022-01-31 19:42:09',NULL,NULL,0),
(225,8,4,56586,787878787878,2,22,1,NULL,NULL,1,10,'2022-01-31 19:42:11',NULL,NULL,0),
(226,8,4,56586,787878787878,2,23,1,NULL,NULL,1,10,'2022-01-31 19:42:15',NULL,NULL,0),
(227,8,4,56586,787878787878,2,24,1,NULL,NULL,1,10,'2022-01-31 19:42:19',NULL,NULL,0),
(228,8,4,56586,787878787878,2,25,1,NULL,NULL,1,10,'2022-01-31 19:42:22',NULL,NULL,0),
(229,8,4,56586,787878787878,2,26,1,NULL,NULL,1,10,'2022-01-31 19:42:25',NULL,NULL,0),
(230,8,4,56586,787878787878,2,27,1,NULL,NULL,1,10,'2022-01-31 19:42:28',NULL,NULL,0),
(231,8,4,56586,787878787878,2,28,1,NULL,NULL,1,10,'2022-01-31 19:42:32',NULL,NULL,0),
(232,8,4,56586,787878787878,2,29,1,NULL,NULL,1,10,'2022-01-31 19:42:34',NULL,NULL,0),
(233,8,4,56586,787878787878,2,30,1,NULL,NULL,1,10,'2022-01-31 19:42:37',NULL,NULL,0),
(234,8,4,56586,787878787878,2,31,1,NULL,NULL,1,10,'2022-01-31 19:42:40',NULL,NULL,0),
(235,8,4,56586,787878787878,2,32,1,NULL,NULL,1,10,'2022-01-31 19:42:44',NULL,NULL,0),
(236,8,4,56586,787878787878,2,34,2,NULL,'rrrrr',1,10,'2022-01-31 19:42:49',NULL,NULL,0),
(237,8,4,56586,787878787878,2,35,2,NULL,'rrrrrr',1,10,'2022-01-31 19:42:51',NULL,NULL,0),
(238,8,4,56586,787878787878,2,36,1,NULL,NULL,1,10,'2022-01-31 19:42:55',NULL,NULL,0),
(239,8,4,56586,787878787878,2,37,1,NULL,NULL,1,10,'2022-01-31 19:42:59',NULL,NULL,0),
(240,8,4,56586,787878787878,2,39,1,NULL,NULL,1,10,'2022-01-31 19:43:04',NULL,NULL,0),
(241,8,4,56586,787878787878,2,38,1,NULL,NULL,1,10,'2022-01-31 19:43:08',NULL,NULL,0),
(242,8,4,56586,787878787878,2,40,1,NULL,NULL,1,10,'2022-01-31 19:43:11',NULL,NULL,0),
(243,8,4,56586,787878787878,2,41,1,NULL,NULL,1,10,'2022-01-31 19:43:13',NULL,NULL,0),
(244,8,4,56586,787878787878,2,42,1,NULL,NULL,1,10,'2022-01-31 19:43:15',NULL,NULL,0),
(245,8,4,56586,787878787878,2,43,1,NULL,NULL,1,10,'2022-01-31 19:43:18',NULL,NULL,0),
(246,8,4,56586,787878787878,2,44,1,NULL,NULL,1,10,'2022-01-31 19:43:21',NULL,NULL,0),
(247,8,4,56586,787878787878,3,46,1,5,NULL,1,10,'2022-01-31 19:43:25',NULL,NULL,0),
(248,8,4,56586,787878787878,3,47,1,5,NULL,1,10,'2022-01-31 19:43:29',NULL,NULL,0),
(249,8,4,56586,787878787878,3,48,1,5,NULL,1,10,'2022-01-31 19:43:31',NULL,NULL,0),
(250,8,4,56586,787878787878,3,49,1,5,NULL,1,10,'2022-01-31 19:43:34',NULL,NULL,0),
(251,8,4,56586,787878787878,3,50,1,5,NULL,1,10,'2022-01-31 19:43:37',NULL,NULL,0),
(252,8,4,56586,787878787878,3,51,1,5,NULL,1,10,'2022-01-31 19:43:39',NULL,NULL,0),
(253,8,4,56586,787878787878,3,55,1,5,NULL,1,10,'2022-01-31 19:43:43',NULL,NULL,0),
(254,8,4,56586,787878787878,3,56,1,5,NULL,1,10,'2022-01-31 19:43:46',NULL,NULL,0),
(255,8,4,56586,787878787878,3,57,1,5,NULL,1,10,'2022-01-31 19:43:48',NULL,NULL,0),
(256,8,4,56586,787878787878,3,58,1,5,NULL,1,10,'2022-01-31 19:43:51',NULL,NULL,0),
(257,8,4,56586,787878787878,3,59,1,5,NULL,1,10,'2022-01-31 19:43:54',NULL,NULL,0),
(258,8,4,56586,787878787878,3,60,1,5,NULL,1,10,'2022-01-31 19:43:57',NULL,NULL,0),
(259,8,4,56586,787878787878,3,61,1,5,NULL,1,10,'2022-01-31 19:44:01',NULL,NULL,0),
(260,8,4,56586,787878787878,3,62,1,5,NULL,1,10,'2022-01-31 19:44:04',NULL,NULL,0),
(261,8,4,56586,787878787878,3,63,1,5,NULL,1,10,'2022-01-31 19:44:07',NULL,NULL,0),
(262,8,4,56586,787878787878,3,66,1,5,NULL,1,10,'2022-01-31 19:44:10',NULL,NULL,0),
(263,8,4,56586,787878787878,3,67,1,5,NULL,1,10,'2022-01-31 19:44:13',NULL,NULL,0),
(264,8,4,56586,787878787878,4,72,1,NULL,NULL,1,10,'2022-01-31 19:44:17',NULL,NULL,0),
(265,8,4,56586,787878787878,4,74,1,NULL,NULL,1,10,'2022-01-31 19:44:19',NULL,NULL,0),
(266,8,4,56586,787878787878,4,75,1,NULL,NULL,1,10,'2022-01-31 19:44:23',NULL,NULL,0),
(267,8,4,56586,787878787878,4,76,1,NULL,NULL,1,10,'2022-01-31 19:44:26',NULL,NULL,0),
(268,8,4,56586,787878787878,4,77,1,NULL,NULL,1,10,'2022-01-31 19:44:29',NULL,NULL,0),
(269,8,4,56586,787878787878,4,78,1,NULL,NULL,1,10,'2022-01-31 19:44:31',NULL,NULL,0),
(270,8,4,56586,787878787878,4,73,1,NULL,NULL,1,10,'2022-01-31 19:44:35',NULL,NULL,0),
(271,8,4,56586,787878787878,1,3,1,NULL,NULL,1,10,'2022-01-31 19:40:56',NULL,NULL,0),
(272,8,4,56586,787878787878,1,4,1,NULL,NULL,1,10,'2022-01-31 19:41:04',NULL,NULL,0),
(273,8,4,56586,787878787878,1,5,1,NULL,NULL,1,10,'2022-01-31 19:41:06',NULL,NULL,0),
(274,8,4,56586,787878787878,1,6,1,NULL,NULL,1,10,'2022-01-31 19:41:07',NULL,NULL,0),
(275,8,4,56586,787878787878,1,7,1,NULL,NULL,1,10,'2022-01-31 19:41:08',NULL,NULL,0),
(276,8,4,56586,787878787878,1,8,1,NULL,NULL,1,10,'2022-01-31 19:41:08',NULL,NULL,0),
(277,8,4,56586,787878787878,1,9,1,NULL,NULL,1,10,'2022-01-31 19:41:09',NULL,NULL,0),
(278,8,4,56586,787878787878,1,79,1,NULL,NULL,1,10,'2022-01-31 19:41:32',NULL,NULL,0),
(279,8,4,56586,787878787878,1,10,1,NULL,NULL,1,10,'2022-01-31 19:41:34',NULL,NULL,0),
(280,8,4,56586,787878787878,1,11,1,NULL,NULL,1,10,'2022-01-31 19:41:37',NULL,NULL,0),
(281,8,4,56586,787878787878,1,12,1,NULL,NULL,1,10,'2022-01-31 19:41:41',NULL,NULL,0),
(282,8,4,56586,787878787878,1,13,1,NULL,NULL,1,10,'2022-01-31 19:41:44',NULL,NULL,0),
(283,8,4,56586,787878787878,2,14,1,NULL,NULL,1,10,'2022-01-31 19:41:47',NULL,NULL,0),
(284,8,4,56586,787878787878,2,15,1,NULL,NULL,1,10,'2022-01-31 19:41:50',NULL,NULL,0),
(285,8,4,56586,787878787878,2,17,1,NULL,NULL,1,10,'2022-01-31 19:41:53',NULL,NULL,0),
(286,8,4,56586,787878787878,2,16,1,NULL,NULL,1,10,'2022-01-31 19:41:55',NULL,NULL,0),
(287,8,4,56586,787878787878,2,18,1,NULL,NULL,1,10,'2022-01-31 19:41:58',NULL,NULL,0),
(288,8,4,56586,787878787878,2,19,1,NULL,NULL,1,10,'2022-01-31 19:42:02',NULL,NULL,0),
(289,8,4,56586,787878787878,2,20,1,NULL,NULL,1,10,'2022-01-31 19:42:06',NULL,NULL,0),
(290,8,4,56586,787878787878,2,21,1,NULL,NULL,1,10,'2022-01-31 19:42:09',NULL,NULL,0),
(291,8,4,56586,787878787878,2,22,1,NULL,NULL,1,10,'2022-01-31 19:42:11',NULL,NULL,0),
(292,8,4,56586,787878787878,2,23,1,NULL,NULL,1,10,'2022-01-31 19:42:15',NULL,NULL,0),
(293,8,4,56586,787878787878,2,24,1,NULL,NULL,1,10,'2022-01-31 19:42:19',NULL,NULL,0),
(294,8,4,56586,787878787878,2,25,1,NULL,NULL,1,10,'2022-01-31 19:42:22',NULL,NULL,0),
(295,8,4,56586,787878787878,2,26,1,NULL,NULL,1,10,'2022-01-31 19:42:25',NULL,NULL,0),
(296,8,4,56586,787878787878,2,27,1,NULL,NULL,1,10,'2022-01-31 19:42:28',NULL,NULL,0),
(297,8,4,56586,787878787878,2,28,1,NULL,NULL,1,10,'2022-01-31 19:42:32',NULL,NULL,0),
(298,8,4,56586,787878787878,2,29,1,NULL,NULL,1,10,'2022-01-31 19:42:34',NULL,NULL,0),
(299,8,4,56586,787878787878,2,30,1,NULL,NULL,1,10,'2022-01-31 19:42:37',NULL,NULL,0),
(300,8,4,56586,787878787878,2,31,1,NULL,NULL,1,10,'2022-01-31 19:42:40',NULL,NULL,0),
(301,8,4,56586,787878787878,2,32,1,NULL,NULL,1,10,'2022-01-31 19:42:44',NULL,NULL,0),
(302,8,4,56586,787878787878,2,34,1,NULL,NULL,1,10,'2022-01-31 19:42:49',NULL,NULL,0),
(303,8,4,56586,787878787878,2,35,1,NULL,NULL,1,10,'2022-01-31 19:42:51',NULL,NULL,0),
(304,8,4,56586,787878787878,2,36,1,NULL,NULL,1,10,'2022-01-31 19:42:55',NULL,NULL,0),
(305,8,4,56586,787878787878,2,37,1,NULL,NULL,1,10,'2022-01-31 19:42:59',NULL,NULL,0),
(306,8,4,56586,787878787878,2,39,1,NULL,NULL,1,10,'2022-01-31 19:43:04',NULL,NULL,0),
(307,8,4,56586,787878787878,2,38,1,NULL,NULL,1,10,'2022-01-31 19:43:08',NULL,NULL,0),
(308,8,4,56586,787878787878,2,40,1,NULL,NULL,1,10,'2022-01-31 19:43:11',NULL,NULL,0),
(309,8,4,56586,787878787878,2,41,1,NULL,NULL,1,10,'2022-01-31 19:43:13',NULL,NULL,0),
(310,8,4,56586,787878787878,2,42,1,NULL,NULL,1,10,'2022-01-31 19:43:15',NULL,NULL,0),
(311,8,4,56586,787878787878,2,43,1,NULL,NULL,1,10,'2022-01-31 19:43:18',NULL,NULL,0),
(312,8,4,56586,787878787878,2,44,1,NULL,NULL,1,10,'2022-01-31 19:43:21',NULL,NULL,0),
(313,8,4,56586,787878787878,3,46,1,5,NULL,1,10,'2022-01-31 19:43:25',NULL,NULL,0),
(314,8,4,56586,787878787878,3,47,1,5,NULL,1,10,'2022-01-31 19:43:29',NULL,NULL,0),
(315,8,4,56586,787878787878,3,48,1,5,NULL,1,10,'2022-01-31 19:43:31',NULL,NULL,0),
(316,8,4,56586,787878787878,3,49,1,5,NULL,1,10,'2022-01-31 19:43:34',NULL,NULL,0),
(317,8,4,56586,787878787878,3,50,1,5,NULL,1,10,'2022-01-31 19:43:37',NULL,NULL,0),
(318,8,4,56586,787878787878,3,51,1,5,NULL,1,10,'2022-01-31 19:43:39',NULL,NULL,0),
(319,8,4,56586,787878787878,3,55,1,5,NULL,1,10,'2022-01-31 19:43:43',NULL,NULL,0),
(320,8,4,56586,787878787878,3,56,1,5,NULL,1,10,'2022-01-31 19:43:46',NULL,NULL,0),
(321,8,4,56586,787878787878,3,57,1,5,NULL,1,10,'2022-01-31 19:43:48',NULL,NULL,0),
(322,8,4,56586,787878787878,3,58,1,5,NULL,1,10,'2022-01-31 19:43:51',NULL,NULL,0),
(323,8,4,56586,787878787878,3,59,1,5,NULL,1,10,'2022-01-31 19:43:54',NULL,NULL,0),
(324,8,4,56586,787878787878,3,60,1,5,NULL,1,10,'2022-01-31 19:43:57',NULL,NULL,0),
(325,8,4,56586,787878787878,3,61,1,5,NULL,1,10,'2022-01-31 19:44:01',NULL,NULL,0),
(326,8,4,56586,787878787878,3,62,1,5,NULL,1,10,'2022-01-31 19:44:04',NULL,NULL,0),
(327,8,4,56586,787878787878,3,63,1,5,NULL,1,10,'2022-01-31 19:44:07',NULL,NULL,0),
(328,8,4,56586,787878787878,3,66,1,5,NULL,1,10,'2022-01-31 19:44:10',NULL,NULL,0),
(329,8,4,56586,787878787878,3,67,1,5,NULL,1,10,'2022-01-31 19:44:13',NULL,NULL,0),
(330,8,4,56586,787878787878,4,72,1,NULL,NULL,1,10,'2022-01-31 19:44:17',NULL,NULL,0),
(331,8,4,56586,787878787878,4,74,1,NULL,NULL,1,10,'2022-01-31 19:44:19',NULL,NULL,0),
(332,8,4,56586,787878787878,4,75,1,NULL,NULL,1,10,'2022-01-31 19:44:23',NULL,NULL,0),
(333,8,4,56586,787878787878,4,76,1,NULL,NULL,1,10,'2022-01-31 19:44:26',NULL,NULL,0),
(334,8,4,56586,787878787878,4,77,1,NULL,NULL,1,10,'2022-01-31 19:44:29',NULL,NULL,0),
(335,8,4,56586,787878787878,4,78,1,NULL,NULL,1,10,'2022-01-31 19:44:31',NULL,NULL,0),
(336,8,4,56586,787878787878,4,73,1,NULL,NULL,1,10,'2022-01-31 19:44:35',NULL,NULL,0),
(337,9,5,42612,123456789947,1,7,2,NULL,'dfsdf',1,10,'2022-02-01 12:44:58',NULL,NULL,0),
(338,9,5,42612,123456789947,1,6,2,NULL,'sdfsdf',1,10,'2022-02-01 12:45:00',NULL,NULL,0),
(339,9,5,42612,123456789947,1,8,2,NULL,'cvbcvbcv',1,10,'2022-02-01 12:45:07',NULL,NULL,0),
(340,9,5,42612,123456789947,1,9,1,NULL,NULL,1,10,'2022-02-01 12:45:08',NULL,NULL,0),
(341,9,5,42612,123456789947,1,79,1,NULL,NULL,1,10,'2022-02-01 12:45:10',NULL,NULL,0),
(342,9,5,42612,123456789947,1,10,1,NULL,NULL,1,10,'2022-02-01 12:45:11',NULL,NULL,0),
(343,9,5,42612,123456789947,1,11,1,NULL,NULL,1,10,'2022-02-01 12:45:11',NULL,NULL,0),
(344,9,5,42612,123456789947,1,12,1,NULL,NULL,1,10,'2022-02-01 12:45:12',NULL,NULL,0),
(345,9,5,42612,123456789947,1,13,1,NULL,NULL,1,10,'2022-02-01 12:45:13',NULL,NULL,0),
(346,9,5,42612,123456789947,2,14,1,NULL,NULL,1,10,'2022-02-01 12:45:14',NULL,NULL,0),
(347,9,5,42612,123456789947,2,15,1,NULL,NULL,1,10,'2022-02-01 12:45:14',NULL,NULL,0),
(348,9,5,42612,123456789947,2,16,1,NULL,NULL,1,10,'2022-02-01 12:45:15',NULL,NULL,0),
(349,9,5,42612,123456789947,2,17,1,NULL,NULL,1,10,'2022-02-01 12:45:16',NULL,NULL,0),
(350,9,5,42612,123456789947,2,18,1,NULL,NULL,1,10,'2022-02-01 12:45:17',NULL,NULL,0),
(351,9,5,42612,123456789947,2,19,1,NULL,NULL,1,10,'2022-02-01 12:45:18',NULL,NULL,0),
(352,9,5,42612,123456789947,2,20,1,NULL,NULL,1,10,'2022-02-01 12:45:20',NULL,NULL,0),
(353,9,5,42612,123456789947,2,21,1,NULL,NULL,1,10,'2022-02-01 12:45:20',NULL,NULL,0),
(354,9,5,42612,123456789947,2,22,1,NULL,NULL,1,10,'2022-02-01 12:45:21',NULL,NULL,0),
(355,9,5,42612,123456789947,2,23,1,NULL,NULL,1,10,'2022-02-01 12:45:23',NULL,NULL,0),
(356,9,5,42612,123456789947,2,24,1,NULL,NULL,1,10,'2022-02-01 12:45:24',NULL,NULL,0),
(357,9,5,42612,123456789947,2,25,1,NULL,NULL,1,10,'2022-02-01 12:45:24',NULL,NULL,0),
(358,9,5,42612,123456789947,2,26,1,NULL,NULL,1,10,'2022-02-01 12:45:25',NULL,NULL,0),
(359,9,5,42612,123456789947,2,28,1,NULL,NULL,1,10,'2022-02-01 12:45:26',NULL,NULL,0),
(360,9,5,42612,123456789947,2,27,1,NULL,NULL,1,10,'2022-02-01 12:45:27',NULL,NULL,0),
(361,9,5,42612,123456789947,2,29,1,NULL,NULL,1,10,'2022-02-01 12:45:28',NULL,NULL,0),
(362,9,5,42612,123456789947,2,30,1,NULL,NULL,1,10,'2022-02-01 12:45:28',NULL,NULL,0),
(363,9,5,42612,123456789947,2,31,1,NULL,NULL,1,10,'2022-02-01 12:45:30',NULL,NULL,0),
(364,9,5,42612,123456789947,2,32,1,NULL,NULL,1,10,'2022-02-01 12:45:31',NULL,NULL,0),
(365,9,5,42612,123456789947,2,34,1,NULL,NULL,1,10,'2022-02-01 12:45:32',NULL,NULL,0),
(366,9,5,42612,123456789947,2,35,1,NULL,NULL,1,10,'2022-02-01 12:45:34',NULL,NULL,0),
(367,9,5,42612,123456789947,2,36,1,NULL,NULL,1,10,'2022-02-01 12:45:35',NULL,NULL,0),
(368,9,5,42612,123456789947,2,37,1,NULL,NULL,1,10,'2022-02-01 12:45:36',NULL,NULL,0),
(369,9,5,42612,123456789947,2,38,1,NULL,NULL,1,10,'2022-02-01 12:45:38',NULL,NULL,0),
(370,9,5,42612,123456789947,2,39,1,NULL,NULL,1,10,'2022-02-01 12:45:38',NULL,NULL,0),
(371,9,5,42612,123456789947,2,40,1,NULL,NULL,1,10,'2022-02-01 12:45:39',NULL,NULL,0),
(372,9,5,42612,123456789947,2,41,1,NULL,NULL,1,10,'2022-02-01 12:45:40',NULL,NULL,0),
(373,9,5,42612,123456789947,2,42,1,NULL,NULL,1,10,'2022-02-01 12:45:40',NULL,NULL,0),
(374,9,5,42612,123456789947,2,43,1,NULL,NULL,1,10,'2022-02-01 12:45:41',NULL,NULL,0),
(375,9,5,42612,123456789947,2,44,1,NULL,NULL,1,10,'2022-02-01 12:45:42',NULL,NULL,0),
(376,9,5,42612,123456789947,3,46,1,6,NULL,1,10,'2022-02-01 12:45:44',NULL,NULL,0),
(377,9,5,42612,123456789947,3,47,1,6,NULL,1,10,'2022-02-01 12:45:45',NULL,NULL,0),
(378,9,5,42612,123456789947,3,48,1,6,NULL,1,10,'2022-02-01 12:45:45',NULL,NULL,0),
(379,9,5,42612,123456789947,3,49,1,6,NULL,1,10,'2022-02-01 12:45:46',NULL,NULL,0),
(380,9,5,42612,123456789947,3,50,1,6,NULL,1,10,'2022-02-01 12:45:47',NULL,NULL,0),
(381,9,5,42612,123456789947,3,51,1,6,NULL,1,10,'2022-02-01 12:45:47',NULL,NULL,0),
(382,9,5,42612,123456789947,3,55,1,6,NULL,1,10,'2022-02-01 12:45:48',NULL,NULL,0),
(383,9,5,42612,123456789947,3,56,1,6,NULL,1,10,'2022-02-01 12:45:51',NULL,NULL,0),
(384,9,5,42612,123456789947,3,57,1,6,NULL,1,10,'2022-02-01 12:45:51',NULL,NULL,0),
(385,9,5,42612,123456789947,3,58,1,6,NULL,1,10,'2022-02-01 12:45:53',NULL,NULL,0),
(386,9,5,42612,123456789947,3,59,1,6,NULL,1,10,'2022-02-01 12:45:54',NULL,NULL,0),
(387,9,5,42612,123456789947,3,60,1,6,NULL,1,10,'2022-02-01 12:45:55',NULL,NULL,0),
(388,9,5,42612,123456789947,3,61,1,6,NULL,1,10,'2022-02-01 12:45:56',NULL,NULL,0),
(389,9,5,42612,123456789947,3,62,1,6,NULL,1,10,'2022-02-01 12:45:58',NULL,NULL,0),
(390,9,5,42612,123456789947,3,63,1,6,NULL,1,10,'2022-02-01 12:45:58',NULL,NULL,0),
(391,9,5,42612,123456789947,3,66,1,6,NULL,1,10,'2022-02-01 12:45:59',NULL,NULL,0),
(392,9,5,42612,123456789947,3,67,1,6,NULL,1,10,'2022-02-01 12:46:00',NULL,NULL,0),
(393,9,5,42612,123456789947,4,72,1,NULL,NULL,1,10,'2022-02-01 12:46:01',NULL,NULL,0),
(394,9,5,42612,123456789947,4,75,1,NULL,NULL,1,10,'2022-02-01 12:46:03',NULL,NULL,0),
(395,9,5,42612,123456789947,4,76,1,NULL,NULL,1,10,'2022-02-01 12:46:03',NULL,NULL,0),
(396,9,5,42612,123456789947,4,77,1,NULL,NULL,1,10,'2022-02-01 12:46:05',NULL,NULL,0),
(397,9,5,42612,123456789947,4,78,1,NULL,NULL,1,10,'2022-02-01 12:46:06',NULL,NULL,0),
(398,9,5,42612,123456789947,4,73,1,NULL,NULL,1,10,'2022-02-01 12:46:07',NULL,NULL,0),
(399,9,5,42612,123456789947,1,7,1,NULL,NULL,1,10,'2022-02-01 12:44:58',NULL,NULL,0),
(400,9,5,42612,123456789947,1,6,1,NULL,NULL,1,10,'2022-02-01 12:45:00',NULL,NULL,0),
(401,9,5,42612,123456789947,1,8,1,NULL,NULL,1,10,'2022-02-01 12:45:07',NULL,NULL,0),
(402,9,5,42612,123456789947,1,9,1,NULL,NULL,1,10,'2022-02-01 12:45:08',NULL,NULL,0),
(403,9,5,42612,123456789947,1,79,1,NULL,NULL,1,10,'2022-02-01 12:45:10',NULL,NULL,0),
(404,9,5,42612,123456789947,1,10,1,NULL,NULL,1,10,'2022-02-01 12:45:11',NULL,NULL,0),
(405,9,5,42612,123456789947,1,11,1,NULL,NULL,1,10,'2022-02-01 12:45:11',NULL,NULL,0),
(406,9,5,42612,123456789947,1,12,1,NULL,NULL,1,10,'2022-02-01 12:45:12',NULL,NULL,0),
(407,9,5,42612,123456789947,1,13,1,NULL,NULL,1,10,'2022-02-01 12:45:13',NULL,NULL,0),
(408,9,5,42612,123456789947,2,14,1,NULL,NULL,1,10,'2022-02-01 12:45:14',NULL,NULL,0),
(409,9,5,42612,123456789947,2,15,1,NULL,NULL,1,10,'2022-02-01 12:45:14',NULL,NULL,0),
(410,9,5,42612,123456789947,2,16,1,NULL,NULL,1,10,'2022-02-01 12:45:15',NULL,NULL,0),
(411,9,5,42612,123456789947,2,17,1,NULL,NULL,1,10,'2022-02-01 12:45:16',NULL,NULL,0),
(412,9,5,42612,123456789947,2,18,1,NULL,NULL,1,10,'2022-02-01 12:45:17',NULL,NULL,0),
(413,9,5,42612,123456789947,2,19,1,NULL,NULL,1,10,'2022-02-01 12:45:18',NULL,NULL,0),
(414,9,5,42612,123456789947,2,20,1,NULL,NULL,1,10,'2022-02-01 12:45:20',NULL,NULL,0),
(415,9,5,42612,123456789947,2,21,1,NULL,NULL,1,10,'2022-02-01 12:45:20',NULL,NULL,0),
(416,9,5,42612,123456789947,2,22,1,NULL,NULL,1,10,'2022-02-01 12:45:21',NULL,NULL,0),
(417,9,5,42612,123456789947,2,23,1,NULL,NULL,1,10,'2022-02-01 12:45:23',NULL,NULL,0),
(418,9,5,42612,123456789947,2,24,1,NULL,NULL,1,10,'2022-02-01 12:45:24',NULL,NULL,0),
(419,9,5,42612,123456789947,2,25,1,NULL,NULL,1,10,'2022-02-01 12:45:24',NULL,NULL,0),
(420,9,5,42612,123456789947,2,26,1,NULL,NULL,1,10,'2022-02-01 12:45:25',NULL,NULL,0),
(421,9,5,42612,123456789947,2,28,1,NULL,NULL,1,10,'2022-02-01 12:45:26',NULL,NULL,0),
(422,9,5,42612,123456789947,2,27,1,NULL,NULL,1,10,'2022-02-01 12:45:27',NULL,NULL,0),
(423,9,5,42612,123456789947,2,29,1,NULL,NULL,1,10,'2022-02-01 12:45:28',NULL,NULL,0),
(424,9,5,42612,123456789947,2,30,1,NULL,NULL,1,10,'2022-02-01 12:45:28',NULL,NULL,0),
(425,9,5,42612,123456789947,2,31,1,NULL,NULL,1,10,'2022-02-01 12:45:30',NULL,NULL,0),
(426,9,5,42612,123456789947,2,32,1,NULL,NULL,1,10,'2022-02-01 12:45:31',NULL,NULL,0),
(427,9,5,42612,123456789947,2,34,1,NULL,NULL,1,10,'2022-02-01 12:45:32',NULL,NULL,0),
(428,9,5,42612,123456789947,2,35,1,NULL,NULL,1,10,'2022-02-01 12:45:34',NULL,NULL,0),
(429,9,5,42612,123456789947,2,36,1,NULL,NULL,1,10,'2022-02-01 12:45:35',NULL,NULL,0),
(430,9,5,42612,123456789947,2,37,1,NULL,NULL,1,10,'2022-02-01 12:45:36',NULL,NULL,0),
(431,9,5,42612,123456789947,2,38,1,NULL,NULL,1,10,'2022-02-01 12:45:38',NULL,NULL,0),
(432,9,5,42612,123456789947,2,39,1,NULL,NULL,1,10,'2022-02-01 12:45:38',NULL,NULL,0),
(433,9,5,42612,123456789947,2,40,1,NULL,NULL,1,10,'2022-02-01 12:45:39',NULL,NULL,0),
(434,9,5,42612,123456789947,2,41,1,NULL,NULL,1,10,'2022-02-01 12:45:40',NULL,NULL,0),
(435,9,5,42612,123456789947,2,42,1,NULL,NULL,1,10,'2022-02-01 12:45:40',NULL,NULL,0),
(436,9,5,42612,123456789947,2,43,1,NULL,NULL,1,10,'2022-02-01 12:45:41',NULL,NULL,0),
(437,9,5,42612,123456789947,2,44,1,NULL,NULL,1,10,'2022-02-01 12:45:42',NULL,NULL,0),
(438,9,5,42612,123456789947,3,46,1,6,NULL,1,10,'2022-02-01 12:45:44',NULL,NULL,0),
(439,9,5,42612,123456789947,3,47,1,6,NULL,1,10,'2022-02-01 12:45:45',NULL,NULL,0),
(440,9,5,42612,123456789947,3,48,1,6,NULL,1,10,'2022-02-01 12:45:45',NULL,NULL,0),
(441,9,5,42612,123456789947,3,49,1,6,NULL,1,10,'2022-02-01 12:45:46',NULL,NULL,0),
(442,9,5,42612,123456789947,3,50,1,6,NULL,1,10,'2022-02-01 12:45:47',NULL,NULL,0),
(443,9,5,42612,123456789947,3,51,1,6,NULL,1,10,'2022-02-01 12:45:47',NULL,NULL,0),
(444,9,5,42612,123456789947,3,55,1,6,NULL,1,10,'2022-02-01 12:45:48',NULL,NULL,0),
(445,9,5,42612,123456789947,3,56,1,6,NULL,1,10,'2022-02-01 12:45:51',NULL,NULL,0),
(446,9,5,42612,123456789947,3,57,1,6,NULL,1,10,'2022-02-01 12:45:51',NULL,NULL,0),
(447,9,5,42612,123456789947,3,58,1,6,NULL,1,10,'2022-02-01 12:45:53',NULL,NULL,0),
(448,9,5,42612,123456789947,3,59,1,6,NULL,1,10,'2022-02-01 12:45:54',NULL,NULL,0),
(449,9,5,42612,123456789947,3,60,1,6,NULL,1,10,'2022-02-01 12:45:55',NULL,NULL,0),
(450,9,5,42612,123456789947,3,61,1,6,NULL,1,10,'2022-02-01 12:45:56',NULL,NULL,0),
(451,9,5,42612,123456789947,3,62,1,6,NULL,1,10,'2022-02-01 12:45:58',NULL,NULL,0),
(452,9,5,42612,123456789947,3,63,1,6,NULL,1,10,'2022-02-01 12:45:58',NULL,NULL,0),
(453,9,5,42612,123456789947,3,66,1,6,NULL,1,10,'2022-02-01 12:45:59',NULL,NULL,0),
(454,9,5,42612,123456789947,3,67,1,6,NULL,1,10,'2022-02-01 12:46:00',NULL,NULL,0),
(455,9,5,42612,123456789947,4,72,1,NULL,NULL,1,10,'2022-02-01 12:46:01',NULL,NULL,0),
(456,9,5,42612,123456789947,4,75,1,NULL,NULL,1,10,'2022-02-01 12:46:03',NULL,NULL,0),
(457,9,5,42612,123456789947,4,76,1,NULL,NULL,1,10,'2022-02-01 12:46:03',NULL,NULL,0),
(458,9,5,42612,123456789947,4,77,1,NULL,NULL,1,10,'2022-02-01 12:46:05',NULL,NULL,0),
(459,9,5,42612,123456789947,4,78,1,NULL,NULL,1,10,'2022-02-01 12:46:06',NULL,NULL,0),
(460,9,5,42612,123456789947,4,73,1,NULL,NULL,1,10,'2022-02-01 12:46:07',NULL,NULL,0),
(461,9,5,42612,123456789947,1,4,1,NULL,NULL,1,10,'2022-02-01 13:24:24',NULL,NULL,0),
(462,9,5,42612,123456789947,1,5,1,NULL,NULL,1,10,'2022-02-01 13:24:25',NULL,NULL,0),
(463,9,5,42612,123456789947,4,74,1,NULL,NULL,1,10,'2022-02-01 13:24:42',NULL,NULL,0),
(464,2,3,42611,123456789946,1,3,1,NULL,NULL,1,10,'2022-01-25 18:48:20',NULL,NULL,0),
(465,2,3,42611,123456789946,1,4,1,NULL,NULL,1,10,'2022-01-25 18:48:21',NULL,NULL,0),
(466,2,3,42611,123456789946,1,5,2,NULL,'erwerwer',1,10,'2022-02-01 17:14:58',NULL,NULL,0),
(467,2,3,42611,123456789946,1,6,2,NULL,'ewrwer',1,10,'2022-02-01 17:15:05',NULL,NULL,0),
(468,2,3,42611,123456789946,1,7,2,NULL,'werwer',1,10,'2022-02-01 17:15:08',NULL,NULL,0),
(469,2,3,42611,123456789946,1,8,1,NULL,NULL,1,10,'2022-02-01 17:15:12',NULL,NULL,0),
(470,2,3,42611,123456789946,1,9,1,NULL,NULL,1,10,'2022-02-01 17:15:13',NULL,NULL,0),
(471,2,3,42611,123456789946,1,79,1,NULL,NULL,1,10,'2022-02-01 17:15:13',NULL,NULL,0),
(472,2,3,42611,123456789946,1,10,1,NULL,NULL,1,10,'2022-02-01 17:15:14',NULL,NULL,0),
(473,2,3,42611,123456789946,1,11,1,NULL,NULL,1,10,'2022-02-01 17:15:16',NULL,NULL,0),
(474,2,3,42611,123456789946,1,12,1,NULL,NULL,1,10,'2022-02-01 17:15:16',NULL,NULL,0),
(475,2,3,42611,123456789946,1,13,1,NULL,NULL,1,10,'2022-02-01 17:15:17',NULL,NULL,0),
(476,2,3,42611,123456789946,2,14,1,NULL,NULL,1,10,'2022-02-01 17:15:19',NULL,NULL,0),
(477,2,3,42611,123456789946,2,15,1,NULL,NULL,1,10,'2022-02-01 17:15:19',NULL,NULL,0),
(478,2,3,42611,123456789946,2,16,1,NULL,NULL,1,10,'2022-02-01 17:15:20',NULL,NULL,0),
(479,2,3,42611,123456789946,2,17,1,NULL,NULL,1,10,'2022-02-01 17:15:21',NULL,NULL,0),
(480,2,3,42611,123456789946,2,18,1,NULL,NULL,1,10,'2022-02-01 17:15:21',NULL,NULL,0),
(481,2,3,42611,123456789946,2,19,1,NULL,NULL,1,10,'2022-02-01 17:15:23',NULL,NULL,0),
(482,2,3,42611,123456789946,2,20,1,NULL,NULL,1,10,'2022-02-01 17:15:23',NULL,NULL,0),
(483,2,3,42611,123456789946,2,21,1,NULL,NULL,1,10,'2022-02-01 17:15:24',NULL,NULL,0),
(484,2,3,42611,123456789946,2,22,1,NULL,NULL,1,10,'2022-02-01 17:15:24',NULL,NULL,0),
(485,2,3,42611,123456789946,2,23,1,NULL,NULL,1,10,'2022-02-01 17:15:25',NULL,NULL,0),
(486,2,3,42611,123456789946,2,24,1,NULL,NULL,1,10,'2022-02-01 17:15:26',NULL,NULL,0),
(487,2,3,42611,123456789946,2,25,1,NULL,NULL,1,10,'2022-02-01 17:15:27',NULL,NULL,0),
(488,2,3,42611,123456789946,2,26,1,NULL,NULL,1,10,'2022-02-01 17:15:28',NULL,NULL,0),
(489,2,3,42611,123456789946,2,27,1,NULL,NULL,1,10,'2022-02-01 17:15:29',NULL,NULL,0),
(490,2,3,42611,123456789946,2,28,1,NULL,NULL,1,10,'2022-02-01 17:15:29',NULL,NULL,0),
(491,2,3,42611,123456789946,2,29,1,NULL,NULL,1,10,'2022-02-01 17:15:30',NULL,NULL,0),
(492,2,3,42611,123456789946,2,30,1,NULL,NULL,1,10,'2022-02-01 17:15:32',NULL,NULL,0),
(493,2,3,42611,123456789946,2,31,1,NULL,NULL,1,10,'2022-02-01 17:15:33',NULL,NULL,0),
(494,2,3,42611,123456789946,2,32,1,NULL,NULL,1,10,'2022-02-01 17:15:33',NULL,NULL,0),
(495,2,3,42611,123456789946,2,34,1,NULL,NULL,1,10,'2022-02-01 17:15:34',NULL,NULL,0),
(496,2,3,42611,123456789946,2,35,1,NULL,NULL,1,10,'2022-02-01 17:15:35',NULL,NULL,0),
(497,2,3,42611,123456789946,2,36,1,NULL,NULL,1,10,'2022-02-01 17:15:36',NULL,NULL,0),
(498,2,3,42611,123456789946,2,37,1,NULL,NULL,1,10,'2022-02-01 17:15:36',NULL,NULL,0),
(499,2,3,42611,123456789946,2,38,1,NULL,NULL,1,10,'2022-02-01 17:15:37',NULL,NULL,0),
(500,2,3,42611,123456789946,2,39,1,NULL,NULL,1,10,'2022-02-01 17:15:39',NULL,NULL,0),
(501,2,3,42611,123456789946,2,40,1,NULL,NULL,1,10,'2022-02-01 17:15:40',NULL,NULL,0),
(502,2,3,42611,123456789946,2,41,1,NULL,NULL,1,10,'2022-02-01 17:15:41',NULL,NULL,0),
(503,2,3,42611,123456789946,2,42,1,NULL,NULL,1,10,'2022-02-01 17:15:41',NULL,NULL,0),
(504,2,3,42611,123456789946,2,43,2,NULL,'werwer',1,10,'2022-02-01 17:15:42',NULL,NULL,0),
(505,2,3,42611,123456789946,2,44,2,NULL,'werwer',1,10,'2022-02-01 17:15:42',NULL,NULL,0),
(506,2,3,42611,123456789946,3,46,1,4,NULL,1,10,'2022-02-01 17:15:54',NULL,NULL,0),
(507,2,3,42611,123456789946,3,47,1,4,NULL,1,10,'2022-02-01 17:15:55',NULL,NULL,0),
(508,2,3,42611,123456789946,3,48,2,4,'dfsfsd',1,10,'2022-02-01 17:16:00',NULL,NULL,0),
(509,2,3,42611,123456789946,3,49,2,4,'dfdf',1,10,'2022-02-01 17:16:23',NULL,NULL,0),
(510,2,3,42611,123456789946,3,50,1,4,NULL,1,10,'2022-02-01 17:16:35',NULL,NULL,0),
(511,2,3,42611,123456789946,3,51,1,4,NULL,1,10,'2022-02-01 17:16:36',NULL,NULL,0),
(512,2,3,42611,123456789946,3,55,1,4,NULL,1,10,'2022-02-01 17:16:37',NULL,NULL,0),
(513,2,3,42611,123456789946,3,56,1,4,NULL,1,10,'2022-02-01 17:16:37',NULL,NULL,0),
(514,2,3,42611,123456789946,3,57,1,4,NULL,1,10,'2022-02-01 17:16:38',NULL,NULL,0),
(515,2,3,42611,123456789946,3,58,1,4,NULL,1,10,'2022-02-01 17:16:39',NULL,NULL,0),
(516,2,3,42611,123456789946,3,59,1,4,NULL,1,10,'2022-02-01 17:16:40',NULL,NULL,0),
(517,2,3,42611,123456789946,3,60,1,4,NULL,1,10,'2022-02-01 17:16:40',NULL,NULL,0),
(518,2,3,42611,123456789946,3,61,1,4,NULL,1,10,'2022-02-01 17:16:41',NULL,NULL,0),
(519,2,3,42611,123456789946,3,62,1,4,NULL,1,10,'2022-02-01 17:16:41',NULL,NULL,0),
(520,2,3,42611,123456789946,3,63,1,4,NULL,1,10,'2022-02-01 17:16:43',NULL,NULL,0),
(521,2,3,42611,123456789946,3,66,1,4,NULL,1,10,'2022-02-01 17:16:44',NULL,NULL,0),
(522,2,3,42611,123456789946,3,67,1,4,NULL,1,10,'2022-02-01 17:16:45',NULL,NULL,0),
(523,2,3,42611,123456789946,4,72,1,NULL,NULL,1,10,'2022-02-01 17:16:46',NULL,NULL,0),
(524,2,3,42611,123456789946,4,74,1,NULL,NULL,1,10,'2022-02-01 17:16:47',NULL,NULL,0),
(525,2,3,42611,123456789946,4,75,1,NULL,NULL,1,10,'2022-02-01 17:16:48',NULL,NULL,0),
(526,2,3,42611,123456789946,4,76,1,NULL,NULL,1,10,'2022-02-01 17:16:49',NULL,NULL,0),
(527,2,3,42611,123456789946,4,77,1,NULL,NULL,1,10,'2022-02-01 17:16:49',NULL,NULL,0),
(528,2,3,42611,123456789946,4,78,1,NULL,NULL,1,10,'2022-02-01 17:16:51',NULL,NULL,0),
(529,2,3,42611,123456789946,4,73,1,NULL,NULL,1,10,'2022-02-01 17:16:52',NULL,NULL,0),
(530,2,3,42611,123456789946,1,3,1,NULL,NULL,1,10,'2022-01-25 18:48:20',NULL,NULL,0),
(531,2,3,42611,123456789946,1,4,1,NULL,NULL,1,10,'2022-01-25 18:48:21',NULL,NULL,0),
(532,2,3,42611,123456789946,1,5,1,NULL,NULL,1,10,'2022-02-01 17:14:58',NULL,NULL,0),
(533,2,3,42611,123456789946,1,6,1,NULL,NULL,1,10,'2022-02-01 17:15:05',NULL,NULL,0),
(534,2,3,42611,123456789946,1,7,1,NULL,NULL,1,10,'2022-02-01 17:15:08',NULL,NULL,0),
(535,2,3,42611,123456789946,1,8,1,NULL,NULL,1,10,'2022-02-01 17:15:12',NULL,NULL,0),
(536,2,3,42611,123456789946,1,9,1,NULL,NULL,1,10,'2022-02-01 17:15:13',NULL,NULL,0),
(537,2,3,42611,123456789946,1,79,1,NULL,NULL,1,10,'2022-02-01 17:15:13',NULL,NULL,0),
(538,2,3,42611,123456789946,1,10,1,NULL,NULL,1,10,'2022-02-01 17:15:14',NULL,NULL,0),
(539,2,3,42611,123456789946,1,11,1,NULL,NULL,1,10,'2022-02-01 17:15:16',NULL,NULL,0),
(540,2,3,42611,123456789946,1,12,1,NULL,NULL,1,10,'2022-02-01 17:15:16',NULL,NULL,0),
(541,2,3,42611,123456789946,1,13,1,NULL,NULL,1,10,'2022-02-01 17:15:17',NULL,NULL,0),
(542,2,3,42611,123456789946,2,14,1,NULL,NULL,1,10,'2022-02-01 17:15:19',NULL,NULL,0),
(543,2,3,42611,123456789946,2,15,1,NULL,NULL,1,10,'2022-02-01 17:15:19',NULL,NULL,0),
(544,2,3,42611,123456789946,2,16,1,NULL,NULL,1,10,'2022-02-01 17:15:20',NULL,NULL,0),
(545,2,3,42611,123456789946,2,17,1,NULL,NULL,1,10,'2022-02-01 17:15:21',NULL,NULL,0),
(546,2,3,42611,123456789946,2,18,1,NULL,NULL,1,10,'2022-02-01 17:15:21',NULL,NULL,0),
(547,2,3,42611,123456789946,2,19,1,NULL,NULL,1,10,'2022-02-01 17:15:23',NULL,NULL,0),
(548,2,3,42611,123456789946,2,20,1,NULL,NULL,1,10,'2022-02-01 17:15:23',NULL,NULL,0),
(549,2,3,42611,123456789946,2,21,1,NULL,NULL,1,10,'2022-02-01 17:15:24',NULL,NULL,0),
(550,2,3,42611,123456789946,2,22,1,NULL,NULL,1,10,'2022-02-01 17:15:24',NULL,NULL,0),
(551,2,3,42611,123456789946,2,23,1,NULL,NULL,1,10,'2022-02-01 17:15:25',NULL,NULL,0),
(552,2,3,42611,123456789946,2,24,1,NULL,NULL,1,10,'2022-02-01 17:15:26',NULL,NULL,0),
(553,2,3,42611,123456789946,2,25,1,NULL,NULL,1,10,'2022-02-01 17:15:27',NULL,NULL,0),
(554,2,3,42611,123456789946,2,26,1,NULL,NULL,1,10,'2022-02-01 17:15:28',NULL,NULL,0),
(555,2,3,42611,123456789946,2,27,1,NULL,NULL,1,10,'2022-02-01 17:15:29',NULL,NULL,0),
(556,2,3,42611,123456789946,2,28,1,NULL,NULL,1,10,'2022-02-01 17:15:29',NULL,NULL,0),
(557,2,3,42611,123456789946,2,29,1,NULL,NULL,1,10,'2022-02-01 17:15:30',NULL,NULL,0),
(558,2,3,42611,123456789946,2,30,1,NULL,NULL,1,10,'2022-02-01 17:15:32',NULL,NULL,0),
(559,2,3,42611,123456789946,2,31,1,NULL,NULL,1,10,'2022-02-01 17:15:33',NULL,NULL,0),
(560,2,3,42611,123456789946,2,32,1,NULL,NULL,1,10,'2022-02-01 17:15:33',NULL,NULL,0),
(561,2,3,42611,123456789946,2,34,1,NULL,NULL,1,10,'2022-02-01 17:15:34',NULL,NULL,0),
(562,2,3,42611,123456789946,2,35,1,NULL,NULL,1,10,'2022-02-01 17:15:35',NULL,NULL,0),
(563,2,3,42611,123456789946,2,36,1,NULL,NULL,1,10,'2022-02-01 17:15:36',NULL,NULL,0),
(564,2,3,42611,123456789946,2,37,1,NULL,NULL,1,10,'2022-02-01 17:15:36',NULL,NULL,0),
(565,2,3,42611,123456789946,2,38,1,NULL,NULL,1,10,'2022-02-01 17:15:37',NULL,NULL,0),
(566,2,3,42611,123456789946,2,39,1,NULL,NULL,1,10,'2022-02-01 17:15:39',NULL,NULL,0),
(567,2,3,42611,123456789946,2,40,1,NULL,NULL,1,10,'2022-02-01 17:15:40',NULL,NULL,0),
(568,2,3,42611,123456789946,2,41,1,NULL,NULL,1,10,'2022-02-01 17:15:41',NULL,NULL,0),
(569,2,3,42611,123456789946,2,42,1,NULL,NULL,1,10,'2022-02-01 17:15:41',NULL,NULL,0),
(570,2,3,42611,123456789946,2,43,1,NULL,NULL,1,10,'2022-02-01 17:15:42',NULL,NULL,0),
(571,2,3,42611,123456789946,2,44,1,NULL,NULL,1,10,'2022-02-01 17:15:42',NULL,NULL,0),
(572,2,3,42611,123456789946,3,46,1,4,NULL,1,10,'2022-02-01 17:15:54',NULL,NULL,0),
(573,2,3,42611,123456789946,3,47,1,4,NULL,1,10,'2022-02-01 17:15:55',NULL,NULL,0),
(574,2,3,42611,123456789946,3,48,1,4,NULL,1,10,'2022-02-01 17:16:00',NULL,NULL,0),
(575,2,3,42611,123456789946,3,49,1,4,NULL,1,10,'2022-02-01 17:16:23',NULL,NULL,0),
(576,2,3,42611,123456789946,3,50,1,4,NULL,1,10,'2022-02-01 17:16:35',NULL,NULL,0),
(577,2,3,42611,123456789946,3,51,1,4,NULL,1,10,'2022-02-01 17:16:36',NULL,NULL,0),
(578,2,3,42611,123456789946,3,55,1,4,NULL,1,10,'2022-02-01 17:16:37',NULL,NULL,0),
(579,2,3,42611,123456789946,3,56,1,4,NULL,1,10,'2022-02-01 17:16:37',NULL,NULL,0),
(580,2,3,42611,123456789946,3,57,1,4,NULL,1,10,'2022-02-01 17:16:38',NULL,NULL,0),
(581,2,3,42611,123456789946,3,58,1,4,NULL,1,10,'2022-02-01 17:16:39',NULL,NULL,0),
(582,2,3,42611,123456789946,3,59,1,4,NULL,1,10,'2022-02-01 17:16:40',NULL,NULL,0),
(583,2,3,42611,123456789946,3,60,1,4,NULL,1,10,'2022-02-01 17:16:40',NULL,NULL,0),
(584,2,3,42611,123456789946,3,61,1,4,NULL,1,10,'2022-02-01 17:16:41',NULL,NULL,0),
(585,2,3,42611,123456789946,3,62,1,4,NULL,1,10,'2022-02-01 17:16:41',NULL,NULL,0),
(586,2,3,42611,123456789946,3,63,1,4,NULL,1,10,'2022-02-01 17:16:43',NULL,NULL,0),
(587,2,3,42611,123456789946,3,66,1,4,NULL,1,10,'2022-02-01 17:16:44',NULL,NULL,0),
(588,2,3,42611,123456789946,3,67,1,4,NULL,1,10,'2022-02-01 17:16:45',NULL,NULL,0),
(589,2,3,42611,123456789946,4,72,1,NULL,NULL,1,10,'2022-02-01 17:16:46',NULL,NULL,0),
(590,2,3,42611,123456789946,4,74,1,NULL,NULL,1,10,'2022-02-01 17:16:47',NULL,NULL,0),
(591,2,3,42611,123456789946,4,75,1,NULL,NULL,1,10,'2022-02-01 17:16:48',NULL,NULL,0),
(592,2,3,42611,123456789946,4,76,1,NULL,NULL,1,10,'2022-02-01 17:16:49',NULL,NULL,0),
(593,2,3,42611,123456789946,4,77,1,NULL,NULL,1,10,'2022-02-01 17:16:49',NULL,NULL,0),
(594,2,3,42611,123456789946,4,78,1,NULL,NULL,1,10,'2022-02-01 17:16:51',NULL,NULL,0),
(595,2,3,42611,123456789946,4,73,1,NULL,NULL,1,10,'2022-02-01 17:16:52',NULL,NULL,0),
(596,2,2,42610,123456789945,1,3,2,NULL,'test',1,NULL,NULL,11,'2022-02-01 19:01:51',0),
(597,2,2,42610,123456789945,1,4,2,NULL,'test 2',1,NULL,NULL,11,'2022-02-01 19:01:57',0),
(598,2,3,42611,123456789946,1,3,1,NULL,NULL,1,11,'2022-02-01 21:02:16',NULL,NULL,0),
(599,2,3,42611,123456789946,1,4,1,NULL,NULL,1,11,'2022-02-01 21:02:17',NULL,NULL,0),
(600,10,6,42614,123456789943,1,3,1,NULL,NULL,1,10,'2022-02-01 23:24:10',NULL,NULL,0),
(601,10,6,42614,123456789943,1,4,1,NULL,NULL,1,10,'2022-02-01 23:24:11',NULL,NULL,0),
(602,10,6,42614,123456789943,1,5,1,NULL,NULL,1,10,'2022-02-01 23:24:13',NULL,NULL,0),
(603,10,6,42614,123456789943,1,6,1,NULL,NULL,1,10,'2022-02-01 23:24:15',NULL,NULL,0),
(604,10,6,42614,123456789943,1,7,1,NULL,NULL,1,10,'2022-02-01 23:24:17',NULL,NULL,0),
(605,10,6,42614,123456789943,1,8,1,NULL,NULL,1,10,'2022-02-01 23:24:18',NULL,NULL,0),
(606,10,6,42614,123456789943,1,9,1,NULL,NULL,1,10,'2022-02-01 23:24:19',NULL,NULL,0),
(607,10,6,42614,123456789943,1,79,1,NULL,NULL,1,10,'2022-02-01 23:24:22',NULL,NULL,0),
(608,10,6,42614,123456789943,1,10,1,NULL,NULL,1,10,'2022-02-01 23:24:24',NULL,NULL,0),
(609,10,6,42614,123456789943,1,11,1,NULL,NULL,1,10,'2022-02-01 23:24:25',NULL,NULL,0),
(610,10,6,42614,123456789943,1,12,1,NULL,NULL,1,10,'2022-02-01 23:24:27',NULL,NULL,0),
(611,10,6,42614,123456789943,1,13,1,NULL,NULL,1,10,'2022-02-01 23:24:28',NULL,NULL,0),
(612,10,6,42614,123456789943,2,14,1,NULL,NULL,1,10,'2022-02-01 23:24:31',NULL,NULL,0),
(613,10,6,42614,123456789943,2,15,1,NULL,NULL,1,10,'2022-02-01 23:24:32',NULL,NULL,0),
(614,10,6,42614,123456789943,2,16,1,NULL,NULL,1,10,'2022-02-01 23:24:33',NULL,NULL,0),
(615,10,6,42614,123456789943,2,17,1,NULL,NULL,1,10,'2022-02-01 23:24:34',NULL,NULL,0),
(616,10,6,42614,123456789943,2,18,1,NULL,NULL,1,10,'2022-02-01 23:24:36',NULL,NULL,0),
(617,10,6,42614,123456789943,2,19,1,NULL,NULL,1,10,'2022-02-01 23:24:38',NULL,NULL,0),
(618,10,6,42614,123456789943,2,20,1,NULL,NULL,1,10,'2022-02-01 23:24:40',NULL,NULL,0),
(619,10,6,42614,123456789943,2,21,1,NULL,NULL,1,10,'2022-02-01 23:24:41',NULL,NULL,0),
(620,10,6,42614,123456789943,2,22,1,NULL,NULL,1,10,'2022-02-01 23:24:42',NULL,NULL,0),
(621,10,6,42614,123456789943,2,23,1,NULL,NULL,1,10,'2022-02-01 23:24:45',NULL,NULL,0),
(622,10,6,42614,123456789943,2,24,1,NULL,NULL,1,10,'2022-02-01 23:24:46',NULL,NULL,0),
(623,10,6,42614,123456789943,2,25,1,NULL,NULL,1,10,'2022-02-01 23:24:48',NULL,NULL,0),
(624,10,6,42614,123456789943,2,26,1,NULL,NULL,1,10,'2022-02-01 23:24:50',NULL,NULL,0),
(625,10,6,42614,123456789943,2,27,1,NULL,NULL,1,10,'2022-02-01 23:24:51',NULL,NULL,0),
(626,10,6,42614,123456789943,2,28,1,NULL,NULL,1,10,'2022-02-01 23:24:53',NULL,NULL,0),
(627,10,6,42614,123456789943,2,29,1,NULL,NULL,1,10,'2022-02-01 23:24:55',NULL,NULL,0),
(628,10,6,42614,123456789943,2,30,1,NULL,NULL,1,10,'2022-02-01 23:24:57',NULL,NULL,0),
(629,10,6,42614,123456789943,2,31,1,NULL,NULL,1,10,'2022-02-01 23:24:58',NULL,NULL,0),
(630,10,6,42614,123456789943,2,32,1,NULL,NULL,1,10,'2022-02-01 23:24:59',NULL,NULL,0),
(631,10,6,42614,123456789943,2,34,1,NULL,NULL,1,10,'2022-02-01 23:25:05',NULL,NULL,0),
(632,10,6,42614,123456789943,2,35,1,NULL,NULL,1,10,'2022-02-01 23:25:06',NULL,NULL,0),
(633,10,6,42614,123456789943,2,36,1,NULL,NULL,1,10,'2022-02-01 23:25:07',NULL,NULL,0),
(634,10,6,42614,123456789943,2,39,1,NULL,NULL,1,10,'2022-02-01 23:25:09',NULL,NULL,0),
(635,10,6,42614,123456789943,2,43,1,NULL,NULL,1,10,'2022-02-01 23:25:12',NULL,NULL,0),
(636,10,6,42614,123456789943,3,46,1,7,NULL,1,10,'2022-02-01 23:25:14',NULL,NULL,0),
(637,10,6,42614,123456789943,3,47,1,7,NULL,1,10,'2022-02-01 23:25:15',NULL,NULL,0),
(638,10,6,42614,123456789943,3,48,1,7,NULL,1,10,'2022-02-01 23:25:16',NULL,NULL,0),
(639,10,6,42614,123456789943,3,49,1,7,NULL,1,10,'2022-02-01 23:25:19',NULL,NULL,0),
(640,10,6,42614,123456789943,3,50,1,7,NULL,1,10,'2022-02-01 23:25:20',NULL,NULL,0),
(641,10,6,42614,123456789943,3,51,1,7,NULL,1,10,'2022-02-01 23:25:21',NULL,NULL,0),
(642,10,6,42614,123456789943,3,55,1,7,NULL,1,10,'2022-02-01 23:25:24',NULL,NULL,0),
(643,10,6,42614,123456789943,3,56,1,7,NULL,1,10,'2022-02-01 23:25:26',NULL,NULL,0),
(644,10,6,42614,123456789943,3,57,1,7,NULL,1,10,'2022-02-01 23:25:27',NULL,NULL,0),
(645,10,6,42614,123456789943,3,58,1,7,NULL,1,10,'2022-02-01 23:25:30',NULL,NULL,0),
(646,10,6,42614,123456789943,3,59,1,7,NULL,1,10,'2022-02-01 23:25:30',NULL,NULL,0),
(647,10,6,42614,123456789943,3,60,1,7,NULL,1,10,'2022-02-01 23:25:31',NULL,NULL,0),
(648,10,6,42614,123456789943,3,61,1,7,NULL,1,10,'2022-02-01 23:25:32',NULL,NULL,0),
(649,10,6,42614,123456789943,3,62,1,7,NULL,1,10,'2022-02-01 23:25:33',NULL,NULL,0),
(650,10,6,42614,123456789943,3,63,1,7,NULL,1,10,'2022-02-01 23:25:34',NULL,NULL,0),
(651,10,6,42614,123456789943,3,66,1,7,NULL,1,10,'2022-02-01 23:25:36',NULL,NULL,0),
(652,10,6,42614,123456789943,3,67,1,7,NULL,1,10,'2022-02-01 23:25:38',NULL,NULL,0),
(653,10,6,42614,123456789943,4,72,1,NULL,NULL,1,10,'2022-02-01 23:25:47',NULL,NULL,0),
(654,10,6,42614,123456789943,4,74,1,NULL,NULL,1,10,'2022-02-01 23:25:49',NULL,NULL,0),
(655,10,6,42614,123456789943,4,75,1,NULL,NULL,1,10,'2022-02-01 23:25:50',NULL,NULL,0),
(656,10,6,42614,123456789943,4,76,1,NULL,NULL,1,10,'2022-02-01 23:25:56',NULL,NULL,0),
(657,10,6,42614,123456789943,4,77,1,NULL,NULL,1,10,'2022-02-01 23:25:57',NULL,NULL,0),
(658,10,6,42614,123456789943,4,78,1,NULL,NULL,1,10,'2022-02-01 23:25:58',NULL,NULL,0),
(659,10,6,42614,123456789943,4,73,1,NULL,NULL,1,10,'2022-02-01 23:26:01',NULL,NULL,0),
(660,10,6,42614,123456789943,1,3,1,NULL,NULL,1,15,'2022-02-01 23:24:10',NULL,NULL,0),
(661,10,6,42614,123456789943,1,4,1,NULL,NULL,1,15,'2022-02-01 23:24:11',NULL,NULL,0),
(662,10,6,42614,123456789943,1,5,1,NULL,NULL,1,15,'2022-02-01 23:24:13',NULL,NULL,0),
(663,10,6,42614,123456789943,1,6,1,NULL,NULL,1,15,'2022-02-01 23:24:15',NULL,NULL,0),
(664,10,6,42614,123456789943,1,7,1,NULL,NULL,1,15,'2022-02-01 23:24:17',NULL,NULL,0),
(665,10,6,42614,123456789943,1,8,1,NULL,NULL,1,15,'2022-02-01 23:24:18',NULL,NULL,0),
(666,10,6,42614,123456789943,1,9,1,NULL,NULL,1,15,'2022-02-01 23:24:19',NULL,NULL,0),
(667,10,6,42614,123456789943,1,79,1,NULL,NULL,1,15,'2022-02-01 23:24:22',NULL,NULL,0),
(668,10,6,42614,123456789943,1,10,1,NULL,NULL,1,15,'2022-02-01 23:24:24',NULL,NULL,0),
(669,10,6,42614,123456789943,1,11,1,NULL,NULL,1,15,'2022-02-01 23:24:25',NULL,NULL,0),
(670,10,6,42614,123456789943,1,12,1,NULL,NULL,1,15,'2022-02-01 23:24:27',NULL,NULL,0),
(671,10,6,42614,123456789943,1,13,1,NULL,NULL,1,15,'2022-02-01 23:24:28',NULL,NULL,0),
(672,10,6,42614,123456789943,2,14,1,NULL,NULL,1,15,'2022-02-01 23:24:31',NULL,NULL,0),
(673,10,6,42614,123456789943,2,15,1,NULL,NULL,1,15,'2022-02-01 23:24:32',NULL,NULL,0),
(674,10,6,42614,123456789943,2,16,1,NULL,NULL,1,15,'2022-02-01 23:24:33',NULL,NULL,0),
(675,10,6,42614,123456789943,2,17,1,NULL,NULL,1,15,'2022-02-01 23:24:34',NULL,NULL,0),
(676,10,6,42614,123456789943,2,18,1,NULL,NULL,1,15,'2022-02-01 23:24:36',NULL,NULL,0),
(677,10,6,42614,123456789943,2,19,1,NULL,NULL,1,15,'2022-02-01 23:24:38',NULL,NULL,0),
(678,10,6,42614,123456789943,2,20,1,NULL,NULL,1,15,'2022-02-01 23:24:40',NULL,NULL,0),
(679,10,6,42614,123456789943,2,21,1,NULL,NULL,1,15,'2022-02-01 23:24:41',NULL,NULL,0),
(680,10,6,42614,123456789943,2,22,1,NULL,NULL,1,15,'2022-02-01 23:24:42',NULL,NULL,0),
(681,10,6,42614,123456789943,2,23,1,NULL,NULL,1,15,'2022-02-01 23:24:45',NULL,NULL,0),
(682,10,6,42614,123456789943,2,24,1,NULL,NULL,1,15,'2022-02-01 23:24:46',NULL,NULL,0),
(683,10,6,42614,123456789943,2,25,1,NULL,NULL,1,15,'2022-02-01 23:24:48',NULL,NULL,0),
(684,10,6,42614,123456789943,2,26,1,NULL,NULL,1,15,'2022-02-01 23:24:50',NULL,NULL,0),
(685,10,6,42614,123456789943,2,27,1,NULL,NULL,1,15,'2022-02-01 23:24:51',NULL,NULL,0),
(686,10,6,42614,123456789943,2,28,1,NULL,NULL,1,15,'2022-02-01 23:24:53',NULL,NULL,0),
(687,10,6,42614,123456789943,2,29,1,NULL,NULL,1,15,'2022-02-01 23:24:55',NULL,NULL,0),
(688,10,6,42614,123456789943,2,30,1,NULL,NULL,1,15,'2022-02-01 23:24:57',NULL,NULL,0),
(689,10,6,42614,123456789943,2,31,1,NULL,NULL,1,15,'2022-02-01 23:24:58',NULL,NULL,0),
(690,10,6,42614,123456789943,2,32,1,NULL,NULL,1,15,'2022-02-01 23:24:59',NULL,NULL,0),
(691,10,6,42614,123456789943,2,34,1,NULL,NULL,1,15,'2022-02-01 23:25:05',NULL,NULL,0),
(692,10,6,42614,123456789943,2,35,1,NULL,NULL,1,15,'2022-02-01 23:25:06',NULL,NULL,0),
(693,10,6,42614,123456789943,2,36,1,NULL,NULL,1,15,'2022-02-01 23:25:07',NULL,NULL,0),
(694,10,6,42614,123456789943,2,39,1,NULL,NULL,1,15,'2022-02-01 23:25:09',NULL,NULL,0),
(695,10,6,42614,123456789943,2,43,1,NULL,NULL,1,15,'2022-02-01 23:25:12',NULL,NULL,0),
(696,10,6,42614,123456789943,3,46,1,7,NULL,1,15,'2022-02-01 23:25:14',NULL,NULL,0),
(697,10,6,42614,123456789943,3,47,1,7,NULL,1,15,'2022-02-01 23:25:15',NULL,NULL,0),
(698,10,6,42614,123456789943,3,48,1,7,NULL,1,15,'2022-02-01 23:25:16',NULL,NULL,0),
(699,10,6,42614,123456789943,3,49,1,7,NULL,1,15,'2022-02-01 23:25:19',NULL,NULL,0),
(700,10,6,42614,123456789943,3,50,1,7,NULL,1,15,'2022-02-01 23:25:20',NULL,NULL,0),
(701,10,6,42614,123456789943,3,51,1,7,NULL,1,15,'2022-02-01 23:25:21',NULL,NULL,0),
(702,10,6,42614,123456789943,3,55,1,7,NULL,1,15,'2022-02-01 23:25:24',NULL,NULL,0),
(703,10,6,42614,123456789943,3,56,1,7,NULL,1,15,'2022-02-01 23:25:26',NULL,NULL,0),
(704,10,6,42614,123456789943,3,57,1,7,NULL,1,15,'2022-02-01 23:25:27',NULL,NULL,0),
(705,10,6,42614,123456789943,3,58,1,7,NULL,1,15,'2022-02-01 23:25:30',NULL,NULL,0),
(706,10,6,42614,123456789943,3,59,1,7,NULL,1,15,'2022-02-01 23:25:30',NULL,NULL,0),
(707,10,6,42614,123456789943,3,60,1,7,NULL,1,15,'2022-02-01 23:25:31',NULL,NULL,0),
(708,10,6,42614,123456789943,3,61,1,7,NULL,1,15,'2022-02-01 23:25:32',NULL,NULL,0),
(709,10,6,42614,123456789943,3,62,1,7,NULL,1,15,'2022-02-01 23:25:33',NULL,NULL,0),
(710,10,6,42614,123456789943,3,63,1,7,NULL,1,15,'2022-02-01 23:25:34',NULL,NULL,0),
(711,10,6,42614,123456789943,3,66,1,7,NULL,1,15,'2022-02-01 23:25:36',NULL,NULL,0),
(712,10,6,42614,123456789943,3,67,1,7,NULL,1,15,'2022-02-01 23:25:38',NULL,NULL,0),
(713,10,6,42614,123456789943,4,72,1,NULL,NULL,1,15,'2022-02-01 23:25:47',NULL,NULL,0),
(714,10,6,42614,123456789943,4,74,1,NULL,NULL,1,15,'2022-02-01 23:25:49',NULL,NULL,0),
(715,10,6,42614,123456789943,4,75,1,NULL,NULL,1,15,'2022-02-01 23:25:50',NULL,NULL,0),
(716,10,6,42614,123456789943,4,76,1,NULL,NULL,1,15,'2022-02-01 23:25:56',NULL,NULL,0),
(717,10,6,42614,123456789943,4,77,1,NULL,NULL,1,15,'2022-02-01 23:25:57',NULL,NULL,0),
(718,10,6,42614,123456789943,4,78,1,NULL,NULL,1,15,'2022-02-01 23:25:58',NULL,NULL,0),
(719,10,6,42614,123456789943,4,73,1,NULL,NULL,1,15,'2022-02-01 23:26:01',NULL,NULL,0),
(720,10,6,42614,123456789943,1,3,1,NULL,NULL,1,23,'2022-02-01 23:24:10',NULL,NULL,0),
(721,10,6,42614,123456789943,1,4,1,NULL,NULL,1,23,'2022-02-01 23:24:11',NULL,NULL,0),
(722,10,6,42614,123456789943,1,5,1,NULL,NULL,1,23,'2022-02-01 23:24:13',NULL,NULL,0),
(723,10,6,42614,123456789943,1,6,1,NULL,NULL,1,23,'2022-02-01 23:24:15',NULL,NULL,0),
(724,10,6,42614,123456789943,1,7,1,NULL,NULL,1,23,'2022-02-01 23:24:17',NULL,NULL,0),
(725,10,6,42614,123456789943,1,8,1,NULL,NULL,1,23,'2022-02-01 23:24:18',NULL,NULL,0),
(726,10,6,42614,123456789943,1,9,1,NULL,NULL,1,23,'2022-02-01 23:24:19',NULL,NULL,0),
(727,10,6,42614,123456789943,1,79,1,NULL,NULL,1,23,'2022-02-01 23:24:22',NULL,NULL,0),
(728,10,6,42614,123456789943,1,10,1,NULL,NULL,1,23,'2022-02-01 23:24:24',NULL,NULL,0),
(729,10,6,42614,123456789943,1,11,1,NULL,NULL,1,23,'2022-02-01 23:24:25',NULL,NULL,0),
(730,10,6,42614,123456789943,1,12,1,NULL,NULL,1,23,'2022-02-01 23:24:27',NULL,NULL,0),
(731,10,6,42614,123456789943,1,13,1,NULL,NULL,1,23,'2022-02-01 23:24:28',NULL,NULL,0),
(732,10,6,42614,123456789943,2,14,1,NULL,NULL,1,23,'2022-02-01 23:24:31',NULL,NULL,0),
(733,10,6,42614,123456789943,2,15,1,NULL,NULL,1,23,'2022-02-01 23:24:32',NULL,NULL,0),
(734,10,6,42614,123456789943,2,16,1,NULL,NULL,1,23,'2022-02-01 23:24:33',NULL,NULL,0),
(735,10,6,42614,123456789943,2,17,1,NULL,NULL,1,23,'2022-02-01 23:24:34',NULL,NULL,0),
(736,10,6,42614,123456789943,2,18,1,NULL,NULL,1,23,'2022-02-01 23:24:36',NULL,NULL,0),
(737,10,6,42614,123456789943,2,19,1,NULL,NULL,1,23,'2022-02-01 23:24:38',NULL,NULL,0),
(738,10,6,42614,123456789943,2,20,1,NULL,NULL,1,23,'2022-02-01 23:24:40',NULL,NULL,0),
(739,10,6,42614,123456789943,2,21,1,NULL,NULL,1,23,'2022-02-01 23:24:41',NULL,NULL,0),
(740,10,6,42614,123456789943,2,22,1,NULL,NULL,1,23,'2022-02-01 23:24:42',NULL,NULL,0),
(741,10,6,42614,123456789943,2,23,1,NULL,NULL,1,23,'2022-02-01 23:24:45',NULL,NULL,0),
(742,10,6,42614,123456789943,2,24,1,NULL,NULL,1,23,'2022-02-01 23:24:46',NULL,NULL,0),
(743,10,6,42614,123456789943,2,25,1,NULL,NULL,1,23,'2022-02-01 23:24:48',NULL,NULL,0),
(744,10,6,42614,123456789943,2,26,1,NULL,NULL,1,23,'2022-02-01 23:24:50',NULL,NULL,0),
(745,10,6,42614,123456789943,2,27,1,NULL,NULL,1,23,'2022-02-01 23:24:51',NULL,NULL,0),
(746,10,6,42614,123456789943,2,28,1,NULL,NULL,1,23,'2022-02-01 23:24:53',NULL,NULL,0),
(747,10,6,42614,123456789943,2,29,1,NULL,NULL,1,23,'2022-02-01 23:24:55',NULL,NULL,0),
(748,10,6,42614,123456789943,2,30,1,NULL,NULL,1,23,'2022-02-01 23:24:57',NULL,NULL,0),
(749,10,6,42614,123456789943,2,31,1,NULL,NULL,1,23,'2022-02-01 23:24:58',NULL,NULL,0),
(750,10,6,42614,123456789943,2,32,1,NULL,NULL,1,23,'2022-02-01 23:24:59',NULL,NULL,0),
(751,10,6,42614,123456789943,2,34,1,NULL,NULL,1,23,'2022-02-01 23:25:05',NULL,NULL,0),
(752,10,6,42614,123456789943,2,35,1,NULL,NULL,1,23,'2022-02-01 23:25:06',NULL,NULL,0),
(753,10,6,42614,123456789943,2,36,1,NULL,NULL,1,23,'2022-02-01 23:25:07',NULL,NULL,0),
(754,10,6,42614,123456789943,2,39,1,NULL,NULL,1,23,'2022-02-01 23:25:09',NULL,NULL,0),
(755,10,6,42614,123456789943,2,43,1,NULL,NULL,1,23,'2022-02-01 23:25:12',NULL,NULL,0),
(756,10,6,42614,123456789943,3,46,1,7,NULL,1,23,'2022-02-01 23:25:14',NULL,NULL,0),
(757,10,6,42614,123456789943,3,47,1,7,NULL,1,23,'2022-02-01 23:25:15',NULL,NULL,0),
(758,10,6,42614,123456789943,3,48,1,7,NULL,1,23,'2022-02-01 23:25:16',NULL,NULL,0),
(759,10,6,42614,123456789943,3,49,1,7,NULL,1,23,'2022-02-01 23:25:19',NULL,NULL,0),
(760,10,6,42614,123456789943,3,50,1,7,NULL,1,23,'2022-02-01 23:25:20',NULL,NULL,0),
(761,10,6,42614,123456789943,3,51,1,7,NULL,1,23,'2022-02-01 23:25:21',NULL,NULL,0),
(762,10,6,42614,123456789943,3,55,1,7,NULL,1,23,'2022-02-01 23:25:24',NULL,NULL,0),
(763,10,6,42614,123456789943,3,56,1,7,NULL,1,23,'2022-02-01 23:25:26',NULL,NULL,0),
(764,10,6,42614,123456789943,3,57,1,7,NULL,1,23,'2022-02-01 23:25:27',NULL,NULL,0),
(765,10,6,42614,123456789943,3,58,1,7,NULL,1,23,'2022-02-01 23:25:30',NULL,NULL,0),
(766,10,6,42614,123456789943,3,59,1,7,NULL,1,23,'2022-02-01 23:25:30',NULL,NULL,0),
(767,10,6,42614,123456789943,3,60,1,7,NULL,1,23,'2022-02-01 23:25:31',NULL,NULL,0),
(768,10,6,42614,123456789943,3,61,1,7,NULL,1,23,'2022-02-01 23:25:32',NULL,NULL,0),
(769,10,6,42614,123456789943,3,62,1,7,NULL,1,23,'2022-02-01 23:25:33',NULL,NULL,0),
(770,10,6,42614,123456789943,3,63,1,7,NULL,1,23,'2022-02-01 23:25:34',NULL,NULL,0),
(771,10,6,42614,123456789943,3,66,1,7,NULL,1,23,'2022-02-01 23:25:36',NULL,NULL,0),
(772,10,6,42614,123456789943,3,67,1,7,NULL,1,23,'2022-02-01 23:25:38',NULL,NULL,0),
(773,10,6,42614,123456789943,4,72,1,NULL,NULL,1,23,'2022-02-01 23:25:47',NULL,NULL,0),
(774,10,6,42614,123456789943,4,74,1,NULL,NULL,1,23,'2022-02-01 23:25:49',NULL,NULL,0),
(775,10,6,42614,123456789943,4,75,1,NULL,NULL,1,23,'2022-02-01 23:25:50',NULL,NULL,0),
(776,10,6,42614,123456789943,4,76,1,NULL,NULL,1,23,'2022-02-01 23:25:56',NULL,NULL,0),
(777,10,6,42614,123456789943,4,77,1,NULL,NULL,1,23,'2022-02-01 23:25:57',NULL,NULL,0),
(778,10,6,42614,123456789943,4,78,1,NULL,NULL,1,23,'2022-02-01 23:25:58',NULL,NULL,0),
(779,10,6,42614,123456789943,4,73,1,NULL,NULL,1,23,'2022-02-01 23:26:01',NULL,NULL,0),
(780,10,6,42614,123456789943,1,3,1,NULL,NULL,1,19,'2022-02-01 23:24:10',NULL,NULL,0),
(781,10,6,42614,123456789943,1,4,1,NULL,NULL,1,19,'2022-02-01 23:24:11',NULL,NULL,0),
(782,10,6,42614,123456789943,1,5,1,NULL,NULL,1,19,'2022-02-01 23:24:13',NULL,NULL,0),
(783,10,6,42614,123456789943,1,6,1,NULL,NULL,1,19,'2022-02-01 23:24:15',NULL,NULL,0),
(784,10,6,42614,123456789943,1,7,1,NULL,NULL,1,19,'2022-02-01 23:24:17',NULL,NULL,0),
(785,10,6,42614,123456789943,1,8,1,NULL,NULL,1,19,'2022-02-01 23:24:18',NULL,NULL,0),
(786,10,6,42614,123456789943,1,9,1,NULL,NULL,1,19,'2022-02-01 23:24:19',NULL,NULL,0),
(787,10,6,42614,123456789943,1,79,1,NULL,NULL,1,19,'2022-02-01 23:24:22',NULL,NULL,0),
(788,10,6,42614,123456789943,1,10,1,NULL,NULL,1,19,'2022-02-01 23:24:24',NULL,NULL,0),
(789,10,6,42614,123456789943,1,11,1,NULL,NULL,1,19,'2022-02-01 23:24:25',NULL,NULL,0),
(790,10,6,42614,123456789943,1,12,1,NULL,NULL,1,19,'2022-02-01 23:24:27',NULL,NULL,0),
(791,10,6,42614,123456789943,1,13,1,NULL,NULL,1,19,'2022-02-01 23:24:28',NULL,NULL,0),
(792,10,6,42614,123456789943,2,14,1,NULL,NULL,1,19,'2022-02-01 23:24:31',NULL,NULL,0),
(793,10,6,42614,123456789943,2,15,1,NULL,NULL,1,19,'2022-02-01 23:24:32',NULL,NULL,0),
(794,10,6,42614,123456789943,2,16,1,NULL,NULL,1,19,'2022-02-01 23:24:33',NULL,NULL,0),
(795,10,6,42614,123456789943,2,17,1,NULL,NULL,1,19,'2022-02-01 23:24:34',NULL,NULL,0),
(796,10,6,42614,123456789943,2,18,1,NULL,NULL,1,19,'2022-02-01 23:24:36',NULL,NULL,0),
(797,10,6,42614,123456789943,2,19,1,NULL,NULL,1,19,'2022-02-01 23:24:38',NULL,NULL,0),
(798,10,6,42614,123456789943,2,20,1,NULL,NULL,1,19,'2022-02-01 23:24:40',NULL,NULL,0),
(799,10,6,42614,123456789943,2,21,1,NULL,NULL,1,19,'2022-02-01 23:24:41',NULL,NULL,0),
(800,10,6,42614,123456789943,2,22,1,NULL,NULL,1,19,'2022-02-01 23:24:42',NULL,NULL,0),
(801,10,6,42614,123456789943,2,23,1,NULL,NULL,1,19,'2022-02-01 23:24:45',NULL,NULL,0),
(802,10,6,42614,123456789943,2,24,1,NULL,NULL,1,19,'2022-02-01 23:24:46',NULL,NULL,0),
(803,10,6,42614,123456789943,2,25,1,NULL,NULL,1,19,'2022-02-01 23:24:48',NULL,NULL,0),
(804,10,6,42614,123456789943,2,26,1,NULL,NULL,1,19,'2022-02-01 23:24:50',NULL,NULL,0),
(805,10,6,42614,123456789943,2,27,1,NULL,NULL,1,19,'2022-02-01 23:24:51',NULL,NULL,0),
(806,10,6,42614,123456789943,2,28,1,NULL,NULL,1,19,'2022-02-01 23:24:53',NULL,NULL,0),
(807,10,6,42614,123456789943,2,29,1,NULL,NULL,1,19,'2022-02-01 23:24:55',NULL,NULL,0),
(808,10,6,42614,123456789943,2,30,1,NULL,NULL,1,19,'2022-02-01 23:24:57',NULL,NULL,0),
(809,10,6,42614,123456789943,2,31,1,NULL,NULL,1,19,'2022-02-01 23:24:58',NULL,NULL,0),
(810,10,6,42614,123456789943,2,32,1,NULL,NULL,1,19,'2022-02-01 23:24:59',NULL,NULL,0),
(811,10,6,42614,123456789943,2,34,1,NULL,NULL,1,19,'2022-02-01 23:25:05',NULL,NULL,0),
(812,10,6,42614,123456789943,2,35,1,NULL,NULL,1,19,'2022-02-01 23:25:06',NULL,NULL,0),
(813,10,6,42614,123456789943,2,36,1,NULL,NULL,1,19,'2022-02-01 23:25:07',NULL,NULL,0),
(814,10,6,42614,123456789943,2,39,1,NULL,NULL,1,19,'2022-02-01 23:25:09',NULL,NULL,0),
(815,10,6,42614,123456789943,2,43,1,NULL,NULL,1,19,'2022-02-01 23:25:12',NULL,NULL,0),
(816,10,6,42614,123456789943,3,46,1,7,NULL,1,19,'2022-02-01 23:25:14',NULL,NULL,0),
(817,10,6,42614,123456789943,3,47,1,7,NULL,1,19,'2022-02-01 23:25:15',NULL,NULL,0),
(818,10,6,42614,123456789943,3,48,1,7,NULL,1,19,'2022-02-01 23:25:16',NULL,NULL,0),
(819,10,6,42614,123456789943,3,49,1,7,NULL,1,19,'2022-02-01 23:25:19',NULL,NULL,0),
(820,10,6,42614,123456789943,3,50,1,7,NULL,1,19,'2022-02-01 23:25:20',NULL,NULL,0),
(821,10,6,42614,123456789943,3,51,1,7,NULL,1,19,'2022-02-01 23:25:21',NULL,NULL,0),
(822,10,6,42614,123456789943,3,55,1,7,NULL,1,19,'2022-02-01 23:25:24',NULL,NULL,0),
(823,10,6,42614,123456789943,3,56,1,7,NULL,1,19,'2022-02-01 23:25:26',NULL,NULL,0),
(824,10,6,42614,123456789943,3,57,1,7,NULL,1,19,'2022-02-01 23:25:27',NULL,NULL,0),
(825,10,6,42614,123456789943,3,58,1,7,NULL,1,19,'2022-02-01 23:25:30',NULL,NULL,0),
(826,10,6,42614,123456789943,3,59,1,7,NULL,1,19,'2022-02-01 23:25:30',NULL,NULL,0),
(827,10,6,42614,123456789943,3,60,1,7,NULL,1,19,'2022-02-01 23:25:31',NULL,NULL,0),
(828,10,6,42614,123456789943,3,61,1,7,NULL,1,19,'2022-02-01 23:25:32',NULL,NULL,0),
(829,10,6,42614,123456789943,3,62,1,7,NULL,1,19,'2022-02-01 23:25:33',NULL,NULL,0),
(830,10,6,42614,123456789943,3,63,1,7,NULL,1,19,'2022-02-01 23:25:34',NULL,NULL,0),
(831,10,6,42614,123456789943,3,66,1,7,NULL,1,19,'2022-02-01 23:25:36',NULL,NULL,0),
(832,10,6,42614,123456789943,3,67,1,7,NULL,1,19,'2022-02-01 23:25:38',NULL,NULL,0),
(833,10,6,42614,123456789943,4,72,1,NULL,NULL,1,19,'2022-02-01 23:25:47',NULL,NULL,0),
(834,10,6,42614,123456789943,4,74,1,NULL,NULL,1,19,'2022-02-01 23:25:49',NULL,NULL,0),
(835,10,6,42614,123456789943,4,75,1,NULL,NULL,1,19,'2022-02-01 23:25:50',NULL,NULL,0),
(836,10,6,42614,123456789943,4,76,1,NULL,NULL,1,19,'2022-02-01 23:25:56',NULL,NULL,0),
(837,10,6,42614,123456789943,4,77,1,NULL,NULL,1,19,'2022-02-01 23:25:57',NULL,NULL,0),
(838,10,6,42614,123456789943,4,78,1,NULL,NULL,1,19,'2022-02-01 23:25:58',NULL,NULL,0),
(839,10,6,42614,123456789943,4,73,1,NULL,NULL,1,19,'2022-02-01 23:26:01',NULL,NULL,0),
(840,11,7,42619,123456789949,1,3,1,NULL,NULL,1,10,'2022-02-02 18:19:19',NULL,NULL,0),
(841,11,7,42619,123456789949,1,4,1,NULL,NULL,1,10,'2022-02-02 18:19:21',NULL,NULL,0),
(842,11,7,42619,123456789949,1,5,1,NULL,NULL,1,10,'2022-02-02 18:19:22',NULL,NULL,0),
(843,11,7,42619,123456789949,1,6,1,NULL,NULL,1,10,'2022-02-02 18:19:23',NULL,NULL,0),
(844,11,7,42619,123456789949,1,7,1,NULL,NULL,1,10,'2022-02-02 18:19:23',NULL,NULL,0),
(845,11,7,42619,123456789949,1,8,1,NULL,NULL,1,10,'2022-02-02 18:19:24',NULL,NULL,0),
(846,11,7,42619,123456789949,1,9,1,NULL,NULL,1,10,'2022-02-02 18:19:24',NULL,NULL,0),
(847,11,7,42619,123456789949,1,79,1,NULL,NULL,1,10,'2022-02-02 18:19:25',NULL,NULL,0),
(848,11,7,42619,123456789949,1,10,1,NULL,NULL,1,10,'2022-02-02 18:19:26',NULL,NULL,0),
(849,11,7,42619,123456789949,1,11,1,NULL,NULL,1,10,'2022-02-02 18:19:27',NULL,NULL,0),
(850,11,7,42619,123456789949,1,12,1,NULL,NULL,1,10,'2022-02-02 18:19:28',NULL,NULL,0),
(851,11,7,42619,123456789949,1,13,1,NULL,NULL,1,10,'2022-02-02 18:19:28',NULL,NULL,0),
(852,11,7,42619,123456789949,2,14,1,NULL,NULL,1,10,'2022-02-02 18:19:29',NULL,NULL,0),
(853,11,7,42619,123456789949,2,15,1,NULL,NULL,1,10,'2022-02-02 18:19:30',NULL,NULL,0),
(854,11,7,42619,123456789949,2,16,1,NULL,NULL,1,10,'2022-02-02 18:19:30',NULL,NULL,0),
(855,11,7,42619,123456789949,2,17,1,NULL,NULL,1,10,'2022-02-02 18:19:31',NULL,NULL,0),
(856,11,7,42619,123456789949,2,18,1,NULL,NULL,1,10,'2022-02-02 18:19:31',NULL,NULL,0),
(857,11,7,42619,123456789949,2,19,1,NULL,NULL,1,10,'2022-02-02 18:19:32',NULL,NULL,0),
(858,11,7,42619,123456789949,2,20,1,NULL,NULL,1,10,'2022-02-02 18:19:33',NULL,NULL,0),
(859,11,7,42619,123456789949,2,21,1,NULL,NULL,1,10,'2022-02-02 18:19:34',NULL,NULL,0),
(860,11,7,42619,123456789949,2,22,1,NULL,NULL,1,10,'2022-02-02 18:19:34',NULL,NULL,0),
(861,11,7,42619,123456789949,2,23,1,NULL,NULL,1,10,'2022-02-02 18:19:35',NULL,NULL,0),
(862,11,7,42619,123456789949,2,24,1,NULL,NULL,1,10,'2022-02-02 18:19:35',NULL,NULL,0),
(863,11,7,42619,123456789949,2,25,1,NULL,NULL,1,10,'2022-02-02 18:19:37',NULL,NULL,0),
(864,11,7,42619,123456789949,2,26,1,NULL,NULL,1,10,'2022-02-02 18:19:37',NULL,NULL,0),
(865,11,7,42619,123456789949,2,27,1,NULL,NULL,1,10,'2022-02-02 18:19:38',NULL,NULL,0),
(866,11,7,42619,123456789949,2,28,1,NULL,NULL,1,10,'2022-02-02 18:19:38',NULL,NULL,0),
(867,11,7,42619,123456789949,2,29,1,NULL,NULL,1,10,'2022-02-02 18:19:41',NULL,NULL,0),
(868,11,7,42619,123456789949,2,30,1,NULL,NULL,1,10,'2022-02-02 18:19:43',NULL,NULL,0),
(869,11,7,42619,123456789949,2,31,1,NULL,NULL,1,10,'2022-02-02 18:19:43',NULL,NULL,0),
(870,11,7,42619,123456789949,2,32,1,NULL,NULL,1,10,'2022-02-02 18:19:44',NULL,NULL,0),
(871,11,7,42619,123456789949,2,34,1,NULL,NULL,1,10,'2022-02-02 18:19:47',NULL,NULL,0),
(872,11,7,42619,123456789949,2,35,1,NULL,NULL,1,10,'2022-02-02 18:19:47',NULL,NULL,0),
(873,11,7,42619,123456789949,2,36,1,NULL,NULL,1,10,'2022-02-02 18:19:48',NULL,NULL,0),
(874,11,7,42619,123456789949,2,39,1,NULL,NULL,1,10,'2022-02-02 18:19:49',NULL,NULL,0),
(875,11,7,42619,123456789949,2,43,1,NULL,NULL,1,10,'2022-02-02 18:19:50',NULL,NULL,0),
(876,11,7,42619,123456789949,2,44,1,NULL,NULL,1,10,'2022-02-02 18:19:51',NULL,NULL,0),
(877,11,7,42619,123456789949,3,46,1,8,NULL,1,10,'2022-02-02 18:19:52',NULL,NULL,0),
(878,11,7,42619,123456789949,3,47,1,8,NULL,1,10,'2022-02-02 18:19:53',NULL,NULL,0),
(879,11,7,42619,123456789949,3,48,1,8,NULL,1,10,'2022-02-02 18:19:54',NULL,NULL,0),
(880,11,7,42619,123456789949,3,49,1,8,NULL,1,10,'2022-02-02 18:19:55',NULL,NULL,0),
(881,11,7,42619,123456789949,3,50,1,8,NULL,1,10,'2022-02-02 18:19:57',NULL,NULL,0),
(882,11,7,42619,123456789949,3,51,1,8,NULL,1,10,'2022-02-02 18:19:57',NULL,NULL,0),
(883,11,7,42619,123456789949,3,55,1,8,NULL,1,10,'2022-02-02 18:19:58',NULL,NULL,0),
(884,11,7,42619,123456789949,3,56,1,8,NULL,1,10,'2022-02-02 18:19:59',NULL,NULL,0),
(885,11,7,42619,123456789949,3,57,1,8,NULL,1,10,'2022-02-02 18:20:00',NULL,NULL,0),
(886,11,7,42619,123456789949,3,58,1,8,NULL,1,10,'2022-02-02 18:20:01',NULL,NULL,0),
(887,11,7,42619,123456789949,3,59,1,8,NULL,1,10,'2022-02-02 18:20:03',NULL,NULL,0),
(888,11,7,42619,123456789949,3,60,1,8,NULL,1,10,'2022-02-02 18:20:04',NULL,NULL,0),
(889,11,7,42619,123456789949,3,61,1,8,NULL,1,10,'2022-02-02 18:20:04',NULL,NULL,0),
(890,11,7,42619,123456789949,3,62,1,8,NULL,1,10,'2022-02-02 18:20:05',NULL,NULL,0),
(891,11,7,42619,123456789949,3,63,1,8,NULL,1,10,'2022-02-02 18:20:06',NULL,NULL,0),
(892,11,7,42619,123456789949,3,66,1,8,NULL,1,10,'2022-02-02 18:20:06',NULL,NULL,0),
(893,11,7,42619,123456789949,3,67,1,8,NULL,1,10,'2022-02-02 18:20:07',NULL,NULL,0),
(894,11,7,42619,123456789949,4,72,1,NULL,NULL,1,10,'2022-02-02 18:20:08',NULL,NULL,0),
(895,11,7,42619,123456789949,4,74,1,NULL,NULL,1,10,'2022-02-02 18:20:10',NULL,NULL,0),
(896,11,7,42619,123456789949,4,75,1,NULL,NULL,1,10,'2022-02-02 18:20:11',NULL,NULL,0),
(897,11,7,42619,123456789949,4,76,1,NULL,NULL,1,10,'2022-02-02 18:20:12',NULL,NULL,0),
(898,11,7,42619,123456789949,4,77,1,NULL,NULL,1,10,'2022-02-02 18:20:12',NULL,NULL,0),
(899,11,7,42619,123456789949,4,78,1,NULL,NULL,1,10,'2022-02-02 18:20:14',NULL,NULL,0),
(900,11,7,42619,123456789949,4,73,1,NULL,NULL,1,10,'2022-02-02 18:20:15',NULL,NULL,0),
(901,11,7,42619,123456789949,1,3,1,NULL,NULL,1,15,'2022-02-02 18:19:19',NULL,NULL,0),
(902,11,7,42619,123456789949,1,4,1,NULL,NULL,1,15,'2022-02-02 18:19:21',NULL,NULL,0),
(903,11,7,42619,123456789949,1,5,1,NULL,NULL,1,15,'2022-02-02 18:19:22',NULL,NULL,0),
(904,11,7,42619,123456789949,1,6,1,NULL,NULL,1,15,'2022-02-02 18:19:23',NULL,NULL,0),
(905,11,7,42619,123456789949,1,7,1,NULL,NULL,1,15,'2022-02-02 18:19:23',NULL,NULL,0),
(906,11,7,42619,123456789949,1,8,1,NULL,NULL,1,15,'2022-02-02 18:19:24',NULL,NULL,0),
(907,11,7,42619,123456789949,1,9,1,NULL,NULL,1,15,'2022-02-02 18:19:24',NULL,NULL,0),
(908,11,7,42619,123456789949,1,79,1,NULL,NULL,1,15,'2022-02-02 18:19:25',NULL,NULL,0),
(909,11,7,42619,123456789949,1,10,1,NULL,NULL,1,15,'2022-02-02 18:19:26',NULL,NULL,0),
(910,11,7,42619,123456789949,1,11,1,NULL,NULL,1,15,'2022-02-02 18:19:27',NULL,NULL,0),
(911,11,7,42619,123456789949,1,12,1,NULL,NULL,1,15,'2022-02-02 18:19:28',NULL,NULL,0),
(912,11,7,42619,123456789949,1,13,1,NULL,NULL,1,15,'2022-02-02 18:19:28',NULL,NULL,0),
(913,11,7,42619,123456789949,2,14,1,NULL,NULL,1,15,'2022-02-02 18:19:29',NULL,NULL,0),
(914,11,7,42619,123456789949,2,15,1,NULL,NULL,1,15,'2022-02-02 18:19:30',NULL,NULL,0),
(915,11,7,42619,123456789949,2,16,1,NULL,NULL,1,15,'2022-02-02 18:19:30',NULL,NULL,0),
(916,11,7,42619,123456789949,2,17,1,NULL,NULL,1,15,'2022-02-02 18:19:31',NULL,NULL,0),
(917,11,7,42619,123456789949,2,18,1,NULL,NULL,1,15,'2022-02-02 18:19:31',NULL,NULL,0),
(918,11,7,42619,123456789949,2,19,1,NULL,NULL,1,15,'2022-02-02 18:19:32',NULL,NULL,0),
(919,11,7,42619,123456789949,2,20,1,NULL,NULL,1,15,'2022-02-02 18:19:33',NULL,NULL,0),
(920,11,7,42619,123456789949,2,21,1,NULL,NULL,1,15,'2022-02-02 18:19:34',NULL,NULL,0),
(921,11,7,42619,123456789949,2,22,1,NULL,NULL,1,15,'2022-02-02 18:19:34',NULL,NULL,0),
(922,11,7,42619,123456789949,2,23,1,NULL,NULL,1,15,'2022-02-02 18:19:35',NULL,NULL,0),
(923,11,7,42619,123456789949,2,24,1,NULL,NULL,1,15,'2022-02-02 18:19:35',NULL,NULL,0),
(924,11,7,42619,123456789949,2,25,1,NULL,NULL,1,15,'2022-02-02 18:19:37',NULL,NULL,0),
(925,11,7,42619,123456789949,2,26,1,NULL,NULL,1,15,'2022-02-02 18:19:37',NULL,NULL,0),
(926,11,7,42619,123456789949,2,27,1,NULL,NULL,1,15,'2022-02-02 18:19:38',NULL,NULL,0),
(927,11,7,42619,123456789949,2,28,1,NULL,NULL,1,15,'2022-02-02 18:19:38',NULL,NULL,0),
(928,11,7,42619,123456789949,2,29,1,NULL,NULL,1,15,'2022-02-02 18:19:41',NULL,NULL,0),
(929,11,7,42619,123456789949,2,30,1,NULL,NULL,1,15,'2022-02-02 18:19:43',NULL,NULL,0),
(930,11,7,42619,123456789949,2,31,1,NULL,NULL,1,15,'2022-02-02 18:19:43',NULL,NULL,0),
(931,11,7,42619,123456789949,2,32,1,NULL,NULL,1,15,'2022-02-02 18:19:44',NULL,NULL,0),
(932,11,7,42619,123456789949,2,34,1,NULL,NULL,1,15,'2022-02-02 18:19:47',NULL,NULL,0),
(933,11,7,42619,123456789949,2,35,1,NULL,NULL,1,15,'2022-02-02 18:19:47',NULL,NULL,0),
(934,11,7,42619,123456789949,2,36,1,NULL,NULL,1,15,'2022-02-02 18:19:48',NULL,NULL,0),
(935,11,7,42619,123456789949,2,39,1,NULL,NULL,1,15,'2022-02-02 18:19:49',NULL,NULL,0),
(936,11,7,42619,123456789949,2,43,1,NULL,NULL,1,15,'2022-02-02 18:19:50',NULL,NULL,0),
(937,11,7,42619,123456789949,2,44,1,NULL,NULL,1,15,'2022-02-02 18:19:51',NULL,NULL,0),
(938,11,7,42619,123456789949,3,46,1,8,NULL,1,15,'2022-02-02 18:19:52',NULL,NULL,0),
(939,11,7,42619,123456789949,3,47,1,8,NULL,1,15,'2022-02-02 18:19:53',NULL,NULL,0),
(940,11,7,42619,123456789949,3,48,1,8,NULL,1,15,'2022-02-02 18:19:54',NULL,NULL,0),
(941,11,7,42619,123456789949,3,49,1,8,NULL,1,15,'2022-02-02 18:19:55',NULL,NULL,0),
(942,11,7,42619,123456789949,3,50,1,8,NULL,1,15,'2022-02-02 18:19:57',NULL,NULL,0),
(943,11,7,42619,123456789949,3,51,1,8,NULL,1,15,'2022-02-02 18:19:57',NULL,NULL,0),
(944,11,7,42619,123456789949,3,55,1,8,NULL,1,15,'2022-02-02 18:19:58',NULL,NULL,0),
(945,11,7,42619,123456789949,3,56,1,8,NULL,1,15,'2022-02-02 18:19:59',NULL,NULL,0),
(946,11,7,42619,123456789949,3,57,1,8,NULL,1,15,'2022-02-02 18:20:00',NULL,NULL,0),
(947,11,7,42619,123456789949,3,58,1,8,NULL,1,15,'2022-02-02 18:20:01',NULL,NULL,0),
(948,11,7,42619,123456789949,3,59,1,8,NULL,1,15,'2022-02-02 18:20:03',NULL,NULL,0),
(949,11,7,42619,123456789949,3,60,1,8,NULL,1,15,'2022-02-02 18:20:04',NULL,NULL,0),
(950,11,7,42619,123456789949,3,61,1,8,NULL,1,15,'2022-02-02 18:20:04',NULL,NULL,0),
(951,11,7,42619,123456789949,3,62,1,8,NULL,1,15,'2022-02-02 18:20:05',NULL,NULL,0),
(952,11,7,42619,123456789949,3,63,1,8,NULL,1,15,'2022-02-02 18:20:06',NULL,NULL,0),
(953,11,7,42619,123456789949,3,66,1,8,NULL,1,15,'2022-02-02 18:20:06',NULL,NULL,0),
(954,11,7,42619,123456789949,3,67,1,8,NULL,1,15,'2022-02-02 18:20:07',NULL,NULL,0),
(955,11,7,42619,123456789949,4,72,1,NULL,NULL,1,15,'2022-02-02 18:20:08',NULL,NULL,0),
(956,11,7,42619,123456789949,4,74,1,NULL,NULL,1,15,'2022-02-02 18:20:10',NULL,NULL,0),
(957,11,7,42619,123456789949,4,75,1,NULL,NULL,1,15,'2022-02-02 18:20:11',NULL,NULL,0),
(958,11,7,42619,123456789949,4,76,1,NULL,NULL,1,15,'2022-02-02 18:20:12',NULL,NULL,0),
(959,11,7,42619,123456789949,4,77,1,NULL,NULL,1,15,'2022-02-02 18:20:12',NULL,NULL,0),
(960,11,7,42619,123456789949,4,78,1,NULL,NULL,1,15,'2022-02-02 18:20:14',NULL,NULL,0),
(961,11,7,42619,123456789949,4,73,1,NULL,NULL,1,15,'2022-02-02 18:20:15',NULL,NULL,0),
(962,11,7,42619,123456789949,1,3,1,NULL,NULL,1,23,'2022-02-02 18:19:19',NULL,NULL,0),
(963,11,7,42619,123456789949,1,4,1,NULL,NULL,1,23,'2022-02-02 18:19:21',NULL,NULL,0),
(964,11,7,42619,123456789949,1,5,1,NULL,NULL,1,23,'2022-02-02 18:19:22',NULL,NULL,0),
(965,11,7,42619,123456789949,1,6,1,NULL,NULL,1,23,'2022-02-02 18:19:23',NULL,NULL,0),
(966,11,7,42619,123456789949,1,7,1,NULL,NULL,1,23,'2022-02-02 18:19:23',NULL,NULL,0),
(967,11,7,42619,123456789949,1,8,1,NULL,NULL,1,23,'2022-02-02 18:19:24',NULL,NULL,0),
(968,11,7,42619,123456789949,1,9,1,NULL,NULL,1,23,'2022-02-02 18:19:24',NULL,NULL,0),
(969,11,7,42619,123456789949,1,79,1,NULL,NULL,1,23,'2022-02-02 18:19:25',NULL,NULL,0),
(970,11,7,42619,123456789949,1,10,1,NULL,NULL,1,23,'2022-02-02 18:19:26',NULL,NULL,0),
(971,11,7,42619,123456789949,1,11,1,NULL,NULL,1,23,'2022-02-02 18:19:27',NULL,NULL,0),
(972,11,7,42619,123456789949,1,12,1,NULL,NULL,1,23,'2022-02-02 18:19:28',NULL,NULL,0),
(973,11,7,42619,123456789949,1,13,1,NULL,NULL,1,23,'2022-02-02 18:19:28',NULL,NULL,0),
(974,11,7,42619,123456789949,2,14,1,NULL,NULL,1,23,'2022-02-02 18:19:29',NULL,NULL,0),
(975,11,7,42619,123456789949,2,15,1,NULL,NULL,1,23,'2022-02-02 18:19:30',NULL,NULL,0),
(976,11,7,42619,123456789949,2,16,1,NULL,NULL,1,23,'2022-02-02 18:19:30',NULL,NULL,0),
(977,11,7,42619,123456789949,2,17,1,NULL,NULL,1,23,'2022-02-02 18:19:31',NULL,NULL,0),
(978,11,7,42619,123456789949,2,18,1,NULL,NULL,1,23,'2022-02-02 18:19:31',NULL,NULL,0),
(979,11,7,42619,123456789949,2,19,1,NULL,NULL,1,23,'2022-02-02 18:19:32',NULL,NULL,0),
(980,11,7,42619,123456789949,2,20,1,NULL,NULL,1,23,'2022-02-02 18:19:33',NULL,NULL,0),
(981,11,7,42619,123456789949,2,21,1,NULL,NULL,1,23,'2022-02-02 18:19:34',NULL,NULL,0),
(982,11,7,42619,123456789949,2,22,1,NULL,NULL,1,23,'2022-02-02 18:19:34',NULL,NULL,0),
(983,11,7,42619,123456789949,2,23,1,NULL,NULL,1,23,'2022-02-02 18:19:35',NULL,NULL,0),
(984,11,7,42619,123456789949,2,24,1,NULL,NULL,1,23,'2022-02-02 18:19:35',NULL,NULL,0),
(985,11,7,42619,123456789949,2,25,1,NULL,NULL,1,23,'2022-02-02 18:19:37',NULL,NULL,0),
(986,11,7,42619,123456789949,2,26,1,NULL,NULL,1,23,'2022-02-02 18:19:37',NULL,NULL,0),
(987,11,7,42619,123456789949,2,27,1,NULL,NULL,1,23,'2022-02-02 18:19:38',NULL,NULL,0),
(988,11,7,42619,123456789949,2,28,1,NULL,NULL,1,23,'2022-02-02 18:19:38',NULL,NULL,0),
(989,11,7,42619,123456789949,2,29,1,NULL,NULL,1,23,'2022-02-02 18:19:41',NULL,NULL,0),
(990,11,7,42619,123456789949,2,30,1,NULL,NULL,1,23,'2022-02-02 18:19:43',NULL,NULL,0),
(991,11,7,42619,123456789949,2,31,1,NULL,NULL,1,23,'2022-02-02 18:19:43',NULL,NULL,0),
(992,11,7,42619,123456789949,2,32,1,NULL,NULL,1,23,'2022-02-02 18:19:44',NULL,NULL,0),
(993,11,7,42619,123456789949,2,34,1,NULL,NULL,1,23,'2022-02-02 18:19:47',NULL,NULL,0),
(994,11,7,42619,123456789949,2,35,1,NULL,NULL,1,23,'2022-02-02 18:19:47',NULL,NULL,0),
(995,11,7,42619,123456789949,2,36,1,NULL,NULL,1,23,'2022-02-02 18:19:48',NULL,NULL,0),
(996,11,7,42619,123456789949,2,39,1,NULL,NULL,1,23,'2022-02-02 18:19:49',NULL,NULL,0),
(997,11,7,42619,123456789949,2,43,1,NULL,NULL,1,23,'2022-02-02 18:19:50',NULL,NULL,0),
(998,11,7,42619,123456789949,2,44,1,NULL,NULL,1,23,'2022-02-02 18:19:51',NULL,NULL,0),
(999,11,7,42619,123456789949,3,46,1,8,NULL,1,23,'2022-02-02 18:19:52',NULL,NULL,0),
(1000,11,7,42619,123456789949,3,47,1,8,NULL,1,23,'2022-02-02 18:19:53',NULL,NULL,0),
(1001,11,7,42619,123456789949,3,48,1,8,NULL,1,23,'2022-02-02 18:19:54',NULL,NULL,0),
(1002,11,7,42619,123456789949,3,49,1,8,NULL,1,23,'2022-02-02 18:19:55',NULL,NULL,0),
(1003,11,7,42619,123456789949,3,50,1,8,NULL,1,23,'2022-02-02 18:19:57',NULL,NULL,0),
(1004,11,7,42619,123456789949,3,51,1,8,NULL,1,23,'2022-02-02 18:19:57',NULL,NULL,0),
(1005,11,7,42619,123456789949,3,55,1,8,NULL,1,23,'2022-02-02 18:19:58',NULL,NULL,0),
(1006,11,7,42619,123456789949,3,56,1,8,NULL,1,23,'2022-02-02 18:19:59',NULL,NULL,0),
(1007,11,7,42619,123456789949,3,57,1,8,NULL,1,23,'2022-02-02 18:20:00',NULL,NULL,0),
(1008,11,7,42619,123456789949,3,58,1,8,NULL,1,23,'2022-02-02 18:20:01',NULL,NULL,0),
(1009,11,7,42619,123456789949,3,59,1,8,NULL,1,23,'2022-02-02 18:20:03',NULL,NULL,0),
(1010,11,7,42619,123456789949,3,60,1,8,NULL,1,23,'2022-02-02 18:20:04',NULL,NULL,0),
(1011,11,7,42619,123456789949,3,61,1,8,NULL,1,23,'2022-02-02 18:20:04',NULL,NULL,0),
(1012,11,7,42619,123456789949,3,62,1,8,NULL,1,23,'2022-02-02 18:20:05',NULL,NULL,0),
(1013,11,7,42619,123456789949,3,63,1,8,NULL,1,23,'2022-02-02 18:20:06',NULL,NULL,0),
(1014,11,7,42619,123456789949,3,66,1,8,NULL,1,23,'2022-02-02 18:20:06',NULL,NULL,0),
(1015,11,7,42619,123456789949,3,67,1,8,NULL,1,23,'2022-02-02 18:20:07',NULL,NULL,0),
(1016,11,7,42619,123456789949,4,72,1,NULL,NULL,1,23,'2022-02-02 18:20:08',NULL,NULL,0),
(1017,11,7,42619,123456789949,4,74,1,NULL,NULL,1,23,'2022-02-02 18:20:10',NULL,NULL,0),
(1018,11,7,42619,123456789949,4,75,1,NULL,NULL,1,23,'2022-02-02 18:20:11',NULL,NULL,0),
(1019,11,7,42619,123456789949,4,76,1,NULL,NULL,1,23,'2022-02-02 18:20:12',NULL,NULL,0),
(1020,11,7,42619,123456789949,4,77,1,NULL,NULL,1,23,'2022-02-02 18:20:12',NULL,NULL,0),
(1021,11,7,42619,123456789949,4,78,1,NULL,NULL,1,23,'2022-02-02 18:20:14',NULL,NULL,0),
(1022,11,7,42619,123456789949,4,73,1,NULL,NULL,1,23,'2022-02-02 18:20:15',NULL,NULL,0),
(1023,11,7,42619,123456789949,1,3,1,NULL,NULL,1,19,'2022-02-02 18:19:19',NULL,NULL,0),
(1024,11,7,42619,123456789949,1,4,1,NULL,NULL,1,19,'2022-02-02 18:19:21',NULL,NULL,0),
(1025,11,7,42619,123456789949,1,5,1,NULL,NULL,1,19,'2022-02-02 18:19:22',NULL,NULL,0),
(1026,11,7,42619,123456789949,1,6,1,NULL,NULL,1,19,'2022-02-02 18:19:23',NULL,NULL,0),
(1027,11,7,42619,123456789949,1,7,1,NULL,NULL,1,19,'2022-02-02 18:19:23',NULL,NULL,0),
(1028,11,7,42619,123456789949,1,8,1,NULL,NULL,1,19,'2022-02-02 18:19:24',NULL,NULL,0),
(1029,11,7,42619,123456789949,1,9,1,NULL,NULL,1,19,'2022-02-02 18:19:24',NULL,NULL,0),
(1030,11,7,42619,123456789949,1,79,1,NULL,NULL,1,19,'2022-02-02 18:19:25',NULL,NULL,0),
(1031,11,7,42619,123456789949,1,10,1,NULL,NULL,1,19,'2022-02-02 18:19:26',NULL,NULL,0),
(1032,11,7,42619,123456789949,1,11,1,NULL,NULL,1,19,'2022-02-02 18:19:27',NULL,NULL,0),
(1033,11,7,42619,123456789949,1,12,1,NULL,NULL,1,19,'2022-02-02 18:19:28',NULL,NULL,0),
(1034,11,7,42619,123456789949,1,13,1,NULL,NULL,1,19,'2022-02-02 18:19:28',NULL,NULL,0),
(1035,11,7,42619,123456789949,2,14,1,NULL,NULL,1,19,'2022-02-02 18:19:29',NULL,NULL,0),
(1036,11,7,42619,123456789949,2,15,1,NULL,NULL,1,19,'2022-02-02 18:19:30',NULL,NULL,0),
(1037,11,7,42619,123456789949,2,16,1,NULL,NULL,1,19,'2022-02-02 18:19:30',NULL,NULL,0),
(1038,11,7,42619,123456789949,2,17,1,NULL,NULL,1,19,'2022-02-02 18:19:31',NULL,NULL,0),
(1039,11,7,42619,123456789949,2,18,1,NULL,NULL,1,19,'2022-02-02 18:19:31',NULL,NULL,0),
(1040,11,7,42619,123456789949,2,19,1,NULL,NULL,1,19,'2022-02-02 18:19:32',NULL,NULL,0),
(1041,11,7,42619,123456789949,2,20,1,NULL,NULL,1,19,'2022-02-02 18:19:33',NULL,NULL,0),
(1042,11,7,42619,123456789949,2,21,1,NULL,NULL,1,19,'2022-02-02 18:19:34',NULL,NULL,0),
(1043,11,7,42619,123456789949,2,22,1,NULL,NULL,1,19,'2022-02-02 18:19:34',NULL,NULL,0),
(1044,11,7,42619,123456789949,2,23,1,NULL,NULL,1,19,'2022-02-02 18:19:35',NULL,NULL,0),
(1045,11,7,42619,123456789949,2,24,1,NULL,NULL,1,19,'2022-02-02 18:19:35',NULL,NULL,0),
(1046,11,7,42619,123456789949,2,25,1,NULL,NULL,1,19,'2022-02-02 18:19:37',NULL,NULL,0),
(1047,11,7,42619,123456789949,2,26,1,NULL,NULL,1,19,'2022-02-02 18:19:37',NULL,NULL,0),
(1048,11,7,42619,123456789949,2,27,1,NULL,NULL,1,19,'2022-02-02 18:19:38',NULL,NULL,0),
(1049,11,7,42619,123456789949,2,28,1,NULL,NULL,1,19,'2022-02-02 18:19:38',NULL,NULL,0),
(1050,11,7,42619,123456789949,2,29,1,NULL,NULL,1,19,'2022-02-02 18:19:41',NULL,NULL,0),
(1051,11,7,42619,123456789949,2,30,1,NULL,NULL,1,19,'2022-02-02 18:19:43',NULL,NULL,0),
(1052,11,7,42619,123456789949,2,31,1,NULL,NULL,1,19,'2022-02-02 18:19:43',NULL,NULL,0),
(1053,11,7,42619,123456789949,2,32,1,NULL,NULL,1,19,'2022-02-02 18:19:44',NULL,NULL,0),
(1054,11,7,42619,123456789949,2,34,1,NULL,NULL,1,19,'2022-02-02 18:19:47',NULL,NULL,0),
(1055,11,7,42619,123456789949,2,35,1,NULL,NULL,1,19,'2022-02-02 18:19:47',NULL,NULL,0),
(1056,11,7,42619,123456789949,2,36,1,NULL,NULL,1,19,'2022-02-02 18:19:48',NULL,NULL,0),
(1057,11,7,42619,123456789949,2,39,1,NULL,NULL,1,19,'2022-02-02 18:19:49',NULL,NULL,0),
(1058,11,7,42619,123456789949,2,43,1,NULL,NULL,1,19,'2022-02-02 18:19:50',NULL,NULL,0),
(1059,11,7,42619,123456789949,2,44,1,NULL,NULL,1,19,'2022-02-02 18:19:51',NULL,NULL,0),
(1060,11,7,42619,123456789949,3,46,1,8,NULL,1,19,'2022-02-02 18:19:52',NULL,NULL,0),
(1061,11,7,42619,123456789949,3,47,1,8,NULL,1,19,'2022-02-02 18:19:53',NULL,NULL,0),
(1062,11,7,42619,123456789949,3,48,1,8,NULL,1,19,'2022-02-02 18:19:54',NULL,NULL,0),
(1063,11,7,42619,123456789949,3,49,1,8,NULL,1,19,'2022-02-02 18:19:55',NULL,NULL,0),
(1064,11,7,42619,123456789949,3,50,1,8,NULL,1,19,'2022-02-02 18:19:57',NULL,NULL,0),
(1065,11,7,42619,123456789949,3,51,1,8,NULL,1,19,'2022-02-02 18:19:57',NULL,NULL,0),
(1066,11,7,42619,123456789949,3,55,1,8,NULL,1,19,'2022-02-02 18:19:58',NULL,NULL,0),
(1067,11,7,42619,123456789949,3,56,1,8,NULL,1,19,'2022-02-02 18:19:59',NULL,NULL,0),
(1068,11,7,42619,123456789949,3,57,1,8,NULL,1,19,'2022-02-02 18:20:00',NULL,NULL,0),
(1069,11,7,42619,123456789949,3,58,1,8,NULL,1,19,'2022-02-02 18:20:01',NULL,NULL,0),
(1070,11,7,42619,123456789949,3,59,1,8,NULL,1,19,'2022-02-02 18:20:03',NULL,NULL,0),
(1071,11,7,42619,123456789949,3,60,1,8,NULL,1,19,'2022-02-02 18:20:04',NULL,NULL,0),
(1072,11,7,42619,123456789949,3,61,1,8,NULL,1,19,'2022-02-02 18:20:04',NULL,NULL,0),
(1073,11,7,42619,123456789949,3,62,1,8,NULL,1,19,'2022-02-02 18:20:05',NULL,NULL,0),
(1074,11,7,42619,123456789949,3,63,1,8,NULL,1,19,'2022-02-02 18:20:06',NULL,NULL,0),
(1075,11,7,42619,123456789949,3,66,1,8,NULL,1,19,'2022-02-02 18:20:06',NULL,NULL,0),
(1076,11,7,42619,123456789949,3,67,1,8,NULL,1,19,'2022-02-02 18:20:07',NULL,NULL,0),
(1077,11,7,42619,123456789949,4,72,1,NULL,NULL,1,19,'2022-02-02 18:20:08',NULL,NULL,0),
(1078,11,7,42619,123456789949,4,74,1,NULL,NULL,1,19,'2022-02-02 18:20:10',NULL,NULL,0),
(1079,11,7,42619,123456789949,4,75,1,NULL,NULL,1,19,'2022-02-02 18:20:11',NULL,NULL,0),
(1080,11,7,42619,123456789949,4,76,1,NULL,NULL,1,19,'2022-02-02 18:20:12',NULL,NULL,0),
(1081,11,7,42619,123456789949,4,77,1,NULL,NULL,1,19,'2022-02-02 18:20:12',NULL,NULL,0),
(1082,11,7,42619,123456789949,4,78,1,NULL,NULL,1,19,'2022-02-02 18:20:14',NULL,NULL,0),
(1083,11,7,42619,123456789949,4,73,1,NULL,NULL,1,19,'2022-02-02 18:20:15',NULL,NULL,0),
(1084,13,8,42618,123456789948,1,3,2,NULL,'reject remark',1,10,'2022-02-04 11:43:46',NULL,NULL,0),
(1085,13,8,42618,123456789948,1,4,2,NULL,'Reject remark',1,10,'2022-02-04 11:43:59',NULL,NULL,0),
(1086,13,8,42618,123456789948,1,5,2,NULL,'Reject Remark',1,10,'2022-02-04 11:44:09',NULL,NULL,0),
(1087,13,8,42618,123456789948,1,6,1,NULL,NULL,1,10,'2022-02-04 11:44:12',NULL,NULL,0),
(1088,13,8,42618,123456789948,1,7,1,NULL,NULL,1,10,'2022-02-04 11:44:12',NULL,NULL,0),
(1089,13,8,42618,123456789948,1,8,1,NULL,NULL,1,10,'2022-02-04 11:44:13',NULL,NULL,0),
(1090,13,8,42618,123456789948,1,9,1,NULL,NULL,1,10,'2022-02-04 11:44:14',NULL,NULL,0),
(1091,13,8,42618,123456789948,1,79,1,NULL,NULL,1,10,'2022-02-04 11:44:15',NULL,NULL,0),
(1092,13,8,42618,123456789948,1,10,1,NULL,NULL,1,10,'2022-02-04 11:44:16',NULL,NULL,0),
(1093,13,8,42618,123456789948,1,11,1,NULL,NULL,1,10,'2022-02-04 11:44:17',NULL,NULL,0),
(1094,13,8,42618,123456789948,1,12,1,NULL,NULL,1,10,'2022-02-04 11:44:17',NULL,NULL,0),
(1095,13,8,42618,123456789948,1,13,1,NULL,NULL,1,10,'2022-02-04 11:44:18',NULL,NULL,0),
(1096,13,8,42618,123456789948,2,14,2,NULL,'reject remark',1,10,'2022-02-04 11:44:27',NULL,NULL,0),
(1097,13,8,42618,123456789948,2,15,2,NULL,'reject remark',1,10,'2022-02-04 11:44:35',NULL,NULL,0),
(1098,13,8,42618,123456789948,2,16,2,NULL,'reject remark',1,10,'2022-02-04 11:44:48',NULL,NULL,0),
(1099,13,8,42618,123456789948,2,17,1,NULL,NULL,1,10,'2022-02-04 11:44:50',NULL,NULL,0),
(1100,13,8,42618,123456789948,2,18,1,NULL,NULL,1,10,'2022-02-04 11:44:50',NULL,NULL,0),
(1101,13,8,42618,123456789948,2,19,1,NULL,NULL,1,10,'2022-02-04 11:44:51',NULL,NULL,0),
(1102,13,8,42618,123456789948,2,20,1,NULL,NULL,1,10,'2022-02-04 11:44:53',NULL,NULL,0),
(1103,13,8,42618,123456789948,2,21,1,NULL,NULL,1,10,'2022-02-04 11:44:53',NULL,NULL,0),
(1104,13,8,42618,123456789948,2,22,1,NULL,NULL,1,10,'2022-02-04 11:44:54',NULL,NULL,0),
(1105,13,8,42618,123456789948,2,23,1,NULL,NULL,1,10,'2022-02-04 11:44:55',NULL,NULL,0),
(1106,13,8,42618,123456789948,2,24,1,NULL,NULL,1,10,'2022-02-04 11:44:58',NULL,NULL,0),
(1107,13,8,42618,123456789948,2,25,1,NULL,NULL,1,10,'2022-02-04 11:45:00',NULL,NULL,0),
(1108,13,8,42618,123456789948,2,26,1,NULL,NULL,1,10,'2022-02-04 11:45:02',NULL,NULL,0),
(1109,13,8,42618,123456789948,2,27,1,NULL,NULL,1,10,'2022-02-04 11:45:03',NULL,NULL,0),
(1110,13,8,42618,123456789948,2,28,1,NULL,NULL,1,10,'2022-02-04 11:45:04',NULL,NULL,0),
(1111,13,8,42618,123456789948,2,29,1,NULL,NULL,1,10,'2022-02-04 11:45:05',NULL,NULL,0),
(1112,13,8,42618,123456789948,2,30,1,NULL,NULL,1,10,'2022-02-04 11:45:06',NULL,NULL,0),
(1113,13,8,42618,123456789948,2,31,1,NULL,NULL,1,10,'2022-02-04 11:45:07',NULL,NULL,0),
(1114,13,8,42618,123456789948,2,32,1,NULL,NULL,1,10,'2022-02-04 11:45:09',NULL,NULL,0),
(1115,13,8,42618,123456789948,2,34,1,NULL,NULL,1,10,'2022-02-04 11:45:10',NULL,NULL,0),
(1116,13,8,42618,123456789948,2,35,1,NULL,NULL,1,10,'2022-02-04 11:45:11',NULL,NULL,0),
(1117,13,8,42618,123456789948,2,36,1,NULL,NULL,1,10,'2022-02-04 11:45:12',NULL,NULL,0),
(1118,13,8,42618,123456789948,2,39,1,NULL,NULL,1,10,'2022-02-04 11:45:13',NULL,NULL,0),
(1119,13,8,42618,123456789948,2,43,1,NULL,NULL,1,10,'2022-02-04 11:45:14',NULL,NULL,0),
(1120,13,8,42618,123456789948,3,46,2,9,'reject remark',1,10,'2022-02-04 11:45:26',NULL,NULL,0),
(1121,13,8,42618,123456789948,3,47,1,9,NULL,1,10,'2022-02-04 11:46:08',NULL,NULL,0),
(1122,13,8,42618,123456789948,3,48,1,9,NULL,1,10,'2022-02-04 11:46:09',NULL,NULL,0),
(1123,13,8,42618,123456789948,3,49,1,9,NULL,1,10,'2022-02-04 11:46:09',NULL,NULL,0),
(1124,13,8,42618,123456789948,3,50,1,9,NULL,1,10,'2022-02-04 11:46:11',NULL,NULL,0),
(1125,13,8,42618,123456789948,3,51,1,9,NULL,1,10,'2022-02-04 11:46:12',NULL,NULL,0),
(1126,13,8,42618,123456789948,3,55,1,9,NULL,1,10,'2022-02-04 11:46:12',NULL,NULL,0),
(1127,13,8,42618,123456789948,3,56,1,9,NULL,1,10,'2022-02-04 11:46:13',NULL,NULL,0),
(1128,13,8,42618,123456789948,3,57,1,9,NULL,1,10,'2022-02-04 11:46:14',NULL,NULL,0),
(1129,13,8,42618,123456789948,3,58,1,9,NULL,1,10,'2022-02-04 11:46:15',NULL,NULL,0),
(1130,13,8,42618,123456789948,3,59,1,9,NULL,1,10,'2022-02-04 11:46:16',NULL,NULL,0),
(1131,13,8,42618,123456789948,3,60,1,9,NULL,1,10,'2022-02-04 11:46:17',NULL,NULL,0),
(1132,13,8,42618,123456789948,3,61,1,9,NULL,1,10,'2022-02-04 11:46:17',NULL,NULL,0),
(1133,13,8,42618,123456789948,3,62,1,9,NULL,1,10,'2022-02-04 11:46:18',NULL,NULL,0),
(1134,13,8,42618,123456789948,3,63,1,9,NULL,1,10,'2022-02-04 11:46:19',NULL,NULL,0),
(1135,13,8,42618,123456789948,3,66,1,9,NULL,1,10,'2022-02-04 11:46:20',NULL,NULL,0),
(1136,13,8,42618,123456789948,3,67,1,9,NULL,1,10,'2022-02-04 11:46:22',NULL,NULL,0),
(1137,13,8,42618,123456789948,4,72,2,NULL,'reject remark',1,10,'2022-02-04 11:46:30',NULL,NULL,0),
(1138,13,8,42618,123456789948,4,74,2,NULL,'reject remark',1,10,'2022-02-04 11:46:39',NULL,NULL,0),
(1139,13,8,42618,123456789948,4,75,1,NULL,NULL,1,10,'2022-02-04 11:46:40',NULL,NULL,0),
(1140,13,8,42618,123456789948,4,76,1,NULL,NULL,1,10,'2022-02-04 11:46:41',NULL,NULL,0),
(1141,13,8,42618,123456789948,4,77,1,NULL,NULL,1,10,'2022-02-04 11:46:43',NULL,NULL,0),
(1142,13,8,42618,123456789948,4,78,1,NULL,NULL,1,10,'2022-02-04 11:46:45',NULL,NULL,0),
(1143,13,8,42618,123456789948,4,73,1,NULL,NULL,1,10,'2022-02-04 11:46:45',NULL,NULL,0),
(1144,13,8,42618,123456789948,1,3,1,NULL,NULL,1,10,'2022-02-04 11:43:46',NULL,NULL,0),
(1145,13,8,42618,123456789948,1,4,1,NULL,NULL,1,10,'2022-02-04 11:43:59',NULL,NULL,0),
(1146,13,8,42618,123456789948,1,5,1,NULL,NULL,1,10,'2022-02-04 11:44:09',NULL,NULL,0),
(1147,13,8,42618,123456789948,1,6,1,NULL,NULL,1,10,'2022-02-04 11:44:12',NULL,NULL,0),
(1148,13,8,42618,123456789948,1,7,1,NULL,NULL,1,10,'2022-02-04 11:44:12',NULL,NULL,0),
(1149,13,8,42618,123456789948,1,8,1,NULL,NULL,1,10,'2022-02-04 11:44:13',NULL,NULL,0),
(1150,13,8,42618,123456789948,1,9,1,NULL,NULL,1,10,'2022-02-04 11:44:14',NULL,NULL,0),
(1151,13,8,42618,123456789948,1,79,1,NULL,NULL,1,10,'2022-02-04 11:44:15',NULL,NULL,0),
(1152,13,8,42618,123456789948,1,10,1,NULL,NULL,1,10,'2022-02-04 11:44:16',NULL,NULL,0),
(1153,13,8,42618,123456789948,1,11,1,NULL,NULL,1,10,'2022-02-04 11:44:17',NULL,NULL,0),
(1154,13,8,42618,123456789948,1,12,1,NULL,NULL,1,10,'2022-02-04 11:44:17',NULL,NULL,0),
(1155,13,8,42618,123456789948,1,13,1,NULL,NULL,1,10,'2022-02-04 11:44:18',NULL,NULL,0),
(1156,13,8,42618,123456789948,2,14,1,NULL,NULL,1,10,'2022-02-04 11:44:27',NULL,NULL,0),
(1157,13,8,42618,123456789948,2,15,1,NULL,NULL,1,10,'2022-02-04 11:44:35',NULL,NULL,0),
(1158,13,8,42618,123456789948,2,16,1,NULL,NULL,1,10,'2022-02-04 11:44:48',NULL,NULL,0),
(1159,13,8,42618,123456789948,2,17,1,NULL,NULL,1,10,'2022-02-04 11:44:50',NULL,NULL,0),
(1160,13,8,42618,123456789948,2,18,1,NULL,NULL,1,10,'2022-02-04 11:44:50',NULL,NULL,0),
(1161,13,8,42618,123456789948,2,19,1,NULL,NULL,1,10,'2022-02-04 11:44:51',NULL,NULL,0),
(1162,13,8,42618,123456789948,2,20,1,NULL,NULL,1,10,'2022-02-04 11:44:53',NULL,NULL,0),
(1163,13,8,42618,123456789948,2,21,1,NULL,NULL,1,10,'2022-02-04 11:44:53',NULL,NULL,0),
(1164,13,8,42618,123456789948,2,22,1,NULL,NULL,1,10,'2022-02-04 11:44:54',NULL,NULL,0),
(1165,13,8,42618,123456789948,2,23,1,NULL,NULL,1,10,'2022-02-04 11:44:55',NULL,NULL,0),
(1166,13,8,42618,123456789948,2,24,1,NULL,NULL,1,10,'2022-02-04 11:44:58',NULL,NULL,0),
(1167,13,8,42618,123456789948,2,25,1,NULL,NULL,1,10,'2022-02-04 11:45:00',NULL,NULL,0),
(1168,13,8,42618,123456789948,2,26,1,NULL,NULL,1,10,'2022-02-04 11:45:02',NULL,NULL,0),
(1169,13,8,42618,123456789948,2,27,1,NULL,NULL,1,10,'2022-02-04 11:45:03',NULL,NULL,0),
(1170,13,8,42618,123456789948,2,28,1,NULL,NULL,1,10,'2022-02-04 11:45:04',NULL,NULL,0),
(1171,13,8,42618,123456789948,2,29,1,NULL,NULL,1,10,'2022-02-04 11:45:05',NULL,NULL,0),
(1172,13,8,42618,123456789948,2,30,1,NULL,NULL,1,10,'2022-02-04 11:45:06',NULL,NULL,0),
(1173,13,8,42618,123456789948,2,31,1,NULL,NULL,1,10,'2022-02-04 11:45:07',NULL,NULL,0),
(1174,13,8,42618,123456789948,2,32,1,NULL,NULL,1,10,'2022-02-04 11:45:09',NULL,NULL,0),
(1175,13,8,42618,123456789948,2,34,1,NULL,NULL,1,10,'2022-02-04 11:45:10',NULL,NULL,0),
(1176,13,8,42618,123456789948,2,35,1,NULL,NULL,1,10,'2022-02-04 11:45:11',NULL,NULL,0),
(1177,13,8,42618,123456789948,2,36,1,NULL,NULL,1,10,'2022-02-04 11:45:12',NULL,NULL,0),
(1178,13,8,42618,123456789948,2,39,1,NULL,NULL,1,10,'2022-02-04 11:45:13',NULL,NULL,0),
(1179,13,8,42618,123456789948,2,43,1,NULL,NULL,1,10,'2022-02-04 11:45:14',NULL,NULL,0),
(1180,13,8,42618,123456789948,3,46,1,9,NULL,1,10,'2022-02-04 11:45:26',NULL,NULL,0),
(1181,13,8,42618,123456789948,3,47,1,9,NULL,1,10,'2022-02-04 11:46:08',NULL,NULL,0),
(1182,13,8,42618,123456789948,3,48,1,9,NULL,1,10,'2022-02-04 11:46:09',NULL,NULL,0),
(1183,13,8,42618,123456789948,3,49,1,9,NULL,1,10,'2022-02-04 11:46:09',NULL,NULL,0),
(1184,13,8,42618,123456789948,3,50,1,9,NULL,1,10,'2022-02-04 11:46:11',NULL,NULL,0),
(1185,13,8,42618,123456789948,3,51,1,9,NULL,1,10,'2022-02-04 11:46:12',NULL,NULL,0),
(1186,13,8,42618,123456789948,3,55,1,9,NULL,1,10,'2022-02-04 11:46:12',NULL,NULL,0),
(1187,13,8,42618,123456789948,3,56,1,9,NULL,1,10,'2022-02-04 11:46:13',NULL,NULL,0),
(1188,13,8,42618,123456789948,3,57,1,9,NULL,1,10,'2022-02-04 11:46:14',NULL,NULL,0),
(1189,13,8,42618,123456789948,3,58,1,9,NULL,1,10,'2022-02-04 11:46:15',NULL,NULL,0),
(1190,13,8,42618,123456789948,3,59,1,9,NULL,1,10,'2022-02-04 11:46:16',NULL,NULL,0),
(1191,13,8,42618,123456789948,3,60,1,9,NULL,1,10,'2022-02-04 11:46:17',NULL,NULL,0),
(1192,13,8,42618,123456789948,3,61,1,9,NULL,1,10,'2022-02-04 11:46:17',NULL,NULL,0),
(1193,13,8,42618,123456789948,3,62,1,9,NULL,1,10,'2022-02-04 11:46:18',NULL,NULL,0),
(1194,13,8,42618,123456789948,3,63,1,9,NULL,1,10,'2022-02-04 11:46:19',NULL,NULL,0),
(1195,13,8,42618,123456789948,3,66,1,9,NULL,1,10,'2022-02-04 11:46:20',NULL,NULL,0),
(1196,13,8,42618,123456789948,3,67,1,9,NULL,1,10,'2022-02-04 11:46:22',NULL,NULL,0),
(1197,13,8,42618,123456789948,4,72,1,NULL,NULL,1,10,'2022-02-04 11:46:30',NULL,NULL,0),
(1198,13,8,42618,123456789948,4,74,1,NULL,NULL,1,10,'2022-02-04 11:46:39',NULL,NULL,0),
(1199,13,8,42618,123456789948,4,75,1,NULL,NULL,1,10,'2022-02-04 11:46:40',NULL,NULL,0),
(1200,13,8,42618,123456789948,4,76,1,NULL,NULL,1,10,'2022-02-04 11:46:41',NULL,NULL,0),
(1201,13,8,42618,123456789948,4,77,1,NULL,NULL,1,10,'2022-02-04 11:46:43',NULL,NULL,0),
(1202,13,8,42618,123456789948,4,78,1,NULL,NULL,1,10,'2022-02-04 11:46:45',NULL,NULL,0),
(1203,13,8,42618,123456789948,4,73,1,NULL,NULL,1,10,'2022-02-04 11:46:45',NULL,NULL,0),
(1204,13,2,42610,123456789945,1,3,2,NULL,'reject remark 2',1,NULL,NULL,11,'2022-02-04 12:30:06',0),
(1205,13,2,42610,123456789945,1,4,2,NULL,'Reject remark 2',1,NULL,NULL,11,'2022-02-04 12:30:15',0),
(1206,13,2,42610,123456789945,2,14,2,NULL,'Reject remark 2',1,NULL,NULL,11,'2022-02-04 12:30:26',0),
(1207,13,2,42610,123456789945,2,15,2,NULL,'Reject remark 2',1,NULL,NULL,11,'2022-02-04 12:30:36',0),
(1210,13,2,42610,123456789945,4,72,2,NULL,'Reject remark 2',1,NULL,NULL,11,'2022-02-04 12:31:07',0),
(1211,13,2,42610,123456789945,4,74,2,NULL,'reject remark 2',1,NULL,NULL,11,'2022-02-04 12:31:21',0),
(1212,14,9,42617,123456789947,1,3,1,NULL,NULL,1,10,'2022-02-04 12:54:41',NULL,NULL,0),
(1213,14,9,42617,123456789947,1,4,1,NULL,NULL,1,10,'2022-02-04 12:54:42',NULL,NULL,0),
(1214,14,9,42617,123456789947,1,5,1,NULL,NULL,1,10,'2022-02-04 12:54:43',NULL,NULL,0),
(1215,14,9,42617,123456789947,1,6,1,NULL,NULL,1,10,'2022-02-04 12:54:43',NULL,NULL,0),
(1216,14,9,42617,123456789947,1,7,1,NULL,NULL,1,10,'2022-02-04 12:54:44',NULL,NULL,0),
(1217,14,9,42617,123456789947,1,8,1,NULL,NULL,1,10,'2022-02-04 12:54:45',NULL,NULL,0),
(1218,14,9,42617,123456789947,1,9,1,NULL,NULL,1,10,'2022-02-04 12:54:46',NULL,NULL,0),
(1219,14,9,42617,123456789947,1,79,1,NULL,NULL,1,10,'2022-02-04 12:54:47',NULL,NULL,0),
(1220,14,9,42617,123456789947,1,10,1,NULL,NULL,1,10,'2022-02-04 12:54:48',NULL,NULL,0),
(1221,14,9,42617,123456789947,1,11,1,NULL,NULL,1,10,'2022-02-04 12:54:48',NULL,NULL,0),
(1222,14,9,42617,123456789947,1,12,1,NULL,NULL,1,10,'2022-02-04 12:54:49',NULL,NULL,0),
(1223,14,9,42617,123456789947,1,13,1,NULL,NULL,1,10,'2022-02-04 12:54:50',NULL,NULL,0),
(1224,14,9,42617,123456789947,2,14,1,NULL,NULL,1,10,'2022-02-04 12:54:52',NULL,NULL,0),
(1225,14,9,42617,123456789947,2,15,1,NULL,NULL,1,10,'2022-02-04 12:54:52',NULL,NULL,0),
(1226,14,9,42617,123456789947,2,16,1,NULL,NULL,1,10,'2022-02-04 12:54:53',NULL,NULL,0),
(1227,14,9,42617,123456789947,2,17,1,NULL,NULL,1,10,'2022-02-04 12:55:29',NULL,NULL,0),
(1228,14,9,42617,123456789947,2,18,1,NULL,NULL,1,10,'2022-02-04 12:55:30',NULL,NULL,0),
(1229,14,9,42617,123456789947,2,19,1,NULL,NULL,1,10,'2022-02-04 12:55:31',NULL,NULL,0),
(1230,14,9,42617,123456789947,2,20,1,NULL,NULL,1,10,'2022-02-04 12:55:33',NULL,NULL,0),
(1231,14,9,42617,123456789947,2,21,1,NULL,NULL,1,10,'2022-02-04 12:55:33',NULL,NULL,0),
(1232,14,9,42617,123456789947,2,22,1,NULL,NULL,1,10,'2022-02-04 12:55:34',NULL,NULL,0),
(1233,14,9,42617,123456789947,2,23,1,NULL,NULL,1,10,'2022-02-04 12:55:35',NULL,NULL,0),
(1234,14,9,42617,123456789947,2,24,1,NULL,NULL,1,10,'2022-02-04 12:55:37',NULL,NULL,0),
(1235,14,9,42617,123456789947,2,25,1,NULL,NULL,1,10,'2022-02-04 12:55:37',NULL,NULL,0),
(1236,14,9,42617,123456789947,2,26,1,NULL,NULL,1,10,'2022-02-04 12:55:38',NULL,NULL,0),
(1237,14,9,42617,123456789947,2,27,1,NULL,NULL,1,10,'2022-02-04 12:55:39',NULL,NULL,0),
(1238,14,9,42617,123456789947,2,28,1,NULL,NULL,1,10,'2022-02-04 12:55:40',NULL,NULL,0),
(1239,14,9,42617,123456789947,2,29,1,NULL,NULL,1,10,'2022-02-04 12:55:41',NULL,NULL,0),
(1240,14,9,42617,123456789947,2,30,1,NULL,NULL,1,10,'2022-02-04 12:55:42',NULL,NULL,0),
(1241,14,9,42617,123456789947,2,31,1,NULL,NULL,1,10,'2022-02-04 12:55:43',NULL,NULL,0),
(1242,14,9,42617,123456789947,2,32,1,NULL,NULL,1,10,'2022-02-04 12:55:43',NULL,NULL,0),
(1243,14,9,42617,123456789947,2,34,1,NULL,NULL,1,10,'2022-02-04 12:55:45',NULL,NULL,0),
(1244,14,9,42617,123456789947,2,35,1,NULL,NULL,1,10,'2022-02-04 12:55:46',NULL,NULL,0),
(1245,14,9,42617,123456789947,2,36,1,NULL,NULL,1,10,'2022-02-04 12:55:47',NULL,NULL,0),
(1246,14,9,42617,123456789947,2,39,1,NULL,NULL,1,10,'2022-02-04 12:55:48',NULL,NULL,0),
(1247,14,9,42617,123456789947,2,43,1,NULL,NULL,1,10,'2022-02-04 12:55:49',NULL,NULL,0),
(1248,14,9,42617,123456789947,3,46,1,10,NULL,1,10,'2022-02-04 12:55:50',NULL,NULL,0),
(1249,14,9,42617,123456789947,3,47,1,10,NULL,1,10,'2022-02-04 12:55:50',NULL,NULL,0),
(1250,14,9,42617,123456789947,3,48,1,10,NULL,1,10,'2022-02-04 12:55:52',NULL,NULL,0),
(1251,14,9,42617,123456789947,3,49,1,10,NULL,1,10,'2022-02-04 12:55:53',NULL,NULL,0),
(1252,14,9,42617,123456789947,3,50,1,10,NULL,1,10,'2022-02-04 12:55:54',NULL,NULL,0),
(1253,14,9,42617,123456789947,3,51,1,10,NULL,1,10,'2022-02-04 12:55:55',NULL,NULL,0),
(1254,14,9,42617,123456789947,3,55,1,10,NULL,1,10,'2022-02-04 12:55:56',NULL,NULL,0),
(1255,14,9,42617,123456789947,3,56,1,10,NULL,1,10,'2022-02-04 12:55:57',NULL,NULL,0),
(1256,14,9,42617,123456789947,3,57,1,10,NULL,1,10,'2022-02-04 12:55:58',NULL,NULL,0),
(1257,14,9,42617,123456789947,3,58,1,10,NULL,1,10,'2022-02-04 12:56:00',NULL,NULL,0),
(1258,14,9,42617,123456789947,3,59,1,10,NULL,1,10,'2022-02-04 12:56:01',NULL,NULL,0),
(1259,14,9,42617,123456789947,3,60,1,10,NULL,1,10,'2022-02-04 12:56:02',NULL,NULL,0),
(1260,14,9,42617,123456789947,3,61,1,10,NULL,1,10,'2022-02-04 12:56:02',NULL,NULL,0),
(1261,14,9,42617,123456789947,3,62,1,10,NULL,1,10,'2022-02-04 12:56:03',NULL,NULL,0),
(1262,14,9,42617,123456789947,3,63,1,10,NULL,1,10,'2022-02-04 12:56:04',NULL,NULL,0),
(1263,14,9,42617,123456789947,3,66,1,10,NULL,1,10,'2022-02-04 12:56:05',NULL,NULL,0),
(1264,14,9,42617,123456789947,3,67,1,10,NULL,1,10,'2022-02-04 12:56:06',NULL,NULL,0),
(1265,14,9,42617,123456789947,4,72,1,NULL,NULL,1,10,'2022-02-04 12:56:07',NULL,NULL,0),
(1266,14,9,42617,123456789947,4,74,1,NULL,NULL,1,10,'2022-02-04 12:56:08',NULL,NULL,0),
(1267,14,9,42617,123456789947,4,75,1,NULL,NULL,1,10,'2022-02-04 12:56:09',NULL,NULL,0),
(1268,14,9,42617,123456789947,4,76,1,NULL,NULL,1,10,'2022-02-04 12:56:11',NULL,NULL,0),
(1269,14,9,42617,123456789947,4,77,1,NULL,NULL,1,10,'2022-02-04 12:56:12',NULL,NULL,0),
(1270,14,9,42617,123456789947,4,78,1,NULL,NULL,1,10,'2022-02-04 12:56:13',NULL,NULL,0),
(1271,14,9,42617,123456789947,4,73,1,NULL,NULL,1,10,'2022-02-04 12:56:14',NULL,NULL,0),
(1272,13,8,42618,123456789948,2,14,1,NULL,NULL,1,11,'2022-02-07 15:12:15',NULL,NULL,0),
(1273,13,8,42618,123456789948,2,15,1,NULL,NULL,1,11,'2022-02-07 15:12:18',NULL,NULL,0),
(1274,13,8,42618,123456789948,4,72,1,NULL,NULL,1,11,'2022-02-07 15:12:22',NULL,NULL,0),
(1275,13,8,42618,123456789948,4,74,1,NULL,NULL,1,11,'2022-02-07 15:12:23',NULL,NULL,0),
(1276,15,10,38906,75757575757575,1,3,2,NULL,'testing',1,10,'2022-02-08 12:22:15',NULL,NULL,0),
(1277,15,10,38906,75757575757575,1,4,1,NULL,NULL,1,10,'2022-02-08 12:22:17',NULL,NULL,0),
(1278,15,10,38906,75757575757575,1,5,2,NULL,'testing',1,10,'2022-02-08 12:22:18',NULL,NULL,0),
(1279,15,10,38906,75757575757575,1,6,1,NULL,NULL,1,10,'2022-02-08 12:22:20',NULL,NULL,0),
(1280,15,10,38906,75757575757575,1,7,1,NULL,NULL,1,10,'2022-02-08 12:22:21',NULL,NULL,0),
(1281,15,10,38906,75757575757575,1,8,1,NULL,NULL,1,10,'2022-02-08 12:22:21',NULL,NULL,0),
(1282,15,10,38906,75757575757575,1,9,1,NULL,NULL,1,10,'2022-02-08 12:22:22',NULL,NULL,0),
(1283,15,10,38906,75757575757575,1,79,1,NULL,NULL,1,10,'2022-02-08 12:22:23',NULL,NULL,0),
(1284,15,10,38906,75757575757575,1,10,1,NULL,NULL,1,10,'2022-02-08 12:22:25',NULL,NULL,0),
(1285,15,10,38906,75757575757575,1,11,1,NULL,NULL,1,10,'2022-02-08 12:22:26',NULL,NULL,0),
(1286,15,10,38906,75757575757575,1,12,1,NULL,NULL,1,10,'2022-02-08 12:22:26',NULL,NULL,0),
(1287,15,10,38906,75757575757575,1,13,1,NULL,NULL,1,10,'2022-02-08 12:22:27',NULL,NULL,0),
(1288,15,10,38906,75757575757575,2,14,1,NULL,NULL,1,10,'2022-02-08 12:22:29',NULL,NULL,0),
(1289,15,10,38906,75757575757575,2,15,1,NULL,NULL,1,10,'2022-02-08 12:22:29',NULL,NULL,0),
(1290,15,10,38906,75757575757575,2,16,1,NULL,NULL,1,10,'2022-02-08 12:22:30',NULL,NULL,0),
(1291,15,10,38906,75757575757575,2,17,1,NULL,NULL,1,10,'2022-02-08 12:22:30',NULL,NULL,0),
(1292,15,10,38906,75757575757575,2,18,1,NULL,NULL,1,10,'2022-02-08 12:22:32',NULL,NULL,0),
(1293,15,10,38906,75757575757575,2,19,1,NULL,NULL,1,10,'2022-02-08 12:22:33',NULL,NULL,0),
(1294,15,10,38906,75757575757575,2,20,1,NULL,NULL,1,10,'2022-02-08 12:22:34',NULL,NULL,0),
(1295,15,10,38906,75757575757575,2,21,1,NULL,NULL,1,10,'2022-02-08 12:22:34',NULL,NULL,0),
(1296,15,10,38906,75757575757575,2,22,1,NULL,NULL,1,10,'2022-02-08 12:22:36',NULL,NULL,0),
(1297,15,10,38906,75757575757575,2,23,1,NULL,NULL,1,10,'2022-02-08 12:22:37',NULL,NULL,0),
(1298,15,10,38906,75757575757575,2,24,1,NULL,NULL,1,10,'2022-02-08 12:22:39',NULL,NULL,0),
(1299,15,10,38906,75757575757575,2,25,1,NULL,NULL,1,10,'2022-02-08 12:22:44',NULL,NULL,0),
(1300,15,10,38906,75757575757575,2,26,1,NULL,NULL,1,10,'2022-02-08 12:22:46',NULL,NULL,0),
(1301,15,10,38906,75757575757575,2,27,1,NULL,NULL,1,10,'2022-02-08 12:22:47',NULL,NULL,0),
(1302,15,10,38906,75757575757575,2,28,1,NULL,NULL,1,10,'2022-02-08 12:22:48',NULL,NULL,0),
(1303,15,10,38906,75757575757575,2,29,1,NULL,NULL,1,10,'2022-02-08 12:22:48',NULL,NULL,0),
(1304,15,10,38906,75757575757575,2,30,1,NULL,NULL,1,10,'2022-02-08 12:22:49',NULL,NULL,0),
(1305,15,10,38906,75757575757575,2,31,1,NULL,NULL,1,10,'2022-02-08 12:22:51',NULL,NULL,0),
(1306,15,10,38906,75757575757575,2,32,1,NULL,NULL,1,10,'2022-02-08 12:22:51',NULL,NULL,0),
(1307,15,10,38906,75757575757575,2,34,1,NULL,NULL,1,10,'2022-02-08 12:22:53',NULL,NULL,0),
(1308,15,10,38906,75757575757575,2,35,1,NULL,NULL,1,10,'2022-02-08 12:22:53',NULL,NULL,0),
(1309,15,10,38906,75757575757575,2,36,1,NULL,NULL,1,10,'2022-02-08 12:22:55',NULL,NULL,0),
(1310,15,10,38906,75757575757575,2,39,1,NULL,NULL,1,10,'2022-02-08 12:22:56',NULL,NULL,0),
(1311,15,10,38906,75757575757575,2,43,1,NULL,NULL,1,10,'2022-02-08 12:22:58',NULL,NULL,0),
(1312,15,10,38906,75757575757575,3,46,1,11,NULL,1,10,'2022-02-08 12:23:00',NULL,NULL,0),
(1313,15,10,38906,75757575757575,3,47,1,11,NULL,1,10,'2022-02-08 12:23:01',NULL,NULL,0),
(1314,15,10,38906,75757575757575,3,48,1,11,NULL,1,10,'2022-02-08 12:23:02',NULL,NULL,0),
(1315,15,10,38906,75757575757575,3,49,1,11,NULL,1,10,'2022-02-08 12:23:03',NULL,NULL,0),
(1316,15,10,38906,75757575757575,3,50,1,11,NULL,1,10,'2022-02-08 12:23:48',NULL,NULL,0),
(1317,15,10,38906,75757575757575,3,51,1,11,NULL,1,10,'2022-02-08 12:23:48',NULL,NULL,0),
(1318,15,10,38906,75757575757575,3,55,1,11,NULL,1,10,'2022-02-08 12:23:49',NULL,NULL,0),
(1319,15,10,38906,75757575757575,3,56,1,11,NULL,1,10,'2022-02-08 12:23:50',NULL,NULL,0),
(1320,15,10,38906,75757575757575,3,57,1,11,NULL,1,10,'2022-02-08 12:23:51',NULL,NULL,0),
(1321,15,10,38906,75757575757575,3,58,1,11,NULL,1,10,'2022-02-08 12:23:53',NULL,NULL,0),
(1322,15,10,38906,75757575757575,3,59,1,11,NULL,1,10,'2022-02-08 12:23:53',NULL,NULL,0),
(1323,15,10,38906,75757575757575,3,60,1,11,NULL,1,10,'2022-02-08 12:23:54',NULL,NULL,0),
(1324,15,10,38906,75757575757575,3,61,1,11,NULL,1,10,'2022-02-08 12:23:55',NULL,NULL,0),
(1325,15,10,38906,75757575757575,3,62,1,11,NULL,1,10,'2022-02-08 12:23:56',NULL,NULL,0),
(1326,15,10,38906,75757575757575,3,63,1,11,NULL,1,10,'2022-02-08 12:23:57',NULL,NULL,0),
(1327,15,10,38906,75757575757575,3,66,1,11,NULL,1,10,'2022-02-08 12:23:58',NULL,NULL,0),
(1328,15,10,38906,75757575757575,3,67,1,11,NULL,1,10,'2022-02-08 12:24:00',NULL,NULL,0),
(1329,15,10,38906,75757575757575,4,72,1,NULL,NULL,1,10,'2022-02-08 12:24:02',NULL,NULL,0),
(1330,15,10,38906,75757575757575,4,74,1,NULL,NULL,1,10,'2022-02-08 12:24:03',NULL,NULL,0),
(1331,15,10,38906,75757575757575,4,75,1,NULL,NULL,1,10,'2022-02-08 12:24:05',NULL,NULL,0),
(1332,15,10,38906,75757575757575,4,76,1,NULL,NULL,1,10,'2022-02-08 12:24:06',NULL,NULL,0),
(1333,15,10,38906,75757575757575,4,77,1,NULL,NULL,1,10,'2022-02-08 12:24:07',NULL,NULL,0),
(1334,15,10,38906,75757575757575,4,78,1,NULL,NULL,1,10,'2022-02-08 12:24:08',NULL,NULL,0),
(1335,15,10,38906,75757575757575,4,73,1,NULL,NULL,1,10,'2022-02-08 12:24:09',NULL,NULL,0),
(1336,15,10,38906,75757575757575,1,3,1,NULL,NULL,1,10,'2022-02-08 12:22:15',NULL,NULL,0),
(1337,15,10,38906,75757575757575,1,4,1,NULL,NULL,1,10,'2022-02-08 12:22:17',NULL,NULL,0),
(1338,15,10,38906,75757575757575,1,5,1,NULL,NULL,1,10,'2022-02-08 12:22:18',NULL,NULL,0),
(1339,15,10,38906,75757575757575,1,6,1,NULL,NULL,1,10,'2022-02-08 12:22:20',NULL,NULL,0),
(1340,15,10,38906,75757575757575,1,7,1,NULL,NULL,1,10,'2022-02-08 12:22:21',NULL,NULL,0),
(1341,15,10,38906,75757575757575,1,8,1,NULL,NULL,1,10,'2022-02-08 12:22:21',NULL,NULL,0),
(1342,15,10,38906,75757575757575,1,9,1,NULL,NULL,1,10,'2022-02-08 12:22:22',NULL,NULL,0),
(1343,15,10,38906,75757575757575,1,79,1,NULL,NULL,1,10,'2022-02-08 12:22:23',NULL,NULL,0),
(1344,15,10,38906,75757575757575,1,10,1,NULL,NULL,1,10,'2022-02-08 12:22:25',NULL,NULL,0),
(1345,15,10,38906,75757575757575,1,11,1,NULL,NULL,1,10,'2022-02-08 12:22:26',NULL,NULL,0),
(1346,15,10,38906,75757575757575,1,12,1,NULL,NULL,1,10,'2022-02-08 12:22:26',NULL,NULL,0),
(1347,15,10,38906,75757575757575,1,13,1,NULL,NULL,1,10,'2022-02-08 12:22:27',NULL,NULL,0),
(1348,15,10,38906,75757575757575,2,14,1,NULL,NULL,1,10,'2022-02-08 12:22:29',NULL,NULL,0),
(1349,15,10,38906,75757575757575,2,15,1,NULL,NULL,1,10,'2022-02-08 12:22:29',NULL,NULL,0),
(1350,15,10,38906,75757575757575,2,16,1,NULL,NULL,1,10,'2022-02-08 12:22:30',NULL,NULL,0),
(1351,15,10,38906,75757575757575,2,17,1,NULL,NULL,1,10,'2022-02-08 12:22:30',NULL,NULL,0),
(1352,15,10,38906,75757575757575,2,18,1,NULL,NULL,1,10,'2022-02-08 12:22:32',NULL,NULL,0),
(1353,15,10,38906,75757575757575,2,19,1,NULL,NULL,1,10,'2022-02-08 12:22:33',NULL,NULL,0),
(1354,15,10,38906,75757575757575,2,20,1,NULL,NULL,1,10,'2022-02-08 12:22:34',NULL,NULL,0),
(1355,15,10,38906,75757575757575,2,21,1,NULL,NULL,1,10,'2022-02-08 12:22:34',NULL,NULL,0),
(1356,15,10,38906,75757575757575,2,22,1,NULL,NULL,1,10,'2022-02-08 12:22:36',NULL,NULL,0),
(1357,15,10,38906,75757575757575,2,23,1,NULL,NULL,1,10,'2022-02-08 12:22:37',NULL,NULL,0),
(1358,15,10,38906,75757575757575,2,24,1,NULL,NULL,1,10,'2022-02-08 12:22:39',NULL,NULL,0),
(1359,15,10,38906,75757575757575,2,25,1,NULL,NULL,1,10,'2022-02-08 12:22:44',NULL,NULL,0),
(1360,15,10,38906,75757575757575,2,26,1,NULL,NULL,1,10,'2022-02-08 12:22:46',NULL,NULL,0),
(1361,15,10,38906,75757575757575,2,27,1,NULL,NULL,1,10,'2022-02-08 12:22:47',NULL,NULL,0),
(1362,15,10,38906,75757575757575,2,28,1,NULL,NULL,1,10,'2022-02-08 12:22:48',NULL,NULL,0),
(1363,15,10,38906,75757575757575,2,29,1,NULL,NULL,1,10,'2022-02-08 12:22:48',NULL,NULL,0),
(1364,15,10,38906,75757575757575,2,30,1,NULL,NULL,1,10,'2022-02-08 12:22:49',NULL,NULL,0),
(1365,15,10,38906,75757575757575,2,31,1,NULL,NULL,1,10,'2022-02-08 12:22:51',NULL,NULL,0),
(1366,15,10,38906,75757575757575,2,32,1,NULL,NULL,1,10,'2022-02-08 12:22:51',NULL,NULL,0),
(1367,15,10,38906,75757575757575,2,34,1,NULL,NULL,1,10,'2022-02-08 12:22:53',NULL,NULL,0),
(1368,15,10,38906,75757575757575,2,35,1,NULL,NULL,1,10,'2022-02-08 12:22:53',NULL,NULL,0),
(1369,15,10,38906,75757575757575,2,36,1,NULL,NULL,1,10,'2022-02-08 12:22:55',NULL,NULL,0),
(1370,15,10,38906,75757575757575,2,39,1,NULL,NULL,1,10,'2022-02-08 12:22:56',NULL,NULL,0),
(1371,15,10,38906,75757575757575,2,43,1,NULL,NULL,1,10,'2022-02-08 12:22:58',NULL,NULL,0),
(1372,15,10,38906,75757575757575,3,46,1,11,NULL,1,10,'2022-02-08 12:23:00',NULL,NULL,0),
(1373,15,10,38906,75757575757575,3,47,1,11,NULL,1,10,'2022-02-08 12:23:01',NULL,NULL,0),
(1374,15,10,38906,75757575757575,3,48,1,11,NULL,1,10,'2022-02-08 12:23:02',NULL,NULL,0),
(1375,15,10,38906,75757575757575,3,49,1,11,NULL,1,10,'2022-02-08 12:23:03',NULL,NULL,0),
(1376,15,10,38906,75757575757575,3,50,1,11,NULL,1,10,'2022-02-08 12:23:48',NULL,NULL,0),
(1377,15,10,38906,75757575757575,3,51,1,11,NULL,1,10,'2022-02-08 12:23:48',NULL,NULL,0),
(1378,15,10,38906,75757575757575,3,55,1,11,NULL,1,10,'2022-02-08 12:23:49',NULL,NULL,0),
(1379,15,10,38906,75757575757575,3,56,1,11,NULL,1,10,'2022-02-08 12:23:50',NULL,NULL,0),
(1380,15,10,38906,75757575757575,3,57,1,11,NULL,1,10,'2022-02-08 12:23:51',NULL,NULL,0),
(1381,15,10,38906,75757575757575,3,58,1,11,NULL,1,10,'2022-02-08 12:23:53',NULL,NULL,0),
(1382,15,10,38906,75757575757575,3,59,1,11,NULL,1,10,'2022-02-08 12:23:53',NULL,NULL,0),
(1383,15,10,38906,75757575757575,3,60,1,11,NULL,1,10,'2022-02-08 12:23:54',NULL,NULL,0),
(1384,15,10,38906,75757575757575,3,61,1,11,NULL,1,10,'2022-02-08 12:23:55',NULL,NULL,0),
(1385,15,10,38906,75757575757575,3,62,1,11,NULL,1,10,'2022-02-08 12:23:56',NULL,NULL,0),
(1386,15,10,38906,75757575757575,3,63,1,11,NULL,1,10,'2022-02-08 12:23:57',NULL,NULL,0),
(1387,15,10,38906,75757575757575,3,66,1,11,NULL,1,10,'2022-02-08 12:23:58',NULL,NULL,0),
(1388,15,10,38906,75757575757575,3,67,1,11,NULL,1,10,'2022-02-08 12:24:00',NULL,NULL,0),
(1389,15,10,38906,75757575757575,4,72,1,NULL,NULL,1,10,'2022-02-08 12:24:02',NULL,NULL,0),
(1390,15,10,38906,75757575757575,4,74,1,NULL,NULL,1,10,'2022-02-08 12:24:03',NULL,NULL,0),
(1391,15,10,38906,75757575757575,4,75,1,NULL,NULL,1,10,'2022-02-08 12:24:05',NULL,NULL,0),
(1392,15,10,38906,75757575757575,4,76,1,NULL,NULL,1,10,'2022-02-08 12:24:06',NULL,NULL,0),
(1393,15,10,38906,75757575757575,4,77,1,NULL,NULL,1,10,'2022-02-08 12:24:07',NULL,NULL,0),
(1394,15,10,38906,75757575757575,4,78,1,NULL,NULL,1,10,'2022-02-08 12:24:08',NULL,NULL,0),
(1395,15,10,38906,75757575757575,4,73,1,NULL,NULL,1,10,'2022-02-08 12:24:09',NULL,NULL,0),
(1396,15,2,42610,123456789945,1,3,2,NULL,'test remark',1,NULL,NULL,11,'2022-02-08 13:09:24',0),
(1397,15,2,42610,123456789945,1,5,2,NULL,'Test Remark',1,NULL,NULL,11,'2022-02-08 13:09:33',0),
(1398,15,2,42610,123456789945,2,14,2,NULL,'Test Remark',1,NULL,NULL,11,'2022-02-08 13:09:48',0),
(1418,15,2,42610,123456789945,3,46,2,NULL,'test',1,NULL,NULL,11,'2022-02-08 14:56:13',0),
(1419,15,2,42610,123456789945,3,47,2,NULL,'test',1,NULL,NULL,11,'2022-02-08 14:56:34',0),
(1420,15,2,42610,123456789945,3,48,2,NULL,'test',1,NULL,NULL,11,'2022-02-08 14:56:42',0),
(1421,15,2,42610,123456789945,3,49,2,NULL,'test',1,NULL,NULL,11,'2022-02-08 14:56:58',0),
(1422,15,2,42610,123456789945,3,50,2,NULL,'test',1,NULL,NULL,11,'2022-02-08 14:57:02',0),
(1423,15,2,42610,123456789945,3,51,2,NULL,'test',1,NULL,NULL,11,'2022-02-08 14:57:06',0),
(1424,15,2,42610,123456789945,3,55,2,NULL,'test',1,NULL,NULL,11,'2022-02-08 14:57:11',0),
(1425,15,2,42610,123456789945,3,56,2,NULL,'test',1,NULL,NULL,11,'2022-02-08 14:57:15',0),
(1426,15,2,42610,123456789945,3,57,2,NULL,'test',1,NULL,NULL,11,'2022-02-08 14:57:20',0),
(1427,15,2,42610,123456789945,3,58,2,NULL,'test',1,NULL,NULL,11,'2022-02-08 14:57:26',0),
(1428,15,2,42610,123456789945,3,59,2,NULL,'test',1,NULL,NULL,11,'2022-02-08 14:57:30',0),
(1429,15,2,42610,123456789945,3,60,2,NULL,'test',1,NULL,NULL,11,'2022-02-08 14:57:34',0),
(1430,15,2,42610,123456789945,3,61,2,NULL,'test',1,NULL,NULL,11,'2022-02-08 14:57:38',0),
(1431,15,2,42610,123456789945,3,62,2,NULL,'test',1,NULL,NULL,11,'2022-02-08 14:57:43',0),
(1432,15,2,42610,123456789945,3,63,2,NULL,'test',1,NULL,NULL,11,'2022-02-08 14:57:47',0),
(1433,15,2,42610,123456789945,3,66,2,NULL,'test',1,NULL,NULL,11,'2022-02-08 14:57:50',0),
(1434,15,2,42610,123456789945,3,67,2,NULL,'test',1,NULL,NULL,11,'2022-02-08 14:57:54',0),
(1435,15,10,38906,75757575757575,3,46,1,NULL,NULL,1,11,'2022-02-08 15:20:28',NULL,NULL,0),
(1436,15,10,38906,75757575757575,3,46,1,NULL,NULL,1,11,'2022-02-08 15:20:28',NULL,NULL,0),
(1437,15,10,38906,75757575757575,3,47,1,NULL,NULL,1,11,'2022-02-08 15:20:29',NULL,NULL,0),
(1438,15,10,38906,75757575757575,3,47,1,NULL,NULL,1,11,'2022-02-08 15:20:29',NULL,NULL,0),
(1439,15,10,38906,75757575757575,3,48,1,NULL,NULL,1,11,'2022-02-08 15:20:30',NULL,NULL,0),
(1440,15,10,38906,75757575757575,3,48,1,NULL,NULL,1,11,'2022-02-08 15:20:30',NULL,NULL,0),
(1441,15,10,38906,75757575757575,3,49,1,NULL,NULL,1,11,'2022-02-08 15:20:31',NULL,NULL,0),
(1442,15,10,38906,75757575757575,3,49,1,NULL,NULL,1,11,'2022-02-08 15:20:31',NULL,NULL,0),
(1443,15,10,38906,75757575757575,3,50,1,NULL,NULL,1,11,'2022-02-08 15:20:33',NULL,NULL,0),
(1444,15,10,38906,75757575757575,3,50,1,NULL,NULL,1,11,'2022-02-08 15:20:33',NULL,NULL,0),
(1445,15,10,38906,75757575757575,3,51,1,NULL,NULL,1,11,'2022-02-08 15:20:34',NULL,NULL,0),
(1446,15,10,38906,75757575757575,3,51,1,NULL,NULL,1,11,'2022-02-08 15:20:34',NULL,NULL,0),
(1447,15,10,38906,75757575757575,3,55,1,NULL,NULL,1,11,'2022-02-08 15:20:34',NULL,NULL,0),
(1448,15,10,38906,75757575757575,3,55,1,NULL,NULL,1,11,'2022-02-08 15:20:34',NULL,NULL,0),
(1449,15,10,38906,75757575757575,3,56,1,NULL,NULL,1,11,'2022-02-08 15:20:36',NULL,NULL,0),
(1450,15,10,38906,75757575757575,3,56,1,NULL,NULL,1,11,'2022-02-08 15:20:36',NULL,NULL,0),
(1451,15,10,38906,75757575757575,3,57,1,NULL,NULL,1,11,'2022-02-08 15:20:38',NULL,NULL,0),
(1452,15,10,38906,75757575757575,3,57,1,NULL,NULL,1,11,'2022-02-08 15:20:38',NULL,NULL,0),
(1453,15,10,38906,75757575757575,3,58,1,NULL,NULL,1,11,'2022-02-08 15:20:40',NULL,NULL,0),
(1454,15,10,38906,75757575757575,3,58,1,NULL,NULL,1,11,'2022-02-08 15:20:40',NULL,NULL,0),
(1455,15,10,38906,75757575757575,3,59,1,NULL,NULL,1,11,'2022-02-08 15:20:41',NULL,NULL,0),
(1456,15,10,38906,75757575757575,3,59,1,NULL,NULL,1,11,'2022-02-08 15:20:41',NULL,NULL,0),
(1457,15,10,38906,75757575757575,3,60,1,NULL,NULL,1,11,'2022-02-08 15:20:42',NULL,NULL,0),
(1458,15,10,38906,75757575757575,3,60,1,NULL,NULL,1,11,'2022-02-08 15:20:42',NULL,NULL,0),
(1459,15,10,38906,75757575757575,3,61,1,NULL,NULL,1,11,'2022-02-08 15:20:44',NULL,NULL,0),
(1460,15,10,38906,75757575757575,3,61,1,NULL,NULL,1,11,'2022-02-08 15:20:44',NULL,NULL,0),
(1461,15,10,38906,75757575757575,3,62,1,NULL,NULL,1,11,'2022-02-08 15:20:45',NULL,NULL,0),
(1462,15,10,38906,75757575757575,3,62,1,NULL,NULL,1,11,'2022-02-08 15:20:45',NULL,NULL,0),
(1463,15,10,38906,75757575757575,3,63,1,NULL,NULL,1,11,'2022-02-08 15:20:46',NULL,NULL,0),
(1464,15,10,38906,75757575757575,3,63,1,NULL,NULL,1,11,'2022-02-08 15:20:46',NULL,NULL,0),
(1465,15,10,38906,75757575757575,3,66,1,NULL,NULL,1,11,'2022-02-08 15:20:49',NULL,NULL,0),
(1466,15,10,38906,75757575757575,3,66,1,NULL,NULL,1,11,'2022-02-08 15:20:49',NULL,NULL,0),
(1467,15,10,38906,75757575757575,3,67,1,NULL,NULL,1,11,'2022-02-08 15:20:50',NULL,NULL,0),
(1468,15,10,38906,75757575757575,3,67,1,NULL,NULL,1,11,'2022-02-08 15:20:50',NULL,NULL,0);

/*Table structure for table `optcl_application_form_field_status_master` */

DROP TABLE IF EXISTS `optcl_application_form_field_status_master`;

CREATE TABLE `optcl_application_form_field_status_master` (
  `id` int(11) NOT NULL AUTO_INCREMENT,
  `form_field_status_master` varchar(10) DEFAULT NULL,
  `status` tinyint(1) DEFAULT NULL,
  `created_by` int(11) DEFAULT NULL,
  `created_at` datetime DEFAULT NULL,
  `modified_by` int(11) DEFAULT NULL,
  `modified_at` datetime DEFAULT NULL,
  `deleted` tinyint(1) DEFAULT NULL,
  PRIMARY KEY (`id`)
) ENGINE=InnoDB DEFAULT CHARSET=utf8 COMMENT='table to Accept, Reject master status name';

/*Data for the table `optcl_application_form_field_status_master` */

/*Table structure for table `optcl_application_monthly_changed_data_mapping` */

DROP TABLE IF EXISTS `optcl_application_monthly_changed_data_mapping`;

CREATE TABLE `optcl_application_monthly_changed_data_mapping` (
  `id` int(11) NOT NULL AUTO_INCREMENT,
  `monthly_changed_data_id` int(11) DEFAULT NULL COMMENT 'optcl_monthly_changed_data',
  `application_pensioner_type_id` int(11) DEFAULT NULL COMMENT 'optcl_application_pensioner_type_master',
  `application_id` int(11) DEFAULT NULL,
  `created_by` int(11) DEFAULT NULL,
  `created_at` datetime DEFAULT NULL,
  `updated_by` int(11) DEFAULT NULL,
  `updated_at` datetime DEFAULT NULL,
  `status` tinyint(1) NOT NULL DEFAULT 1,
  `deleted` tinyint(1) NOT NULL DEFAULT 0,
  PRIMARY KEY (`id`)
) ENGINE=InnoDB AUTO_INCREMENT=25 DEFAULT CHARSET=utf8mb4;

/*Data for the table `optcl_application_monthly_changed_data_mapping` */

insert  into `optcl_application_monthly_changed_data_mapping`(`id`,`monthly_changed_data_id`,`application_pensioner_type_id`,`application_id`,`created_by`,`created_at`,`updated_by`,`updated_at`,`status`,`deleted`) values 
(1,2,4,11,17,'2022-02-21 20:40:24',NULL,NULL,1,0),
(2,3,3,12,17,'2022-02-23 15:10:28',NULL,NULL,1,0),
(3,4,3,13,17,'2022-02-23 18:07:59',NULL,NULL,1,0),
(4,5,3,14,17,'2022-03-02 10:45:14',NULL,NULL,1,0),
(5,6,4,15,17,'2022-03-29 12:35:51',NULL,NULL,1,0),
(6,7,3,16,17,'2022-03-29 17:08:33',NULL,NULL,1,0),
(7,8,4,17,17,'2022-03-29 19:09:20',NULL,NULL,1,0),
(8,9,3,18,17,'2022-03-30 11:10:01',NULL,NULL,1,0),
(9,10,4,19,17,'2022-04-01 12:11:14',NULL,NULL,1,0),
(10,11,3,20,17,'2022-04-01 14:51:45',NULL,NULL,1,0),
(11,12,3,21,17,'2022-04-02 10:49:17',NULL,NULL,1,0),
(12,13,3,22,17,'2022-04-02 10:57:17',NULL,NULL,1,0),
(13,14,4,23,17,'2022-04-02 11:54:16',NULL,NULL,1,0),
(14,15,3,24,17,'2022-04-04 16:09:43',NULL,NULL,1,0),
(15,16,2,12,33,'2022-04-04 19:32:36',NULL,NULL,1,0),
(16,17,2,12,33,'2022-04-05 11:27:51',NULL,NULL,1,0),
(17,18,2,12,33,'2022-04-05 11:29:47',NULL,NULL,1,0),
(18,19,1,11,33,'2022-04-05 16:17:34',NULL,NULL,1,0),
(19,20,3,25,17,'2022-04-11 13:26:07',NULL,NULL,1,0),
(20,21,3,26,17,'2022-04-11 17:25:33',NULL,NULL,1,0),
(21,22,3,27,17,'2022-04-11 17:31:24',NULL,NULL,1,0),
(22,23,3,28,17,'2022-04-19 20:01:39',NULL,NULL,1,0),
(23,24,3,29,17,'2022-04-26 16:52:24',NULL,NULL,1,0),
(24,25,3,30,17,'2022-05-11 16:58:05',NULL,NULL,1,0);

/*Table structure for table `optcl_application_pensioner_type_master` */

DROP TABLE IF EXISTS `optcl_application_pensioner_type_master`;

CREATE TABLE `optcl_application_pensioner_type_master` (
  `id` int(11) NOT NULL AUTO_INCREMENT,
  `type_name` varchar(50) DEFAULT NULL,
  `created_by` int(11) DEFAULT NULL,
  `created_at` datetime DEFAULT NULL,
  `modified_by` int(11) DEFAULT NULL,
  `modified_at` datetime DEFAULT NULL,
  `status` tinyint(1) NOT NULL DEFAULT 1,
  `deleted` tinyint(1) NOT NULL DEFAULT 0,
  PRIMARY KEY (`id`)
) ENGINE=InnoDB AUTO_INCREMENT=5 DEFAULT CHARSET=utf8mb4;

/*Data for the table `optcl_application_pensioner_type_master` */

insert  into `optcl_application_pensioner_type_master`(`id`,`type_name`,`created_by`,`created_at`,`modified_by`,`modified_at`,`status`,`deleted`) values 
(1,'Service Pensioner(New)',1,'2022-02-21 20:25:06',NULL,NULL,1,0),
(2,'Family Pensioner(New)',1,'2022-02-21 20:25:06',NULL,NULL,1,0),
(3,'Service Pensioner(Existing)',1,'2022-02-21 20:25:06',NULL,NULL,1,0),
(4,'Family Pensioner(Existing)',1,'2022-02-21 20:25:06',NULL,NULL,1,0);

/*Table structure for table `optcl_application_status_history` */

DROP TABLE IF EXISTS `optcl_application_status_history`;

CREATE TABLE `optcl_application_status_history` (
  `id` int(11) NOT NULL AUTO_INCREMENT,
  `is_new` tinyint(1) DEFAULT 1 COMMENT '1- New, 0- Existing',
  `user_id` int(11) DEFAULT NULL,
  `application_id` int(11) DEFAULT NULL,
  `status_id` int(11) DEFAULT NULL,
  `remarks` text DEFAULT NULL,
  `status` tinyint(1) DEFAULT 1,
  `created_by` int(11) DEFAULT NULL,
  `created_at` datetime DEFAULT NULL,
  `modified_by` int(11) DEFAULT NULL,
  `modified_at` datetime DEFAULT NULL,
  `deleted` tinyint(1) DEFAULT 0,
  PRIMARY KEY (`id`)
) ENGINE=InnoDB AUTO_INCREMENT=236 DEFAULT CHARSET=utf8;

/*Data for the table `optcl_application_status_history` */

insert  into `optcl_application_status_history`(`id`,`is_new`,`user_id`,`application_id`,`status_id`,`remarks`,`status`,`created_by`,`created_at`,`modified_by`,`modified_at`,`deleted`) values 
(1,1,20,1,1,NULL,1,20,'2022-01-12 16:59:48',NULL,NULL,0),
(2,1,10,1,3,'Check the application properly',1,10,'2022-01-12 17:32:15',NULL,NULL,0),
(3,1,20,1,16,NULL,1,20,'2022-01-13 10:42:08',NULL,NULL,0),
(4,1,20,1,17,NULL,1,20,'2022-01-13 10:42:54',NULL,NULL,0),
(5,1,20,1,17,NULL,1,20,'2022-01-13 10:43:12',NULL,NULL,0),
(6,1,20,1,17,NULL,1,20,'2022-01-13 10:43:42',NULL,NULL,0),
(7,1,20,1,17,NULL,1,20,'2022-01-13 10:44:12',NULL,NULL,0),
(8,1,20,1,17,NULL,1,20,'2022-01-13 10:44:49',NULL,NULL,0),
(9,1,20,1,17,NULL,1,20,'2022-01-13 10:45:18',NULL,NULL,0),
(10,1,20,1,17,NULL,1,20,'2022-01-13 10:46:18',NULL,NULL,0),
(11,1,21,2,1,NULL,1,21,'2022-01-13 13:17:54',NULL,NULL,0),
(12,1,62,3,1,NULL,1,62,'2022-01-20 12:14:52',NULL,NULL,0),
(13,1,10,3,2,NULL,1,10,'2022-01-20 13:08:02',NULL,NULL,0),
(14,1,10,3,12,NULL,1,10,'2022-01-20 13:20:22',NULL,NULL,0),
(15,1,10,3,13,NULL,1,10,'2022-01-20 13:33:23',NULL,NULL,0),
(16,1,63,4,1,NULL,1,63,'2022-01-20 17:22:40',NULL,NULL,0),
(17,1,64,5,1,NULL,1,64,'2022-01-20 17:37:34',NULL,NULL,0),
(18,1,10,5,2,NULL,1,10,'2022-01-20 17:48:56',NULL,NULL,0),
(19,1,10,5,12,NULL,1,10,'2022-01-20 18:03:46',NULL,NULL,0),
(20,1,11,3,10,NULL,1,11,'2022-01-21 16:48:54',NULL,NULL,0),
(21,1,11,3,18,NULL,1,11,'2022-01-21 16:49:01',NULL,NULL,0),
(22,1,10,4,2,NULL,1,10,'2022-01-21 17:31:59',NULL,NULL,0),
(23,1,10,4,12,NULL,1,10,'2022-01-21 17:32:45',NULL,NULL,0),
(24,1,10,4,13,NULL,1,10,'2022-01-21 17:33:33',NULL,NULL,0),
(25,1,11,4,10,NULL,1,11,'2022-01-21 18:47:42',NULL,NULL,0),
(26,1,11,4,18,NULL,1,11,'2022-01-21 18:48:07',NULL,NULL,0),
(27,1,11,4,18,NULL,1,11,'2022-01-21 18:54:58',NULL,NULL,0),
(28,1,11,4,19,NULL,1,11,'2022-01-21 19:09:20',NULL,NULL,0),
(29,1,11,4,18,NULL,1,11,'2022-01-21 19:18:36',NULL,NULL,0),
(30,1,11,4,19,NULL,1,11,'2022-01-21 19:23:35',NULL,NULL,0),
(31,1,11,4,19,NULL,1,11,'2022-01-21 19:29:57',NULL,NULL,0),
(32,1,11,4,19,NULL,1,11,'2022-01-21 19:59:09',NULL,NULL,0),
(33,1,11,4,19,NULL,1,11,'2022-01-21 20:00:55',NULL,NULL,0),
(34,1,11,4,19,NULL,1,11,'2022-01-21 20:03:16',NULL,NULL,0),
(35,1,11,4,19,NULL,1,11,'2022-01-21 20:13:44',NULL,NULL,0),
(36,1,11,4,19,NULL,1,11,'2022-01-21 20:20:01',NULL,NULL,0),
(37,1,11,4,19,NULL,1,11,'2022-01-21 20:22:32',NULL,NULL,0),
(38,1,11,4,19,NULL,1,11,'2022-01-21 20:27:25',NULL,NULL,0),
(39,1,12,4,14,NULL,1,12,'2022-01-24 10:50:28',NULL,NULL,0),
(42,1,12,4,14,NULL,1,12,'2022-01-24 12:07:58',NULL,NULL,0),
(43,1,19,4,20,NULL,1,19,'2022-01-24 16:46:08',NULL,NULL,0),
(44,1,15,4,7,NULL,1,15,'2022-01-24 17:53:17',NULL,NULL,0),
(45,1,15,4,21,NULL,1,15,'2022-01-24 17:53:36',NULL,NULL,0),
(46,1,65,6,1,NULL,1,65,'2022-01-25 10:53:49',NULL,NULL,0),
(47,1,10,6,2,NULL,1,10,'2022-01-25 10:58:47',NULL,NULL,0),
(48,1,10,6,12,NULL,1,10,'2022-01-25 10:59:23',NULL,NULL,0),
(49,1,10,6,13,NULL,1,10,'2022-01-25 12:12:07',NULL,NULL,0),
(50,1,10,6,13,NULL,1,10,'2022-01-25 13:00:49',NULL,NULL,0),
(51,1,10,6,13,NULL,1,10,'2022-01-25 13:05:04',NULL,NULL,0),
(52,1,10,6,13,NULL,1,10,'2022-01-25 14:38:53',NULL,NULL,0),
(53,1,10,6,13,NULL,1,10,'2022-01-25 15:44:32',NULL,NULL,0),
(54,1,10,6,13,NULL,1,10,'2022-01-25 15:49:32',NULL,NULL,0),
(55,1,10,6,13,NULL,1,10,'2022-01-25 15:55:02',NULL,NULL,0),
(56,1,11,6,10,NULL,1,11,'2022-01-25 16:00:34',NULL,NULL,0),
(57,1,11,6,18,NULL,1,11,'2022-01-25 16:00:51',NULL,NULL,0),
(58,1,11,6,19,NULL,1,11,'2022-01-25 16:19:36',NULL,NULL,0),
(59,1,11,6,19,NULL,1,11,'2022-01-25 16:28:39',NULL,NULL,0),
(60,1,11,6,19,NULL,1,11,'2022-01-25 16:30:09',NULL,NULL,0),
(61,1,11,6,19,NULL,1,11,'2022-01-25 16:57:11',NULL,NULL,0),
(62,1,11,6,19,NULL,1,11,'2022-01-25 17:29:54',NULL,NULL,0),
(63,1,66,7,1,NULL,1,66,'2022-01-25 18:41:10',NULL,NULL,0),
(64,1,8,8,1,NULL,1,8,'2022-01-31 19:39:12',NULL,NULL,0),
(65,1,10,8,3,'testing',1,10,'2022-01-31 19:44:50',NULL,NULL,0),
(66,1,8,8,16,NULL,1,8,'2022-01-31 19:55:20',NULL,NULL,0),
(67,1,10,8,3,'test return',1,10,'2022-02-01 10:19:20',NULL,NULL,0),
(68,1,8,8,16,NULL,1,8,'2022-02-01 10:47:18',NULL,NULL,0),
(69,1,10,8,3,'test 2',1,10,'2022-02-01 10:49:06',NULL,NULL,0),
(70,1,8,8,16,NULL,1,8,'2022-02-01 10:53:01',NULL,NULL,0),
(71,1,10,8,2,NULL,1,10,'2022-02-01 11:56:09',NULL,NULL,0),
(72,1,22,9,1,NULL,1,22,'2022-02-01 12:42:49',NULL,NULL,0),
(73,1,10,9,3,'rewerwe',1,10,'2022-02-01 12:46:15',NULL,NULL,0),
(74,1,22,9,16,NULL,1,22,'2022-02-01 12:46:44',NULL,NULL,0),
(75,1,10,9,2,NULL,1,10,'2022-02-01 13:24:44',NULL,NULL,0),
(76,1,10,9,12,NULL,1,10,'2022-02-01 13:27:31',NULL,NULL,0),
(77,1,10,2,3,'testing',1,10,'2022-02-01 17:17:16',NULL,NULL,0),
(78,1,21,2,16,NULL,1,21,'2022-02-01 18:29:04',NULL,NULL,0),
(79,1,10,2,2,NULL,1,10,'2022-02-01 18:30:06',NULL,NULL,0),
(80,1,10,2,12,NULL,1,10,'2022-02-01 18:30:59',NULL,NULL,0),
(81,1,10,2,13,NULL,1,10,'2022-02-01 18:52:40',NULL,NULL,0),
(82,1,11,2,11,'test main',1,11,'2022-02-01 19:02:05',NULL,NULL,0),
(83,1,21,2,17,NULL,1,21,'2022-02-01 19:16:40',NULL,NULL,0),
(84,1,11,2,10,NULL,1,11,'2022-02-01 21:02:18',NULL,NULL,0),
(85,1,11,2,18,NULL,1,11,'2022-02-01 21:02:39',NULL,NULL,0),
(86,1,11,2,19,NULL,1,11,'2022-02-01 21:03:01',NULL,NULL,0),
(87,1,12,2,14,NULL,1,12,'2022-02-01 21:26:56',NULL,NULL,0),
(88,1,24,10,1,NULL,1,24,'2022-02-01 23:22:59',NULL,NULL,0),
(89,1,10,10,2,NULL,1,10,'2022-02-01 23:26:06',NULL,NULL,0),
(90,1,10,10,12,NULL,1,10,'2022-02-02 10:04:32',NULL,NULL,0),
(91,1,10,10,13,NULL,1,10,'2022-02-02 10:06:24',NULL,NULL,0),
(92,1,11,10,10,NULL,1,11,'2022-02-02 10:24:24',NULL,NULL,0),
(93,1,11,10,18,NULL,1,11,'2022-02-02 10:24:45',NULL,NULL,0),
(94,1,11,10,19,NULL,1,11,'2022-02-02 10:25:06',NULL,NULL,0),
(95,1,12,10,14,NULL,1,12,'2022-02-02 11:08:24',NULL,NULL,0),
(96,1,19,10,20,NULL,1,19,'2022-02-02 11:11:00',NULL,NULL,0),
(97,1,15,10,7,NULL,1,15,'2022-02-02 11:20:48',NULL,NULL,0),
(98,1,15,10,21,NULL,1,15,'2022-02-02 11:23:08',NULL,NULL,0),
(99,1,15,10,22,NULL,1,15,'2022-02-02 11:40:22',NULL,NULL,0),
(100,1,15,10,23,NULL,1,15,'2022-02-02 12:56:40',NULL,NULL,0),
(101,1,15,10,24,NULL,1,15,'2022-02-02 12:57:56',NULL,NULL,0),
(102,1,23,10,29,NULL,1,23,'2022-02-02 13:01:56',NULL,NULL,0),
(103,1,23,10,32,NULL,1,23,'2022-02-02 13:04:43',NULL,NULL,0),
(104,1,23,10,33,NULL,1,23,'2022-02-02 13:25:22',NULL,NULL,0),
(105,1,23,10,34,NULL,1,23,'2022-02-02 16:14:18',NULL,NULL,0),
(106,1,23,10,35,NULL,1,23,'2022-02-02 16:16:22',NULL,NULL,0),
(107,1,19,10,39,NULL,1,19,'2022-02-02 16:53:34',NULL,NULL,0),
(108,1,19,10,25,NULL,1,19,'2022-02-02 16:54:13',NULL,NULL,0),
(109,1,19,10,26,NULL,1,19,'2022-02-02 16:54:49',NULL,NULL,0),
(110,1,19,10,36,NULL,1,19,'2022-02-02 16:54:56',NULL,NULL,0),
(111,1,30,11,1,NULL,1,30,'2022-02-02 18:18:34',NULL,NULL,0),
(112,1,10,11,2,NULL,1,10,'2022-02-02 18:20:19',NULL,NULL,0),
(113,1,10,11,12,NULL,1,10,'2022-02-02 18:20:55',NULL,NULL,0),
(114,1,10,11,13,NULL,1,10,'2022-02-02 18:43:27',NULL,NULL,0),
(115,1,11,11,10,NULL,1,11,'2022-02-02 18:47:05',NULL,NULL,0),
(116,1,11,11,18,NULL,1,11,'2022-02-02 18:47:23',NULL,NULL,0),
(117,1,11,11,19,NULL,1,11,'2022-02-02 18:47:43',NULL,NULL,0),
(118,1,12,11,14,NULL,1,12,'2022-02-02 18:48:50',NULL,NULL,0),
(119,1,19,11,20,NULL,1,19,'2022-02-02 18:49:46',NULL,NULL,0),
(120,1,15,11,7,NULL,1,15,'2022-02-02 18:51:02',NULL,NULL,0),
(121,1,15,11,21,NULL,1,15,'2022-02-02 18:54:34',NULL,NULL,0),
(122,1,15,11,22,NULL,1,15,'2022-02-02 18:59:48',NULL,NULL,0),
(123,1,15,11,23,NULL,1,15,'2022-02-02 19:00:04',NULL,NULL,0),
(124,1,15,11,24,NULL,1,15,'2022-02-02 19:01:51',NULL,NULL,0),
(125,1,23,11,29,NULL,1,23,'2022-02-02 19:03:04',NULL,NULL,0),
(126,1,23,11,32,NULL,1,23,'2022-02-02 19:03:19',NULL,NULL,0),
(127,1,23,11,33,NULL,1,23,'2022-02-02 19:03:34',NULL,NULL,0),
(128,1,23,11,34,NULL,1,23,'2022-02-02 19:03:57',NULL,NULL,0),
(129,1,23,11,35,NULL,1,23,'2022-02-02 19:04:19',NULL,NULL,0),
(130,1,19,11,39,NULL,1,19,'2022-02-02 19:05:35',NULL,NULL,0),
(131,1,19,11,25,NULL,1,19,'2022-02-02 19:06:06',NULL,NULL,0),
(132,1,19,11,26,NULL,1,19,'2022-02-02 19:06:36',NULL,NULL,0),
(133,1,19,11,36,NULL,1,19,'2022-02-02 19:07:09',NULL,NULL,0),
(134,1,31,11,37,'approved',1,31,'2022-02-02 19:08:30',NULL,NULL,0),
(135,1,32,11,42,'approved',1,32,'2022-02-02 19:10:00',NULL,NULL,0),
(136,1,33,11,46,'approved',1,33,'2022-02-02 19:10:47',NULL,NULL,0),
(137,1,33,11,49,NULL,1,33,'2022-02-02 19:22:17',NULL,NULL,0),
(138,1,67,12,1,NULL,1,67,'2022-02-02 19:57:20',NULL,NULL,0),
(139,1,10,12,2,NULL,1,10,'2022-02-02 19:59:09',NULL,NULL,0),
(140,1,10,12,12,NULL,1,10,'2022-02-02 19:59:48',NULL,NULL,0),
(141,1,10,12,13,NULL,1,10,'2022-02-02 20:00:49',NULL,NULL,0),
(142,1,11,12,10,NULL,1,11,'2022-02-02 20:02:01',NULL,NULL,0),
(143,1,11,12,18,NULL,1,11,'2022-02-02 20:02:33',NULL,NULL,0),
(144,1,11,12,19,NULL,1,11,'2022-02-02 20:02:47',NULL,NULL,0),
(145,1,12,12,14,NULL,1,12,'2022-02-02 20:04:00',NULL,NULL,0),
(146,1,19,12,20,NULL,1,19,'2022-02-02 20:05:15',NULL,NULL,0),
(147,1,15,12,7,NULL,1,15,'2022-02-02 20:06:05',NULL,NULL,0),
(148,1,15,12,21,NULL,1,15,'2022-02-02 20:06:20',NULL,NULL,0),
(149,1,15,12,22,NULL,1,15,'2022-02-02 20:15:30',NULL,NULL,0),
(150,1,15,12,23,NULL,1,15,'2022-02-02 20:31:01',NULL,NULL,0),
(151,1,15,12,24,NULL,1,15,'2022-02-03 16:48:46',NULL,NULL,0),
(152,1,23,12,29,NULL,1,23,'2022-02-03 16:49:24',NULL,NULL,0),
(153,1,23,12,32,NULL,1,23,'2022-02-03 16:49:46',NULL,NULL,0),
(154,1,23,12,33,NULL,1,23,'2022-02-03 18:25:07',NULL,NULL,0),
(155,1,23,12,34,NULL,1,23,'2022-02-03 18:37:24',NULL,NULL,0),
(156,1,23,12,34,NULL,1,23,'2022-02-03 18:46:40',NULL,NULL,0),
(157,1,23,12,34,NULL,1,23,'2022-02-03 18:47:58',NULL,NULL,0),
(158,1,23,12,34,NULL,1,23,'2022-02-03 19:00:29',NULL,NULL,0),
(162,1,23,12,35,NULL,1,23,'2022-02-03 19:06:07',NULL,NULL,0),
(163,1,19,12,39,NULL,1,19,'2022-02-03 19:06:52',NULL,NULL,0),
(164,1,19,12,25,NULL,1,19,'2022-02-03 19:07:06',NULL,NULL,0),
(165,1,19,12,26,NULL,1,19,'2022-02-03 19:07:13',NULL,NULL,0),
(166,1,19,12,36,NULL,1,19,'2022-02-03 20:06:04',NULL,NULL,0),
(167,1,31,12,37,'approved',1,31,'2022-02-03 20:06:47',NULL,NULL,0),
(168,1,32,12,42,'approved',1,32,'2022-02-03 20:07:36',NULL,NULL,0),
(169,1,33,12,46,'approved',1,33,'2022-02-03 20:08:42',NULL,NULL,0),
(170,1,33,12,49,NULL,1,33,'2022-02-03 20:12:39',NULL,NULL,0),
(171,1,29,13,1,NULL,1,29,'2022-02-04 11:16:01',NULL,NULL,0),
(172,1,10,13,3,'overall remark',1,10,'2022-02-04 11:47:01',NULL,NULL,0),
(173,1,29,13,16,NULL,1,29,'2022-02-04 12:26:19',NULL,NULL,0),
(174,1,10,13,2,NULL,1,10,'2022-02-04 12:27:57',NULL,NULL,0),
(175,1,10,13,12,NULL,1,10,'2022-02-04 12:28:32',NULL,NULL,0),
(176,1,10,13,13,NULL,1,10,'2022-02-04 12:29:29',NULL,NULL,0),
(177,1,11,13,11,'return application',1,11,'2022-02-04 12:31:39',NULL,NULL,0),
(178,1,29,13,17,NULL,1,29,'2022-02-04 12:39:27',NULL,NULL,0),
(179,1,27,14,1,NULL,1,27,'2022-02-04 12:54:23',NULL,NULL,0),
(180,1,10,14,2,NULL,1,10,'2022-02-04 12:56:24',NULL,NULL,0),
(181,1,10,14,12,NULL,1,10,'2022-02-04 12:56:46',NULL,NULL,0),
(182,1,10,14,13,NULL,1,10,'2022-02-04 12:57:35',NULL,NULL,0),
(183,1,11,13,10,NULL,1,11,'2022-02-07 15:12:34',NULL,NULL,0),
(184,1,11,13,18,NULL,1,11,'2022-02-07 15:13:04',NULL,NULL,0),
(185,1,11,13,19,NULL,1,11,'2022-02-07 15:13:24',NULL,NULL,0),
(186,1,12,13,14,NULL,1,12,'2022-02-07 15:14:28',NULL,NULL,0),
(187,1,19,13,20,NULL,1,19,'2022-02-07 15:16:06',NULL,NULL,0),
(188,1,11,14,10,NULL,1,11,'2022-02-07 17:51:26',NULL,NULL,0),
(189,1,13,15,1,NULL,1,13,'2022-02-08 12:15:27',NULL,NULL,0),
(190,1,10,15,3,'testing remark',1,10,'2022-02-08 12:24:43',NULL,NULL,0),
(191,1,13,15,16,NULL,1,13,'2022-02-08 13:05:49',NULL,NULL,0),
(192,1,10,15,2,NULL,1,10,'2022-02-08 13:06:49',NULL,NULL,0),
(193,1,10,15,12,NULL,1,10,'2022-02-08 13:07:39',NULL,NULL,0),
(194,1,10,15,13,NULL,1,10,'2022-02-08 13:08:38',NULL,NULL,0),
(195,1,11,15,11,'test remark',1,11,'2022-02-08 13:10:04',NULL,NULL,0),
(196,1,13,15,17,NULL,1,13,'2022-02-08 13:26:06',NULL,NULL,0),
(197,1,11,15,11,'test',1,11,'2022-02-08 15:12:09',NULL,NULL,0),
(198,1,13,15,17,NULL,1,13,'2022-02-08 15:20:16',NULL,NULL,0),
(199,1,11,15,10,NULL,1,11,'2022-02-08 15:20:54',NULL,NULL,0),
(201,0,17,17,50,NULL,1,17,'2022-03-29 19:20:42',NULL,NULL,0),
(202,0,69,17,51,NULL,1,69,'2022-03-29 19:35:43',NULL,NULL,0),
(203,0,17,18,54,NULL,1,17,'2022-03-30 11:10:01',NULL,NULL,0),
(204,0,17,18,50,NULL,1,17,'2022-03-30 11:11:59',NULL,NULL,0),
(205,0,69,18,51,NULL,1,69,'2022-03-30 11:15:26',NULL,NULL,0),
(206,0,17,19,54,NULL,1,17,'2022-04-01 12:11:14',NULL,NULL,0),
(207,0,17,20,54,NULL,1,17,'2022-04-01 14:51:45',NULL,NULL,0),
(208,0,17,19,50,'Test 1',1,17,'2022-04-01 15:07:07',NULL,NULL,0),
(209,0,69,19,51,'test remark',1,69,'2022-03-31 16:45:00',NULL,NULL,0),
(210,0,17,20,50,'Test',1,17,'2022-03-31 17:18:49',NULL,NULL,0),
(211,0,17,21,54,NULL,1,17,'2022-04-02 10:49:17',NULL,NULL,0),
(212,0,17,22,54,NULL,1,17,'2022-04-02 10:57:17',NULL,NULL,0),
(213,0,17,23,54,NULL,1,17,'2022-04-02 11:54:16',NULL,NULL,0),
(214,0,17,23,50,'Check remark',1,17,'2022-04-02 12:10:14',NULL,NULL,0),
(215,0,17,22,50,'Check remark',1,17,'2022-04-02 12:10:14',NULL,NULL,0),
(216,0,69,23,51,'Application pass',1,69,'2022-04-02 12:12:20',NULL,NULL,0),
(217,0,69,22,51,'Application pass',1,69,'2022-04-02 12:12:20',NULL,NULL,0),
(218,0,17,24,54,NULL,1,17,'2022-04-04 16:09:43',NULL,NULL,0),
(219,0,17,24,50,'efgscgvwehvx vv vewygv',1,17,'2022-04-04 16:10:13',NULL,NULL,0),
(220,0,69,24,51,'fghuyjuyrj',1,69,'2022-04-04 16:13:30',NULL,NULL,0),
(221,1,33,12,49,NULL,1,33,'2022-04-04 19:11:38',NULL,NULL,0),
(222,1,33,12,49,NULL,1,33,'2022-04-04 19:32:36',NULL,NULL,0),
(223,1,33,12,49,NULL,1,33,'2022-04-05 11:27:51',NULL,NULL,0),
(224,1,33,12,49,NULL,1,33,'2022-04-05 11:29:47',NULL,NULL,0),
(225,0,17,12,50,'test remark',1,17,'2022-04-05 12:54:45',NULL,NULL,0),
(226,0,17,12,50,'test',1,17,'2022-04-05 12:56:26',NULL,NULL,0),
(227,1,33,11,49,NULL,1,33,'2022-04-05 16:17:34',NULL,NULL,0),
(228,0,17,11,50,'test remark',1,17,'2022-04-05 16:40:29',NULL,NULL,0),
(229,0,69,11,51,'test remark',1,69,'2022-04-05 18:27:45',NULL,NULL,0),
(230,0,17,25,54,NULL,1,17,'2022-04-11 13:26:07',NULL,NULL,0),
(231,0,17,26,54,NULL,1,17,'2022-04-11 17:25:33',NULL,NULL,0),
(232,0,17,27,54,NULL,1,17,'2022-04-11 17:31:24',NULL,NULL,0),
(233,0,17,28,54,NULL,1,17,'2022-04-19 20:01:39',NULL,NULL,0),
(234,0,17,29,54,NULL,1,17,'2022-04-26 16:52:24',NULL,NULL,0),
(235,0,17,30,54,NULL,1,17,'2022-05-11 16:58:05',NULL,NULL,0);

/*Table structure for table `optcl_application_status_master` */

DROP TABLE IF EXISTS `optcl_application_status_master`;

CREATE TABLE `optcl_application_status_master` (
  `id` int(11) NOT NULL AUTO_INCREMENT,
  `status_name` varchar(80) DEFAULT NULL,
  `status` tinyint(1) DEFAULT NULL,
  `created_by` int(11) DEFAULT NULL,
  `created_at` datetime DEFAULT NULL,
  `modified_by` int(11) DEFAULT NULL,
  `modified_at` datetime DEFAULT NULL,
  `deleted` tinyint(1) DEFAULT NULL,
  PRIMARY KEY (`id`)
) ENGINE=InnoDB AUTO_INCREMENT=60 DEFAULT CHARSET=utf8;

/*Data for the table `optcl_application_status_master` */

insert  into `optcl_application_status_master`(`id`,`status_name`,`status`,`created_by`,`created_at`,`modified_by`,`modified_at`,`deleted`) values 
(1,'Application Submitted to DA (L1)',1,1,'2021-09-29 13:08:58',1,'2021-09-29 13:09:01',0),
(2,'DA Approved & Pending at Recovery Details (L1)',1,1,'2021-09-29 13:08:58',1,'2021-09-29 13:09:01',0),
(3,'DA Returned to Applicant (L0)',1,1,'2021-09-29 13:11:07',1,'2021-09-29 13:08:58',0),
(4,'DDO (OPTCL) Approved',1,1,'2021-09-29 13:08:58',1,'2021-09-29 13:08:58',0),
(5,'DDO (OPTCL) Returned',1,1,'2021-09-29 13:08:58',1,'2021-09-29 13:08:58',0),
(6,'Application Resubmitted',1,1,'2021-09-29 13:08:58',1,'2021-09-29 13:08:58',0),
(7,'HR Wing (DA) Approved & Pending at Recovery Details (L2)',1,1,'2021-09-29 13:08:58',1,'2021-09-29 13:08:58',0),
(8,'HR Wing (DA) Returned to Applicant (L0)',1,1,'2021-09-29 13:08:58',1,'2021-09-29 13:08:58',0),
(9,'Pension Section',1,1,'2021-09-29 13:08:58',1,'2021-09-29 13:08:58',0),
(10,'Finanace Executive Approved & Pending at Recovery Details (L1)',1,1,'2021-09-29 13:08:58',1,'2021-09-29 13:08:58',0),
(11,'Finanace Executive Returned to Applicant (L0)',1,1,'2021-09-29 13:08:58',1,'2021-09-29 13:08:58',0),
(12,'DA Recovery Details Added & Pending at Part-II Submission (L1)',1,1,'2021-09-29 13:08:58',1,'2021-09-29 13:08:58',0),
(13,'DA Part - II Submitted & Forwarded to FE (L1)',1,1,'2021-09-29 13:08:58',1,'2021-09-29 13:08:58',0),
(14,'Unit Head Approved & Forwarded to HR Wing SA (L2)',1,1,'2021-09-29 13:08:58',1,'2021-09-29 13:08:58',0),
(15,'Unit Head Returned to DA (L1)',1,1,'2021-09-29 13:08:58',1,'2021-09-29 13:08:58',0),
(16,'Application Resubmitted to DA (L1)',1,1,'2021-09-29 13:08:58',1,'2021-09-29 13:08:58',0),
(17,'Application Resubmitted to Finanace Executive (L1)',1,1,'2021-09-29 13:08:58',1,'2021-09-29 13:08:58',0),
(18,'FE Recovery Details Updated & Pending at Part-II Update (L1)',1,1,'2021-09-29 13:08:58',1,'2021-09-29 13:08:58',0),
(19,'FE Part - II Updated & Forwarded to Unit Head (L1)',1,1,'2021-09-29 13:08:58',1,'2021-09-29 13:08:58',0),
(20,'HR Wing (DA) Assigned by HR Wing Sanction Authority (L2)',1,1,'2021-09-29 13:08:58',1,'2021-09-29 13:08:58',0),
(21,'HR Wing (DA) Recovery Details Updaated & Pending at Part-II Update (L2)',1,1,'2021-09-29 13:08:58',1,'2021-09-29 13:08:58',0),
(22,'HR Wing (DA) Part - II Updated & Pending at Part-III Update (L2)',1,1,'2021-09-29 13:08:58',1,'2021-09-29 13:08:58',0),
(23,'HR Wing (DA) Part - III Submitted & Pending at Calculation Sheet Generation (L2)',1,1,'2021-09-29 13:08:58',1,'2021-09-29 13:08:58',0),
(24,'HR Wing (DA) Calculation Sheet Generated & Forwarded to HR Executive (L2)',1,1,'2021-09-29 13:08:58',1,'2021-09-29 13:08:58',0),
(25,'Sanction Order Generated by HR Wing SA (L2)',1,1,'2021-09-29 13:08:58',1,'2021-09-29 13:08:58',0),
(26,'Gratuity Sanction Order Generated by HR Wing SA (L2)',1,1,'2021-09-29 13:08:58',1,'2021-09-29 13:08:58',0),
(27,'Application Resubmitted to Unit Head (L1)',1,1,'2021-09-29 13:08:58',1,'2021-09-29 13:08:58',0),
(28,'Application Resubmitted to HR Wing (DA) (L2)',1,1,'2021-09-29 13:08:58',1,'2021-09-29 13:08:58',0),
(29,'HR Executive Approved & Pending at Recovery Details (L2)',1,1,'2021-09-29 13:08:58',1,'2021-09-29 13:08:58',0),
(30,'HR Executive Returned to Applicant (L0)',1,1,'2021-09-29 13:08:58',1,'2021-09-29 13:08:58',0),
(31,'Application Resubmitted to HR Executive (L2)',1,1,'2021-09-29 13:08:58',1,'2021-09-29 13:08:58',0),
(32,'HR Executive Recovery Details Updated & Pending at Part - II Update (L2)',1,1,'2021-09-29 13:08:58',1,'2021-09-29 13:08:58',0),
(33,'HR Executive Part - II Updated & Pending at Part-III Update (L2)',1,1,'2021-09-29 13:08:58',1,'2021-09-29 13:08:58',0),
(34,'HR Executive Part - III Updated & Pending at Calculation Sheet Update (L2)',1,1,'2021-09-29 13:08:58',1,'2021-09-29 13:08:58',0),
(35,'HR Executive Calculation Sheet Updated',1,1,'2021-09-29 13:08:58',1,'2021-09-29 13:08:58',0),
(36,'Forwarded to Initiator (L3)',1,1,'2021-09-29 13:08:58',1,'2021-09-29 13:08:58',0),
(37,'Initiator Approved & Forwarded to Verifier (L3)',1,1,'2021-09-29 13:08:58',1,'2021-09-29 13:08:58',0),
(38,'Initiator Returned to HR Wing (SA) (L2)',1,1,'2021-09-29 13:08:58',1,'2021-09-29 13:08:58',0),
(39,'HR Wing (SA) Approved & Pending at Sanction Order Generated (L2)',1,1,'2021-09-29 13:08:58',1,'2021-09-29 13:08:58',0),
(40,'Sanctioning Authority Returned to  HR Wing DA (L2)',1,1,'2021-09-29 13:08:58',1,'2021-09-29 13:08:58',0),
(41,'HR Wing (DA) Resubmited to SA (L2)',1,1,'2021-09-29 13:08:58',1,'2021-09-29 13:08:58',0),
(42,'Verifier Approved & Forwarded to Approver (L3)',1,1,'2021-09-29 13:08:58',1,'2021-09-29 13:08:58',0),
(43,'Verifier Returned to HR Wing (SA) (L2)',1,1,'2021-09-29 13:08:58',1,'2021-09-29 13:08:58',0),
(44,'HR Wing (SA) Resubmited to Initiator (L3)',1,1,'2021-09-29 13:08:58',1,'2021-09-29 13:08:58',0),
(45,'HR Wing (SA) Resubmited to Verifier (L3)',1,1,'2021-09-29 13:08:58',1,'2021-09-29 13:08:58',0),
(46,'Approver Approved & Pending at PPT Order Generation',1,1,'2021-09-29 13:08:58',1,'2021-09-29 13:08:58',0),
(47,'Approver Returned to HR Wing (SA) (L2)',1,1,'2021-09-29 13:08:58',1,'2021-09-29 13:08:58',0),
(48,'HR Wing (SA) Resubmited to Approver (L3)',1,1,'2021-09-29 13:08:58',1,'2021-09-29 13:08:58',0),
(49,'PPO Order Generated',1,1,'2021-09-29 13:08:58',1,'2021-09-29 13:08:58',0),
(50,'Application Forwarded to Billing Officer',1,1,'2022-02-17 12:53:29',NULL,NULL,0),
(51,'Application Approved by Billing Officer',1,1,'2022-02-17 12:53:29',NULL,NULL,0),
(52,'Net Pension Calculated',1,1,'2022-02-17 12:53:29',NULL,NULL,0),
(53,'Bill Generated',1,1,'2022-02-17 12:53:29',NULL,NULL,0),
(54,'Application Submitted by Pension Unit User',1,1,'2022-03-29 18:44:35',NULL,NULL,0),
(59,'Changed Request Submitted Successfully',1,1,'2022-04-21 19:13:16',NULL,NULL,0);

/*Table structure for table `optcl_application_type` */

DROP TABLE IF EXISTS `optcl_application_type`;

CREATE TABLE `optcl_application_type` (
  `id` int(11) NOT NULL AUTO_INCREMENT,
  `type_name` varchar(20) DEFAULT NULL,
  `created_by` int(11) DEFAULT NULL,
  `created_at` datetime DEFAULT NULL,
  `modified_by` int(11) DEFAULT NULL,
  `modified_at` datetime DEFAULT NULL,
  `status` tinyint(1) NOT NULL DEFAULT 1,
  `deleted` tinyint(1) NOT NULL DEFAULT 0,
  PRIMARY KEY (`id`)
) ENGINE=InnoDB AUTO_INCREMENT=3 DEFAULT CHARSET=utf8mb4;

/*Data for the table `optcl_application_type` */

insert  into `optcl_application_type`(`id`,`type_name`,`created_by`,`created_at`,`modified_by`,`modified_at`,`status`,`deleted`) values 
(1,'New User',1,'2022-02-21 19:43:58',NULL,NULL,1,0),
(2,'Existing User',1,'2022-02-21 19:44:13',NULL,NULL,1,0);

/*Table structure for table `optcl_application_user_assignments` */

DROP TABLE IF EXISTS `optcl_application_user_assignments`;

CREATE TABLE `optcl_application_user_assignments` (
  `id` int(11) NOT NULL AUTO_INCREMENT,
  `application_id` int(11) DEFAULT NULL,
  `user_id` int(11) DEFAULT NULL,
  `created_by` int(11) DEFAULT NULL,
  `created_at` datetime DEFAULT NULL,
  `modified_by` int(11) DEFAULT NULL,
  `modified_at` datetime DEFAULT NULL,
  `status` tinyint(1) NOT NULL DEFAULT 1,
  `deleted` tinyint(1) NOT NULL DEFAULT 0,
  PRIMARY KEY (`id`)
) ENGINE=InnoDB AUTO_INCREMENT=7 DEFAULT CHARSET=latin1;

/*Data for the table `optcl_application_user_assignments` */

insert  into `optcl_application_user_assignments`(`id`,`application_id`,`user_id`,`created_by`,`created_at`,`modified_by`,`modified_at`,`status`,`deleted`) values 
(1,4,15,19,'2022-01-24 16:46:08',NULL,NULL,1,0),
(2,10,15,19,'2022-02-02 11:11:00',NULL,NULL,1,0),
(3,11,15,19,'2022-02-02 18:49:46',NULL,NULL,1,0),
(4,12,15,19,'2022-02-02 20:05:15',NULL,NULL,1,0),
(5,13,15,19,'2022-02-07 15:16:06',NULL,NULL,1,0);

/*Table structure for table `optcl_bank_branch_master` */

DROP TABLE IF EXISTS `optcl_bank_branch_master`;

CREATE TABLE `optcl_bank_branch_master` (
  `id` int(11) NOT NULL AUTO_INCREMENT,
  `bank_id` int(11) DEFAULT NULL,
  `branch_name` varchar(80) DEFAULT NULL,
  `ifsc_code` varchar(11) DEFAULT NULL,
  `micr_code` varchar(10) DEFAULT NULL,
  `address` tinytext DEFAULT NULL,
  `status` tinyint(1) DEFAULT 1,
  `created_by` int(11) DEFAULT NULL,
  `created_at` datetime DEFAULT NULL,
  `modified_by` int(11) DEFAULT NULL,
  `modified_at` datetime DEFAULT NULL,
  `deleted` tinyint(1) DEFAULT 0,
  PRIMARY KEY (`id`)
) ENGINE=InnoDB AUTO_INCREMENT=1494 DEFAULT CHARSET=utf8;

/*Data for the table `optcl_bank_branch_master` */

insert  into `optcl_bank_branch_master`(`id`,`bank_id`,`branch_name`,`ifsc_code`,`micr_code`,`address`,`status`,`created_by`,`created_at`,`modified_by`,`modified_at`,`deleted`) values 
(1,12,'ASKA','ANDB0000018','761011141','UTKAL TALKIES ROAD,ASKA,GANJAM DIST,ORISSA',1,1,'2021-09-25 13:17:29',NULL,NULL,0),
(2,12,'BARGARH','ANDB0000038','768011302','PB NO.10,HOSPITAL ROAD,BARGARH,BARGARH DIST.ORISSA.',1,1,'2021-09-25 13:17:29',NULL,NULL,0),
(3,12,'BERHAMPUR','ANDB0000042','760011002','CHINNA BAZAR PAKALA VARI STREET,BERHAMPUR,GANJAM DIST,ORISSA',1,1,'2021-09-25 13:17:29',NULL,NULL,0),
(4,12,'BHUBHANESHWAR','ANDB0000048','751011002','ANDHRA BANK, 7 & 8, JANPATH, BAPUJI NAGARBHUBANESWAR',1,1,'2021-09-25 13:17:29',NULL,NULL,0),
(5,12,'BURLA','ANDB0000055','768011003','DAILY MARKET,BURLA',1,1,'2021-09-25 13:17:29',NULL,NULL,0),
(6,12,'BOLANGIR','ANDB0000056','767011002','PBNO.20,NEAR DAILY MARKET,BOLANGIR.ORISSA.',1,1,'2021-09-25 13:17:29',NULL,NULL,0),
(7,12,'BARRACKS(BERHAMPUR)','ANDB0000063','760011004','SPECTRUM BUILDING OLD BUS STANDBARRACKS,BERHAMPUR.ORISSA',1,1,'2021-09-25 13:17:29',NULL,NULL,0),
(8,12,'BHANJANAGAR','ANDB0000065','761011503','MAIN ROAD,BHANJANAGAR,GANJAM DIST,ORISSA',1,1,'2021-09-25 13:17:29',NULL,NULL,0),
(9,12,'COURTPETA(BERHAMPUR','ANDB0000085','760011003','ANANTH BHAWAN, OPP.COURTPETA HIGH SCHOOL, BERHAMPUR-760004',1,1,'2021-09-25 13:17:29',NULL,NULL,0),
(10,12,'CUTTACK','ANDB0000087','753011002','BUXIBAZAR CUTTACKORISSA STATE',1,1,'2021-09-25 13:17:29',NULL,NULL,0),
(11,12,'CHIKITI PENTHO','ANDB0000088','761011518','CHIKITI PENTHOORISSA',1,1,'2021-09-25 13:17:29',NULL,NULL,0),
(12,12,'GOPALPUR','ANDB0000159','761011519','GOPALPUR-ON-SEA,GOPALPUR,GANJAM DIST,ORISSA',1,1,'2021-09-25 13:17:29',NULL,NULL,0),
(13,12,'GOSANI NAUGAON','ANDB0000172','760011006','AMAIN ROAD,OPP KCHS SCHOOLGOSANI NUAGAON,BERHAMPUR.GANZA',1,1,'2021-09-25 13:17:29',NULL,NULL,0),
(14,12,'GOBARA','ANDB0000174','761011509','MAIN ROAD,GOBARA,GANJAM DIST,ORISSA.',1,1,'2021-09-25 13:17:29',NULL,NULL,0),
(15,12,'GUDIALI','ANDB0000176','761011513','GUDIALI,KABISURYANAGAR BLOCK,GADIALIGANJAM DIST,ORISSA.',1,1,'2021-09-25 13:17:29',NULL,NULL,0),
(16,12,'GIRISOLA','ANDB0000177','761011520','GIRISOLA,GANJAM DIST,ORISSA.',1,1,'2021-09-25 13:17:29',NULL,NULL,0),
(17,12,'BARAMUNDA(BHUBANESWAR)','ANDB0000188','751011003','M-14,HOUSING BOARD COLONYBARAMUNDA,BHUBANESHWAR,ORISSA',1,1,'2021-09-25 13:17:29',NULL,NULL,0),
(18,12,'HIRAKUD','ANDB0000210','768011504','NEAR GIRLS HIGH SCHOOLHIRAKUD,SAMBALPUR DIST',1,1,'2021-09-25 13:17:29',NULL,NULL,0),
(19,12,'MALGODOWN(CUTTACK)','ANDB0000228','753011003','PLOT NO.36,PILGRIM RD COLLEGE SQUAREMALGODOWN,CUTTAK DIST,ORISSA',1,1,'2021-09-25 13:17:29',NULL,NULL,0),
(20,12,'ZONAL OFFICE BHUBANESHWAR','ANDB0000244',NULL,'M-14 , BARAMUNDA , BHUBNESWARBOARD COLONY,BARAMUNDA,BHUBANE',1,1,'2021-09-25 13:17:29',NULL,NULL,0),
(21,12,'SOMPUR','ANDB0000253','754011501','SOMPUR,CUTTACK DIST,ORISSA',1,1,'2021-09-25 13:17:29',NULL,NULL,0),
(22,12,'JEYPORE','ANDB0000260','764011001','MAIN ROAD,JEYPORE,KORAPUT DIST,ORISSA',1,1,'2021-09-25 13:17:29',NULL,NULL,0),
(23,12,'JAJPUR ROAD,','ANDB0000275','755011102','NEW BUS STAND,JAJPUR ROAD,CUTTAK DIST,ORISSA',1,1,'2021-09-25 13:17:29',NULL,NULL,0),
(24,12,'KASHINAGAR','ANDB0000324','761011514','MAIN ROAD, KASHINAGAR, GAJAPATHI DIST, ORISSA',1,1,'2021-09-25 13:17:29',NULL,NULL,0),
(25,12,'MACHIPADA','ANDB0000405','752011501','AT/PO,MACHIPADA,VIA NAYAGARH,PURI DIST,ORISSA',1,1,'2021-09-25 13:17:29',NULL,NULL,0),
(26,12,'PARLAKHEMUNDI','ANDB0000438','761011102','PALACE STREET,  PARLAKHEMUNDIGAJAPATI DIST,ORISSA.',1,1,'2021-09-25 13:17:29',NULL,NULL,0),
(27,12,'POLASARA','ANDB0000453','761011504','POLASARA,GANJAM DIST,ORISSA.',1,1,'2021-09-25 13:17:29',NULL,NULL,0),
(28,12,'PURI','ANDB0000458','752011002','KACHERI STREET ROAD,PURI,PURI DIST,ORISSA',1,1,'2021-09-25 13:17:29',NULL,NULL,0),
(29,12,'HINJILICUT','ANDB0000462','761011521','MAIN ROAD,HINJILICUT',1,1,'2021-09-25 13:17:29',NULL,NULL,0),
(30,12,'RAYAGADA','ANDB0000471','765011002','MAIN ROAD,RAYAGADA,KORAPUT DIST,ORISSA.',1,1,'2021-09-25 13:17:29',NULL,NULL,0),
(31,12,'RAMBHA','ANDB0000479','761011522','MAIN ROAD, RAMBHA',1,1,'2021-09-25 13:17:29',NULL,NULL,0),
(32,12,'ROURKELA','ANDB0000492','769011002','PB NO.6,KACHERI ROAD,ROURKELA,SUNDARGARH DIST.ORISS',1,1,'2021-09-25 13:17:29',NULL,NULL,0),
(33,12,'SAMBALPUR','ANDB0000537','768011002','G M COLLEGE RAOD, SAMBALPUR',1,1,'2021-09-25 13:17:29',NULL,NULL,0),
(34,12,'SHERGADA','ANDB0000539','761011507','MAIN ROAD,SHERAGADA,GANJAM DIST,ORISSA',1,1,'2021-09-25 13:17:29',NULL,NULL,0),
(35,12,'PARADEEP PORT','ANDB0000646','754011002','ROOM NO.18 TO 20,JUBILEE MARKET,PARADEEP,CUTTACK DIST,ORISSA',1,1,'2021-09-25 13:17:29',NULL,NULL,0),
(36,12,'ADAPADA','ANDB0000662','768011506','NEAR BANHARPALI, I.B. THERMAL POWER STATION, PO- ADHAPADA, VIA- BELPAHAR, DIST-SAMBALPUR, PIN-768217',1,1,'2021-09-25 13:17:29',NULL,NULL,0),
(37,12,'BARUAN','ANDB0000663','755011503','AT UPPER BARUAN, KABIRPUR PO, JAJPUR DIST - 755009',1,1,'2021-09-25 13:17:29',NULL,NULL,0),
(38,12,'SIKULA','ANDB0000694','761011508','SIKULA, PURUSHOTHAMPUR CLOCK,SIKULA - 761018',1,1,'2021-09-25 13:17:29',NULL,NULL,0),
(39,12,'SATASANKHA','ANDB0000695','752011504','AT/PO SATSANKHA, DIST PURI-752046',1,1,'2021-09-25 13:17:29',NULL,NULL,0),
(40,12,'ANGUL','ANDB0000704','759011002','SHANKAR CINEMA RAOD, ANGUL - 759122',1,1,'2021-09-25 13:17:29',NULL,NULL,0),
(41,12,'BADAGADA','ANDB0000741','761011502','MAIN ROAD, BADAGADA, SURADA BLOCK, GANJAM DIST. 503125',1,1,'2021-09-25 13:17:29',NULL,NULL,0),
(42,12,'BALUGAON','ANDB0000742','752011402','MIAN ROAD, BALUGAON. PIN - 752 030',1,1,'2021-09-25 13:17:29',NULL,NULL,0),
(43,12,'BUDESHWARI COLONY','ANDB0000745','751011004','96 A, BS COLONY, CUTTACK RAOD, BUDHESWARI COLONY, BHUBANESHWAR',1,1,'2021-09-25 13:17:29',NULL,NULL,0),
(44,12,'BHATIMUNDA','ANDB0000752','753011502','AT/PO BHATIMUNDA VIA KOTSAHI, CUTTACK DT - 754022',1,1,'2021-09-25 13:17:29',NULL,NULL,0),
(45,12,'BAUNSIAPADA','ANDB0000753','752011503','BAUNSIAPADA PO,VIA ITAMATI,NAYAGARH DIST,ORISSA',1,1,'2021-09-25 13:17:29',NULL,NULL,0),
(46,12,'BAMINIPAL','ANDB0000754','755011502','MAIN ROAD, BAMKNIPA',1,1,'2021-09-25 13:17:29',NULL,NULL,0),
(47,12,'BADABANDHA','ANDB0000758','767011503','AT PO - BADABANDHA, VIA  DEOGAON, DIST- BOLANGIR ORISSA  767029',1,1,'2021-09-25 13:17:29',NULL,NULL,0),
(48,12,'CHADEIGAON','ANDB0000763','768011501','PO BHATLEI BARGARH DIST ORISSA- 768036',1,1,'2021-09-25 13:17:29',NULL,NULL,0),
(49,12,'DELANG RLY STATION','ANDB0000766','752011502','DELANG RLY. STATIONBERBOI PO,PURI DIST,ORISSA',1,1,'2021-09-25 13:17:29',NULL,NULL,0),
(50,12,'CHATRAPUR','ANDB0000774','761011002','MAIN ROAD,CHATRAPUR,GANJAM DIST,ORISSA',1,1,'2021-09-25 13:17:29',NULL,NULL,0),
(51,12,'CHAINPAL','ANDB0000780','759011501','ANAND BAZAR,CHAINPAL,TALCHER THERMAL,ANGUL',1,1,'2021-09-25 13:17:29',NULL,NULL,0),
(52,12,'JATNI(KHURDA ROAD)','ANDB0000801','751011015','RAMACHANDRAPUR BAZAR, KHURDA RAOD, PIN - 7520 050',1,1,'2021-09-25 13:17:29',NULL,NULL,0),
(53,12,'KULLADA','ANDB0000827','761011515','AT/PO-KULLADA VIA BHANJANAGAR DIST GANJAM ORISSA PIN 761131',1,1,'2021-09-25 13:17:29',NULL,NULL,0),
(54,12,'KALIAPANI','ANDB0000828','755011504','ORISSA MINING CORPORATIONKALIAPANI,JAJPUR DIST,AP',1,1,'2021-09-25 13:17:29',NULL,NULL,0),
(55,12,'LEWIS ROAD','ANDB0000838','751011005','LEWIS RAOD, NEAR GOWTHAM FILLING STATION, BHUBANESHWAR - 2',1,1,'2021-09-25 13:17:29',NULL,NULL,0),
(56,12,'MANGALBAGH(CUTTACK)','ANDB0000841','753011004','MEDICAL ROADMANGALBAGH,CUTTAK',1,1,'2021-09-25 13:17:29',NULL,NULL,0),
(57,12,'MUNDAMARAI','ANDB0000852','751011516','MUNDAMARAI,VIA ASKAGANJAM DIST,ORISSA.',1,1,'2021-09-25 13:17:29',NULL,NULL,0),
(58,12,'NIMINA','ANDB0000875','761011506','NIMINA,ASKA BLOCKT,GANJAM DIST,ORISSA',1,1,'2021-09-25 13:17:29',NULL,NULL,0),
(59,12,'MADHUSUDAN NAGAR(BH','ANDB0000895','751011006','PLOT NO - 269,  SACHIVALAYA MARG,MADHUSUDAN NAGA,BHUBANESWAR,ORISSA STATE',1,1,'2021-09-25 13:17:29',NULL,NULL,0),
(60,12,'PODAMARI','ANDB0000907','761011517','PODAMARISANAKHEMUDI BLOCK,GANJAM DIST,',1,1,'2021-09-25 13:17:29',NULL,NULL,0),
(61,12,'HALDI','ANDB0000926','767011502','AT PO,HALDI,VIA MURIBAHAL,DIT BOLANGIR,ORISSA',1,1,'2021-09-25 13:17:29',NULL,NULL,0),
(62,12,'SARADHAPUR','ANDB0000956','752011505','AT SARADHAPUR, BAUNSAGADIA PO, VIA SARANKUL, NAYAGARH DIST - 752080',1,1,'2021-09-25 13:17:29',NULL,NULL,0),
(63,12,'LAIMORA','ANDB0000972','768011507','JILUVANI,LAIMURA,VIA SAMBALPUR,SAMBALPUR DIST,ORISSA',1,1,'2021-09-25 13:17:29',NULL,NULL,0),
(64,12,'BHIMPUR','ANDB0000982','752011403','BHIMPUR,BHIMPUR PO,PURI DIST,ORISSA',1,1,'2021-09-25 13:17:29',NULL,NULL,0),
(65,12,'TULU','ANDB0000986','761011511','TULU VILL, INDRAKSHI PO, GANJAM DIST - 761008',1,1,'2021-09-25 13:17:29',NULL,NULL,0),
(66,12,'KALABADA','ANDB0000992','761011510','AT/PO KALABADA, VIA CHIKITI, GANJAM DIST, ORISSA - 761010',1,1,'2021-09-25 13:17:29',NULL,NULL,0),
(67,12,'BIRMAL','ANDB0000995','768011502','AT/PO BIRMAL, VIA BARPALI, DIST BARGARH',1,1,'2021-09-25 13:17:29',NULL,NULL,0),
(68,12,'SARANDAPALI','ANDB0000997','768011503','AT/PO SARANDAPALLI, VIA BIJAPUR, BARGARH DIST, ORISSA - 768032',1,1,'2021-09-25 13:17:29',NULL,NULL,0),
(69,12,'SATHIPUR','ANDB0001004','755011501','SATHIPUR,RANIGODA POSTVIA BARUNDEI,JAJPUR DIST. ORIS',1,1,'2021-09-25 13:17:29',NULL,NULL,0),
(70,12,'B.KARADABADI','ANDB0001011','761011512','B KARADABADI, VIA KARACHULLI, GANJAM DIST, ORISSA',1,1,'2021-09-25 13:17:29',NULL,NULL,0),
(71,12,'BALASORE','ANDB0001022','756011002','BALASORE BRANCHOT. ROAD, BHASKARGANJ, BALASORE',1,1,'2021-09-25 13:17:29',NULL,NULL,0),
(72,12,'SAHEED NAGAR','ANDB0001058','751011007','IPICOL HOUSE RUPALI CHOWK P.O BHOINAGARSAHEED NAGAR',1,1,'2021-09-25 13:17:29',NULL,NULL,0),
(73,12,'O M C CAMPUS','ANDB0001059','751011008','O M C CAMPUS BHUBANESHWAR',1,1,'2021-09-25 13:17:29',NULL,NULL,0),
(74,12,'NABARANGPUR ODISHA','ANDB0001060','764011202','NEW TANK STREET,NABARANGPUR,ODISHA',1,1,'2021-09-25 13:17:29',NULL,NULL,0),
(75,12,'BHAWANIPATNA','ANDB0001061','766011002','STATUE CHOWK BHAWANIPATNA KALAHANDI DIST ORISSA',1,1,'2021-09-25 13:17:29',NULL,NULL,0),
(76,12,'BARIPADA','ANDB0001062','757011002','ANDHRA BANK LALBAZAR BARIPADA MAYURBANJ ORISSA',1,1,'2021-09-25 13:17:29',NULL,NULL,0),
(77,12,'BARBIL','ANDB0001063','758011102','WARD NO.5 NEW MARKET KEONJHAR DIST,ORISSA',1,1,'2021-09-25 13:17:29',NULL,NULL,0),
(78,12,'JHARSUGUDA BRANCH','ANDB0001064','768011202','MANGAL BAZAR ROADNEAR MISHRA TALKIES,JHARSUGUDA',1,1,'2021-09-25 13:17:29',NULL,NULL,0),
(79,12,'SME BRANCH, JAGANNATHPUR','ANDB0001088','760011005','N.H-5,JAGANNATHPUR JUNCTIONP O NARENDRAPUR,BERHAMPUR, DT-GANJAM(ORISSA)',1,1,'2021-09-25 13:17:29',NULL,NULL,0),
(80,12,'SC-BHUBANESHWAR','ANDB0001171','751011001','M14, BARAMUNDA HB COLONY, ZO COMPLEX, BHUBANESWAR',1,1,'2021-09-25 13:17:29',NULL,NULL,0),
(81,12,'CESCO POWER HOUSE','ANDB0001275','751011009','POWER HOUSE SQUARE, UNIT - 8, BHUBANESHWAR-12',1,1,'2021-09-25 13:17:29',NULL,NULL,0),
(82,12,'GUNUPUR','ANDB0001286','765011501','MAIN ROAD GUNUPURDIST RAYAGADA(ORISSA)',1,1,'2021-09-25 13:17:29',NULL,NULL,0),
(83,12,'CHANDRASEKHARPUR','ANDB0001287','751011011','1ST FLOOR,PLOT NO.360,DAMANA SQUARE, NEAR DAMANA MARKET,CHANDRASEKHARPUR,BHUBANESWAR',1,1,'2021-09-25 13:17:29',NULL,NULL,0),
(84,12,'DHENKENAL','ANDB0001288','759011003','WARD NO 11 MAHAVIR BAZARDEHNKENAL,ORISSA',1,1,'2021-09-25 13:17:29',NULL,NULL,0),
(85,12,'KEONJHAR','ANDB0001299','758011002','TOWN POLICE STATIONOPP COLLECTORATE,KEONJHAR,ORIS',1,1,'2021-09-25 13:17:29',NULL,NULL,0),
(86,12,'ATTABIRA','ANDB0001300','768011505','MAIN ROAD,NEAR BUS STANDBARGARH DISTRICT,ORISSA',1,1,'2021-09-25 13:17:29',NULL,NULL,0),
(87,12,'UMARKOTE','ANDB0001301','764011502','MAIN ROAD UMERKOTENABARANGAPUR DIST,ORISSA',1,1,'2021-09-25 13:17:29',NULL,NULL,0),
(88,12,'KORAPUT','ANDB0001324','764011002','PLOT NO. 94,KORAPUT NAGARMAIN ROAD, KORAPUT,ORISSA',1,1,'2021-09-25 13:17:29',NULL,NULL,0),
(89,12,'PURUSHOTTAMPUR-BERHAMPUR','ANDB0001344','761011505','MAIN ROAD,PURUSHOTTAMPUR,GANJAM DIST.ORISSA',1,1,'2021-09-25 13:17:29',NULL,NULL,0),
(90,12,'KASTURI NAGAR','ANDB0001347','765011003','NEAR LIC OFFICE, KASTURI NAGAR LANE 2,RAYAGADA-765001',1,1,'2021-09-25 13:17:29',NULL,NULL,0),
(91,12,'NAYAGARH','ANDB0001348','752011102','NEAR BUS STAND, MAIN ROAD, NAYAGARH, PIN-752069',1,1,'2021-09-25 13:17:29',NULL,NULL,0),
(92,12,'CIVIL TOWNSHIP(ROURKELA)','ANDB0001349','769011003','LIC BUILDING  NEAR PF BLDG,ROURKELA,SUNDARGARH DIST,ORISSA',1,1,'2021-09-25 13:17:29',NULL,NULL,0),
(93,12,'KESINGA','ANDB0001360','766011501','NEAR RLY PHATAK, MAIN ROAD KESINGA, KALAHAND, ORISSA-766012',1,1,'2021-09-25 13:17:29',NULL,NULL,0),
(94,12,'JODA BRANCH','ANDB0001367','758011202','AT-MAIN ROAD JODA, PO-JODA, KEONJHAR DIST, ORISSA-758034',1,1,'2021-09-25 13:17:29',NULL,NULL,0),
(95,12,'KANTABHANJI BRANCH','ANDB0001368','767011501','MAIN ROAD,AT/PO-KANTABANJI-767039',1,1,'2021-09-25 13:17:29',NULL,NULL,0),
(96,12,'DIGAPAHANDI','ANDB0001369','761011202','BUST STAND, MAIN RAOD, DIGAPAHNANDI, GANJAM DIST. ORISSA -',1,1,'2021-09-25 13:17:29',NULL,NULL,0),
(97,12,'KHURDA','ANDB0001373','751011016','NEW BUS STAND ROAD, KHURDA-752056',1,1,'2021-09-25 13:17:29',NULL,NULL,0),
(98,12,'JAGATSINGHPUR','ANDB0001374','754011202','AT/PO/DIST-JAGATSINGHPUR,MAIN ROAD , - 754103',1,1,'2021-09-25 13:17:29',NULL,NULL,0),
(99,12,'KENDRAPADA','ANDB0001407','754011102','BADA HAAT, KARAT SQUARE, KENDRAPARA, PIN-754211',1,1,'2021-09-25 13:17:29',NULL,NULL,0),
(100,12,'SEMILIGUDA','ANDB0001408','763011002','MAIN ROAD, SEMILIGUDA, KORAPUT DIST. ORISSA - 501218',1,1,'2021-09-25 13:17:29',NULL,NULL,0),
(101,12,'DUBURI','ANDB0001411','755011302','PLOT NO 668 EXPRESS HIGHWAY SIDEAT/PO- DUBURI,KALING NAGAR JAJPUR',1,1,'2021-09-25 13:17:29',NULL,NULL,0),
(102,12,'DHAMRA','ANDB0001412','756011501','PLOT NO.786/1277,MOUZA PAIKASAHIDHAMRA,BHADRAK DIST ORISSA',1,1,'2021-09-25 13:17:29',NULL,NULL,0),
(103,12,'SRIKSHETRA BRANCH,','ANDB0001443','752011003','PD A V PUBLIC SCHOOLWATER WORKS ROAD,PURI,ORISSA',1,1,'2021-09-25 13:17:29',NULL,NULL,0),
(104,12,'MARKAT NAGAR','ANDB0001446','753011005','C-1377/4,SECTOR-6,MARKATNAGARBIDANASI, C D A,CUTTACK',1,1,'2021-09-25 13:17:29',NULL,NULL,0),
(105,12,'SONEPUR','ANDB0001449','767011102','BADA BAZAR,PALACE CHAK,NEAR POLICE,SONEPUR,SUBARNAPUR,ORISSA',1,1,'2021-09-25 13:17:29',NULL,NULL,0),
(106,12,'RASOOLGAARH','ANDB0001451','751011014','A N PLAZARASOOLGARH SQUARE',1,1,'2021-09-25 13:17:29',NULL,NULL,0),
(107,12,'KHANDAGIRI','ANDB0001480','751011013','PLOT NO.6, CHIDANANDA BIHAR, KHANDAGIRI, BHUBANESWAR, PIN - 751019',1,1,'2021-09-25 13:17:29',NULL,NULL,0),
(108,12,'ACHARYA VIHAR','ANDB0001493','751011010','LN-170,NAYAPALLI,NEAR ACHARYA VIHARSQUARE POST,BHUBANESHWAR.',1,1,'2021-09-25 13:17:29',NULL,NULL,0),
(109,12,'SMIT CHANDIPADAR','ANDB0001494','761011523','SMIT CAMPUS, CHANDIPADAR, BHABANDHA PO, GANJAM DIST - 761003',1,1,'2021-09-25 13:17:29',NULL,NULL,0),
(110,12,'DRIEMS','ANDB0001495','753011503','AT/PO-DHANESWARRATH ENG.COLLEGE,KOTASAHI',1,1,'2021-09-25 13:17:29',NULL,NULL,0),
(111,12,'IRC VILLAGE','ANDB0001496','751011012','IRC VILLAGE, CESU-BCDD-IINAYAPALLI, BHUBANESWAR, ORISSA',1,1,'2021-09-25 13:17:29',NULL,NULL,0),
(112,12,'ZONAL OFFICE, BERHAMPUR','ANDB0001604',NULL,'GAYATRI CENTRAL PLAZA, NEAR TATA BENZ SQUARE, BERHAMPUR - 760004',1,1,'2021-09-25 13:17:29',NULL,NULL,0),
(113,12,'GOTHAPATNA','ANDB0001731','751011017','IIIT BUILDING, GOTHAPATNA, PS-CHANDAKA, VIA MALIPADA, BHUBANESWAR - 751003',1,1,'2021-09-25 13:17:29',NULL,NULL,0),
(114,12,'PHULBANI','ANDB0001742','762011002','MAIN ROAD, ANAND BAZAR, PHULBANI - 762001',1,1,'2021-09-25 13:17:29',NULL,NULL,0),
(115,12,'POKHARIPUT','ANDB0001751','751011018','PLOT NO.129, ANANTA VIHAR, PHASE-II, BDA HOUSING SCHEME, POKHARIPUT, BHUBANESWAR - 751020',1,1,'2021-09-25 13:17:29',NULL,NULL,0),
(116,12,'GMR KAMALANGA TOWNSHIP BRANCH','ANDB0001765','759011502','AT-PO KAMALANGA, VIA MERAMANDALI, BHUSAN PS, DHENKANALA DIST - 759121',1,1,'2021-09-25 13:17:29',NULL,NULL,0),
(117,12,'BHADRAK','ANDB0001812','756011102','ADJ TO NEW SP OFFICE COLLEGE ROAD BHADRAK - 756100',1,1,'2021-09-25 13:17:29',NULL,NULL,0),
(118,12,'PUBASASAN','ANDB0001831','751011019','PRASANTI VIHAR, K E C CAMPUS, PO - KAUSALYA GANG, PURI DIST',1,1,'2021-09-25 13:17:29',NULL,NULL,0),
(119,12,'BELLAGUNTHA','ANDB0001852','761011524','BELLAGUNTHA MAIN ROAD, HATHAPADA, BELLAGUNTHA, GANJAM DIST - 761119',1,1,'2021-09-25 13:17:29',NULL,NULL,0),
(120,12,'TRISULIA CHOWK','ANDB0001870','751011021','P NO 594/7480 PO BRAHMANIGARH  VIA BARANG DIST CUTTACK, ORISSA',1,1,'2021-09-25 13:17:29',NULL,NULL,0),
(121,12,'JAANLA','ANDB0001871','751011020','AT UTTARAMUNDAMUHAN NH 5 PO JAANLA P S JATNI DIST KHURDA 752034',1,1,'2021-09-25 13:17:29',NULL,NULL,0),
(122,12,'CHANDANESWAR','ANDB0001937','756011502','AT- CHANDANESWAR, PO-BAJITPUR, BLOCK-BHOGRAI, BALASORE DIST - 756085',1,1,'2021-09-25 13:17:29',NULL,NULL,0),
(123,12,'JALESWAR','ANDB0001938','756011202','ANDHRA BANK, JALESWAR BRANCH, AT/PO NUABAZAR, BALESORE DIST - 756032',1,1,'2021-09-25 13:17:29',NULL,NULL,0),
(124,12,'KUMANDA','ANDB0001939','759011503','PLOT NO 5071/8737, MAIN ROAD, AT/PO: KUMANDADIST - ANGUL',1,1,'2021-09-25 13:17:29',NULL,NULL,0),
(125,12,'PAPADAHANDI','ANDB0001940','764011203','UMERKOTE ROAD, PAPADAHANDI, NABARANGPUR DIST - 764071',1,1,'2021-09-25 13:17:29',NULL,NULL,0),
(126,12,'HALDIAPADAR','ANDB0001988','760011501','RALAB ROAD, HALDIAPADAR SPACE, GANJAM DT, ORISSA - 760003',1,1,'2021-09-25 13:17:29',NULL,NULL,0),
(127,12,'PATRAPADA-AIIMS ROAD','ANDB0001996','751011022','AT PO, PATRAPADA, DIST KHURDA, ODISSA - 751019',1,1,'2021-09-25 13:17:29',NULL,NULL,0),
(128,12,'ADHALIA','ANDB0001997','751011501','NEAR DPS,ADHALIA ROAD,NAKHARA, PHULNAKHARA,CUTTACK DT - 754001',1,1,'2021-09-25 13:17:29',NULL,NULL,0),
(129,12,'PODIA','ANDB0002030','764011504','OPP BLOCK OFFICE,AT/POST PODIA, MALKANGIRI DT, ODISHA - 764047',1,1,'2021-09-25 13:17:29',NULL,NULL,0),
(130,12,'BARPALI','ANDB0002133','768011402','SHYAMA CHOWK,AT P BY O BARPALI,BARGARH DT,ODISHA 768029',1,1,'2021-09-25 13:17:29',NULL,NULL,0),
(131,12,'SAHADA','ANDB0002134','756011503','LALAZI BAZAR,AT PO SAHADA,VIA SABRANG,BHADRAK DT,ODISHA 756123',1,1,'2021-09-25 13:17:29',NULL,NULL,0),
(132,12,'KURADHAMAL','ANDB0002135','752011507','AT KURADHAMAL,DALZIPUT PO,KHURDA DT 752056',1,1,'2021-09-25 13:17:29',NULL,NULL,0),
(133,12,'MANIPUR','ANDB0002136','759011504','AT P BY O MANIPUR,VIA GOVINDPUR,DHENKANAL DT 759027',1,1,'2021-09-25 13:17:29',NULL,NULL,0),
(134,12,'S DUMBERPALI','ANDB0002137','768011508','AT P BY O S DUMPERPALI,VIA BIEPUR,DIST BARGARH,ODISHA 768032',1,1,'2021-09-25 13:17:29',NULL,NULL,0),
(135,12,'KATAPALI','ANDB0002138','768011509','AT PO KATAPALLI,VIA BIJEPUR PS,BARPALI,BARGARH DT,ODISHA 768032',1,1,'2021-09-25 13:17:29',NULL,NULL,0),
(136,12,'KRUSHNAPRASAD GARH','ANDB0002139','752011506','AT KRUSHNAPRASAD GARH,VIA PARIKUD,DIST PURI,ORISSA 752011',1,1,'2021-09-25 13:17:29',NULL,NULL,0),
(137,12,'V S S NAGAR','ANDB0002161','751011023','VSS NAGAR,CM 26,V S S NAGAR,BHUBANESWAR,ODISHA 751007',1,1,'2021-09-25 13:17:29',NULL,NULL,0),
(138,12,'TANKAPANI ROAD','ANDB0002162','751011024','BISWANATH PLAZA TANKAPANI ROAD BHUBANESWAR 751018',1,1,'2021-09-25 13:17:29',NULL,NULL,0),
(139,12,'BHABINIPUR','ANDB0002171','760011502','BHABINIPUR BR,SIDARTH NAGAR SQUARE,BHABINIPUR MAIN ROAD,ORISSA',1,1,'2021-09-25 13:17:29',NULL,NULL,0),
(140,12,'MALKANGIRI','ANDB0002172','764011302','AT CHIDANANDA STREET MALKANGIRI DIST MALKANGIRI ODISHA 764045',1,1,'2021-09-25 13:17:29',NULL,NULL,0),
(141,12,'NILAKANTHA NAGAR','ANDB0002248','760011007','NILAKANTHESWAR TEMPLE ROAD,NEAR LINGARAJA HALL,BERHAMPUR 760002',1,1,'2021-09-25 13:17:29',NULL,NULL,0),
(142,12,'DHENKIKOTE','ANDB0002323','758011501','PLOT NO 268,DHENKIKOTE ,KEONJHAR DIST,ODISHA,758029',1,1,'2021-09-25 13:17:29',NULL,NULL,0),
(143,12,'DEOGARH','ANDB0002398','768011102','PLOT NO 33504487,MAIN MARKET,HOSPITAL ROAD,DEOGARH,768108',1,1,'2021-09-25 13:17:29',NULL,NULL,0),
(144,12,'PATNAGARH','ANDB0002399','767011504','1ST FLR,INDANE GAS OFFICE,PATNAGARH,BOLANGIR,ODISHA,767025',1,1,'2021-09-25 13:17:29',NULL,NULL,0),
(145,12,'SUNDARGARH','ANDB0002400','770011002','PLOT NO 46,IST FLOOR,MISSION ROAD,SUNDARGARH,770001,ODISHA',1,1,'2021-09-25 13:17:29',NULL,NULL,0),
(146,12,'KALINGANAGAR','ANDB0002401','751011025','K 7 351,KALINGANAGAR,BHUBANESWAR,ODISHA,751003',1,1,'2021-09-25 13:17:29',NULL,NULL,0),
(147,12,'MADHUSUDHANPUR SASAN','ANDB0002402','754011502','AT KENDALA,JAGATSINGHPUR DIST,754114',1,1,'2021-09-25 13:17:29',NULL,NULL,0),
(148,12,'LANDAPATHAR','ANDB0002403','767011505','RAJIV GANDHI SEVA KENDRA,LANDAPATHAT PO,DEOGOAN,BOLANGIR DIST,ODISHA,767099',1,1,'2021-09-25 13:17:29',NULL,NULL,0),
(149,12,'BOLANGIR','ANDB0002404','767011506','AT PO SATUNPUR,BOLANGIR DIST,ODISHA,767071',1,1,'2021-09-25 13:17:29',NULL,NULL,0),
(150,12,'BADAKHANDEITA','ANDB0002405','754011504','AT BADAKHANDEITA,SOMPUR,JAGATSINGHPUR,ODISHA,754130',1,1,'2021-09-25 13:17:29',NULL,NULL,0),
(151,12,'BARO','ANDB0002467','754011503','RAJIVGANDHI SEVA KENDRA,BARO,THAKURPATNA,KENDRAPADA DIST,754250',1,1,'2021-09-25 13:17:29',NULL,NULL,0),
(152,12,'JAJAPUR','ANDB0002498','761011526','NEAR DFO OFFICE,JAJAPUR,PARALAKHENUMDI,GAJAPATHI,ODISHA,761200',1,1,'2021-09-25 13:17:29',NULL,NULL,0),
(153,12,'PRASADARAO PET','ANDB0002504','764011103','NEAR INDIRA CHOWK,JEYPORE,764003',1,1,'2021-09-25 13:17:29',NULL,NULL,0),
(154,12,'BORIGUMMA','ANDB0002508','764011505','SANTISHI NAGAR,BORIGUMMA,KORAPUT,ODISHA,764056',1,1,'2021-09-25 13:17:29',NULL,NULL,0),
(155,12,'UDALA','ANDB0002554','757011501','WARD NO 5,CINEMA HALL ROAD,UDALA 757041,MAYURBHANJ DIST',1,1,'2021-09-25 13:17:29',NULL,NULL,0),
(156,12,'KARANJIA','ANDB0002555','757011502','NEAR PWD OFFICE,AT PO KARANJIA,MAYURBHAI DIST,ODISHA,757037',1,1,'2021-09-25 13:17:29',NULL,NULL,0),
(157,12,'ZONAL OFFICE SAMBALPUR','ANDB0002719',NULL,'ZONAL OFFICE SAMBALPUR,GM COLLEGE ROAD,SAMBALPUR,768001,ODISHA',1,1,'2021-09-25 13:17:29',NULL,NULL,0),
(158,12,'JAJPUR','ANDB0002827','755011002','JAGESWARPUR,UNIT 8,JAJPUR DIST,ODISHA,755001',1,1,'2021-09-25 13:17:29',NULL,NULL,0),
(159,12,'BALIGUDA','ANDB0002828','762011501','OPP BOYS HIGH SCHOOL,BALIGUDA,KANDHAMAL DIST,762103',1,1,'2021-09-25 13:17:29',NULL,NULL,0),
(160,12,'KHARIAR','ANDB0002829','766011502','OPP POLICE STATION,MAIN ROAD,KHARIAR',1,1,'2021-09-25 13:17:29',NULL,NULL,0),
(161,12,'BOUDH','ANDB0002842','762011102','MARKET ROAD,NEAR RAM LEELA STREET,BOUDH,ODISHA,762014',1,1,'2021-09-25 13:17:29',NULL,NULL,0),
(162,12,'UMURI','ANDB0002844','764011506','UMURI PO,KORAPUT DIST,ODISHA,764002',1,1,'2021-09-25 13:17:29',NULL,NULL,0),
(163,12,'MANGOBINDAPUR','ANDB0002862','757011503','AT MANGOBINDAPUR,BIJIPUR PO,MANATRI,MAYURBHANJ DIST,ODISHA,757017',1,1,'2021-09-25 13:17:29',NULL,NULL,0),
(164,12,'BHATLI CHOWK','ANDB0002868','768011303','BHATLI CHOWK,BARGARH,ODISHA,768028',1,1,'2021-09-25 13:17:29',NULL,NULL,0),
(165,12,'DALAB','ANDB0002869','768011512','BNRGSK BUILDING,DALAB PO,VIA KADOBAHAL,BARGARH DIST,ODISHA,768102',1,1,'2021-09-25 13:17:29',NULL,NULL,0),
(166,12,'KULUMA','ANDB0002870','759011505','BNRGSK BUILDING,KULUMA PO,VIA RANGALI DAM PROJECT,ANGUL,ODISHA,75916',1,1,'2021-09-25 13:17:29',NULL,NULL,0),
(167,12,'DUNGURIPALI','ANDB0002871','767011509','DUNGURIPALI PO,SUBARNAPUR DIST,BOLANGIR,ODISHA,767023',1,1,'2021-09-25 13:17:29',NULL,NULL,0),
(168,12,'TUSURA','ANDB0002872','767011508','NEAR POST OFFICE,AT TUSURA PO,BOLANGIR DIST,ODISHA,767030',1,1,'2021-09-25 13:17:29',NULL,NULL,0),
(169,12,'SAINTALA','ANDB0002873','767011507','SHANKAR CHOWK,SAINTALA PO,BOLANGIR DIST,ODISHA,767032',1,1,'2021-09-25 13:17:29',NULL,NULL,0),
(170,12,'JAMANKIRA','ANDB0002874','768011511','BNRGSK BUILDING,BDO OFFICE,JAMANKIRA,SAMBALPUR DIST,ODISHA',1,1,'2021-09-25 13:17:29',NULL,NULL,0),
(171,12,'JUNAGARH','ANDB0002914','766011503','M J COMPLEX,NH 26,JUNAGARH,KALAMANDI,ODISHA,766014',1,1,'2021-09-25 13:17:29',NULL,NULL,0),
(172,12,'GAJAPATINAGAR','ANDB0002930','760011009','FIRST FLOOR,KRISHNA COMPLEX,ENGINEERING SCHOOL ROAD,BERHAMPUR,760010',1,1,'2021-09-25 13:17:29',NULL,NULL,0),
(173,12,'ASKA ROAD','ANDB0002931','760011008','BERHAMPUR ASKA ROAD,BISHNU NAGAR SQUARE,760001',1,1,'2021-09-25 13:17:29',NULL,NULL,0),
(174,12,'RAGHUNATHPUR','ANDB0002943','751011026','PLOT NO 329,2023,RAGHUNATHPUR,BHUBANESWAR,KHURDA DIST,ODISHA,754005',1,1,'2021-09-25 13:17:29',NULL,NULL,0),
(175,12,'SOHELA','ANDB0002987','768011510','SARVAJANINA DURGA PUJA COMMITTEE COMPLEX,NH6,BARGARH,ODISHA,768033',1,1,'2021-09-25 13:17:29',NULL,NULL,0),
(176,12,'SALIPUR','ANDB0003010','754011302','PLOT NO 1953 2221, CHANDRADEIPUR,CUTTACK,ODISHA,754202',1,1,'2021-09-25 13:17:29',NULL,NULL,0),
(177,12,'JHARAPALI','ANDB0003014','768011513','JHARAJPALI,VI THUAPALI,VIA REMUDA, BARGARH,ODISHA,768103',1,1,'2021-09-25 13:17:29',NULL,NULL,0),
(178,12,'MAHANADI VIHAR','ANDB0003022','753011006','PLOT NO 1337,MAHANADI VIHAR,CUTTACK,ODISHA,753004',1,1,'2021-09-25 13:17:29',NULL,NULL,0),
(179,12,'RANIPETA','ANDB0003035','761011528','RANIPET VILLAGE, PARLAKHEMUNDI TEHSIL, 761200',1,1,'2021-09-25 13:17:29',NULL,NULL,0),
(180,12,'JAGDA','ANDB0003036','769011004','HO MS BABULI LAKRA, INFRONT OF DAMITS COLLEGE SARNA CHOWK, RAURKELA,769042',1,1,'2021-09-25 13:17:29',NULL,NULL,0),
(181,12,'BONDAMUNDA','ANDB0003037','769011005','HO MS BINDIRA KUMARI, NEAR SBI, PO BONDAMUNDA, ROURKELA,770032',1,1,'2021-09-25 13:17:29',NULL,NULL,0),
(182,12,'RAJAGANGAPUR','ANDB0003039','770011102','ANDHRA BANK, MIAN ROAD NEAR GOPINATH TEMPLE, RAJGANGPUR, SUNDARGARH',1,1,'2021-09-25 13:17:29',NULL,NULL,0),
(183,12,'BURUPADA BRANCH','ANDB0003076','761011527','SHYAMALAI JUNCTION, HINJILICUT BLOCK, 761146',1,1,'2021-09-25 13:17:29',NULL,NULL,0),
(184,12,'BRAJARAJNAGAR BRANCH','ANDB0003108','768011203','NEAR GANDHI CHOWK, BRAJARAJNAGAR, 768225',1,1,'2021-09-25 13:17:29',NULL,NULL,0),
(185,12,'SOUBHAGYA NAGAR','ANDB0003111','751011027','FRIENDS COLONY, BARAMUNDA, 751003',1,1,'2021-09-25 13:17:29',NULL,NULL,0),
(186,3,'ABADAN','BARB0ABADAN','752012518','AT ABADAN,PO CHITRES,BLOCK KAKATPUR,DIST PURI,ORISSA - 752108',1,1,'2021-09-25 13:17:29',NULL,NULL,0),
(187,3,'ABRAMA','BARB0ABRSUR','395012078','ABRAMA,TAL KAMREJ,DIST SURAT,GUJARAT 394150',1,1,'2021-09-25 13:17:29',NULL,NULL,0),
(188,3,'ADHALPANKA, ORISSA','BARB0ADHALP','756012501','ADHALPANKA VIA BHADRAK, DIST.BHADRAK, ORISSA - 756 114.',1,1,'2021-09-25 13:17:29',NULL,NULL,0),
(189,3,'ANANDAPUR','BARB0ANANDA','758012003','AT MURABALI NEAR SD HOSPITAL PO GHASIPURA DIST KEONJHAR ORISSA 758015',1,1,'2021-09-25 13:17:29',NULL,NULL,0),
(190,3,'ANCHHA','BARB0ANCHHA','824012504','VILL PO ANCHHA,DIST AURANGABAD,ANCHHA,BIHAR 824113',1,1,'2021-09-25 13:17:29',NULL,NULL,0),
(191,3,'ANGUL, ORISSA','BARB0ANGULX','759012102','AMALPARA, NEAR BUS STAND, ANGUL-ORISSA-759122',1,1,'2021-09-25 13:17:29',NULL,NULL,0),
(192,3,'ARMB CUTTACK','BARB0ARMCUT',NULL,'PLOT NO CM 2B FIRST NEAR MARKAT NAGAR PO CDA CUTTACK ORISSA 753014',1,1,'2021-09-25 13:17:29',NULL,NULL,0),
(193,3,'PARADIP, ORISSA','BARB0ATHARB','754012002','MADHUBAN, QRMC-179,PARADEEP-ORISSA-754142',1,1,'2021-09-25 13:17:29',NULL,NULL,0),
(194,3,'BADABAZAR','BARB0BADABA','760012004','VENKATESWAR TEMPLE ROAD,BADABAZAR,BRAHMAPUR,DIST GANJAM,ORISSA 760002',1,1,'2021-09-25 13:17:29',NULL,NULL,0),
(195,3,'BADAKERA','BARB0BADKER','759012103','AT BADKERA PO BANTALA OLD BBSR ROAD DIST ANGUL ODISHA 759132',1,1,'2021-09-25 13:17:29',NULL,NULL,0),
(196,3,'BALASORE, ORISSA','BARB0BALASO','756012002','MOTIGANJ BAZAR,BALASORE,BIHAR-756003',1,1,'2021-09-25 13:17:29',NULL,NULL,0),
(197,3,'BALIDUKAN, ORISSA','BARB0BALIDU','752012501','BALIDOKAN, VIA - KONARK, DIST. PURI, ORISSA - 752 111.',1,1,'2021-09-25 13:17:29',NULL,NULL,0),
(198,3,'BANAMALIPUR, ORISSA','BARB0BANAMA','752012502','PO.BANAMALIPUR VIA KHANDAPARA, DIST.NAYAGARH, ORISSA - 752 077.',1,1,'2021-09-25 13:17:29',NULL,NULL,0),
(199,3,'BANKUAL','BARB0BANKUA','751012501','BLOCK KHORDHA AT PO SAHEED NAGAR ORISSA 751002',1,1,'2021-09-25 13:17:29',NULL,NULL,0),
(200,3,'BARADIHA, ORISSA','BARB0BARADI','756012502','BARADIHA VIA HATIGARH, DIST.BALESHWAR, ORISSA - 756 033.',1,1,'2021-09-25 13:17:29',NULL,NULL,0),
(201,3,'BARAPALLI, ORISSA','BARB0BARAPA','768012502','OPP BOYS HIGH SCHOOL,AT PO BARAPALLI,DIST  BARGARH,BARPALLI,ORISSA - 767023.',1,1,'2021-09-25 13:17:29',NULL,NULL,0),
(202,3,'BARBIL BRANCH','BARB0BARBIL','758012002','BARBIL BRANCH,PO - BARBIL, DIST - KEONJHAR,KEONJHAR,758035',1,1,'2021-09-25 13:17:29',NULL,NULL,0),
(203,3,'BARGARH, ORISSA','BARB0BARGRH','768012302','BARGARH, PLOT 183 11334BATLI CHOWK,ORISSA768028',1,1,'2021-09-25 13:17:29',NULL,NULL,0),
(204,3,'BARIPADA, ORISSA','BARB0BARIPA','757012002','KC CIRCLE, STATION RD,SUNGADIA, WARD NO 14 -BARIPADA-ORISSA -757001',1,1,'2021-09-25 13:17:29',NULL,NULL,0),
(205,3,'BARUNGADIA, ORISSA','BARB0BARUNG','756012503','PO.BARUNGADIA, DIST.BALESHWAR, ORISSA - 756 029.',1,1,'2021-09-25 13:17:29',NULL,NULL,0),
(206,3,'BASANTAPUR, ORISSA','BARB0BASKEO','758012501','BASANTPUR VIA NARANPUR, DIST.KEONJHAR, ORISSA - 758 014.',1,1,'2021-09-25 13:17:29',NULL,NULL,0),
(207,3,'BAUDHGARH','BARB0BAUDHG','762012102','TOWN HALL ROAD,SIBANI MARKET COMPLEX,DIST BAUDH,ORISSA  762014.',1,1,'2021-09-25 13:17:29',NULL,NULL,0),
(208,3,'BELPAHAR,ORISSA','BARB0BELPAH','768012503','GROUND FLOOR PLOT NO 1667 6860 ITI ROAD RAILWAY PHATAK BELPAHAR JHARSUGUDA ORISSA - 768217',1,1,'2021-09-25 13:17:29',NULL,NULL,0),
(209,3,'BERHAMPUR BRANCH','BARB0BERGAN','760012002','BERHAMPUR BRANCH,FIRE STATION ROAD BERHAMPUR DISTT GANJAM,BERHAMPUR,760001',1,1,'2021-09-25 13:17:29',NULL,NULL,0),
(210,3,'BERUANBADI','BARB0BERUAN','752012514','AT BERUANBADI GRAM PANCHAYAT BLOCK NUAGAON PO BERUANBADI DIST NAYAGARH ORISSA 752082',1,1,'2021-09-25 13:17:29',NULL,NULL,0),
(211,3,'BETNOTI','BARB0BETNOT','757012202','INFRONT OF JMFC COURT AT BETNOTI PO BETNOTI DIST MAURBHANJ PIN 757025 ODISHA',1,1,'2021-09-25 13:17:29',NULL,NULL,0),
(212,3,'BHABANIGANJ, JAJPUR','BARB0BHABAN','755012103','BHABANIGANJ,AT & PO  JAJPUR TOWN, DIST JAJPUR,ORISSA  755007',1,1,'2021-09-25 13:17:29',NULL,NULL,0),
(213,3,'BHADRAK, ORISSA','BARB0BHADRK','756012102','MOHANPLAZA COMPLEX, RAJGHAT,BHADRAK - ORISSA - 768201',1,1,'2021-09-25 13:17:29',NULL,NULL,0),
(214,3,'BHANJANNAGAR, ORISSA','BARB0BHANJA','761012502','FIRST FLOOR, HOLDING NO-193, WARD NO-9, RED CROSS STREET, BHANJANNAGAR, DIST-GANJAM, ORISSA-761126',1,1,'2021-09-25 13:17:29',NULL,NULL,0),
(215,3,'BHAWANIPATNA, DIST.KALAHANDI, ORISSA','BARB0BHAWAN','766012002','PLOT 723 , KHATA NO 93, 1ST FLOOR, OPP TOWN HALL, BHAWANI PATNA , ORISSA-766001',1,1,'2021-09-25 13:17:29',NULL,NULL,0),
(216,3,'BHIMATANGI OR','BARB0BHIMAT',NULL,'BOB BHIMATANGI',1,1,'2021-09-25 13:17:29',NULL,NULL,0),
(217,3,'BHUBANESHWAR BRANCH','BARB0BHUBAN','751012002','BHUBANESHWAR BRANCH,91/92, BAPUJI NAGAR, BHUBANESWAR, DIST - KHURDA,BHUBANESWAR,751009',1,1,'2021-09-25 13:17:29',NULL,NULL,0),
(218,3,'BINIKA','BARB0BINIKA','767012504','PO  BINIKA IN FRONT OF NEW EXCISEDIST. SONEPUR, BINIKA,ORISSA - 767019',1,1,'2021-09-25 13:17:29',NULL,NULL,0),
(219,3,'BOLANGIR, ORISSA','BARB0BOLANG','767012002','BASUDEV BHAVAN, SAMBALPUR ROAD, DIST. BOLANGIR, ORISSA - 767 001.',1,1,'2021-09-25 13:17:29',NULL,NULL,0),
(220,3,'BORIYA','BARB0BORIAN','388012056','BORIYA,AT VANIYAWALI,KHADKI,AT PO BORIYA,GUJARAT 388130',1,1,'2021-09-25 13:17:29',NULL,NULL,0),
(221,3,'BRAHMABARADA,ORISSA','BARB0BRAHMA','755012501','IDGA CHHAK,AT & PO  BRAHMABARADA,DIST  JAJPUR,ORISSA  755055.',1,1,'2021-09-25 13:17:29',NULL,NULL,0),
(222,3,'BRAJANAGAR BRANCH','BARB0BRAJNA','760012003','BRAJANAGAR BRANCH,PO - BERHAMPUR, DIST - GANJAM,GANJAM,760001',1,1,'2021-09-25 13:17:29',NULL,NULL,0),
(223,3,'CHAMPATIPUR','BARB0CAMPAT','752012510','AT CHAMPATIPUR GRAM BLOCK NUAGAON PO CHAMPATIPUR DIST NAYAGARH ORISSA 752068',1,1,'2021-09-25 13:17:29',NULL,NULL,0),
(224,3,'CFS BHUBANESWAR','BARB0CFSBHU',NULL,'2ND FLOOR BIVAB GULMOHAR',1,1,'2021-09-25 13:17:29',NULL,NULL,0),
(225,3,'CHAMBA','BARB0CHAMBA','176012002','MUGLA,PO HARDASPUR,CHAMBA TOWN,TEH DIST CHAMBA,HIMACHAL PRADESH 176318',1,1,'2021-09-25 13:17:29',NULL,NULL,0),
(226,3,'CHANADAHANDI','BARB0CHANAB','764012501','MAIN ROAD,NEAR BLOCK OFFICE,INFRONT OF BUSSTAND,CHANDAHANDI,DIST NAWRANGPUR,ORISSA  764007',1,1,'2021-09-25 13:17:29',NULL,NULL,0),
(227,3,'CHANDIBAUNSA, DIST. KENDRAPARA, ORISSA','BARB0CHANDI','754012502','AT. CHANDIBAUNSA, PO:  BHITARGARH, DIST. KENDRAPARA, ORISSA - 754 225.',1,1,'2021-09-25 13:17:29',NULL,NULL,0),
(228,3,'CHATRA','BARB0CHATRA','825012202','MAIN ROAD,VERMA COMPLEX,CHATRA,JHARKHAND 825401',1,1,'2021-09-25 13:17:29',NULL,NULL,0),
(229,3,'CHHATRAPUR, ORISSA','BARB0CHHATR','761012002','GROND FLOOR, OPPOSITE CHHATRAPUR CO OP BANK, MAIN RD, CHHATRAPUR, ORISSA-761020',1,1,'2021-09-25 13:17:29',NULL,NULL,0),
(230,3,'CHANDRASHEKHARPUR','BARB0CSKPUR','751012007','PLOT NO-385/1694 DAMANA CHAK CHANDRASHEKHARPUR,BHUBANESWAR, ORISSA PIN-751016',1,1,'2021-09-25 13:17:29',NULL,NULL,0),
(231,3,'CDACUTTACK, ORISSA','BARB0CUTCDA','753012005','PLOT NO CM 2 B 1ST FLOOR,SEC 7, NEW MARKET,NEAR POLICE STATION,CDA CUTTACK,ORISSA  753014.',1,1,'2021-09-25 13:17:29',NULL,NULL,0),
(232,3,'CANTONMENT RD BRANCH','BARB0CUTMAN','753012003','KISHORE HOUSE, CANTONMENT ROAD, OPPOSITE POLICE CHOWK, DIST. CUTTAK 753 001, ORISSA',1,1,'2021-09-25 13:17:29',NULL,NULL,0),
(233,3,'CUTTACK BRANCH','BARB0CUTTAC','753012002','CUTTACK BRANCH,BUXI BAZAR, CUTTACK,CUTTACK,753001',1,1,'2021-09-25 13:17:29',NULL,NULL,0),
(234,3,'CUTTACK ROAD BR., BHUBANESWAR, ORISSA','BARB0CUTTRD','751012006','227 SARLA NAGAR, LAXMI SAGAR, CUTTACK PURI ROAD, BHUBANESHWAR, DIST. KHURDA, ORISSA - 751 006.',1,1,'2021-09-25 13:17:29',NULL,NULL,0),
(235,3,'ANALABERINI','BARB0DBANAL','759012005','ATPOANALABERENI PSTUMUSINGHABLOCKKAMAKHYANAGAR DHENKANAL DHENKANAL ODISHA 759026',1,1,'2021-09-25 13:17:29',NULL,NULL,0),
(236,3,'ANGUL','BARB0DBANGU','759012104','AMLAPADA 2ND LANE NH42 ANGULORISSA ANUGUL ODISHA 759122',1,1,'2021-09-25 13:17:29',NULL,NULL,0),
(237,3,'ARGUL','BARB0DBARGU','752012003','ATPOPS JATANI MAIN ROADJATANI KHORDHA KHORDHA ODISHA 752050',1,1,'2021-09-25 13:17:29',NULL,NULL,0),
(238,3,'BARBIL,ODISHA','BARB0DBBARB','758012103','INFRONT OF UTKAL AUTOMOBILES PVT LTDJODABARBIL HIGHWAYPO PS BARBILDISTKEO BARBIL KENDUJHAR ODISHA 758035',1,1,'2021-09-25 13:17:29',NULL,NULL,0),
(239,3,'BEHRAMPUR','BARB0DBBERH','760012005','GROUND FLOOR ST VINCENT SCHOOL ROADKHALIKOTE COLLEGE SQUARE BERHAMPUR GANJAM ODISHA 760001',1,1,'2021-09-25 13:17:29',NULL,NULL,0),
(240,3,'BALIGHATA, ORISSA','BARB0DBBGAT','752012004','AT BALIGHAT CHOWKPO BALIGUALI PURI PURI ODISHA 752002',1,1,'2021-09-25 13:17:29',NULL,NULL,0),
(241,3,'BHADRAK','BARB0DBBHAD','756012103','TAHASIL ROAD ATSAMARAIPUR POGELPURBHADRAK BHADRAK BHADRAK ODISHA 756181',1,1,'2021-09-25 13:17:29',NULL,NULL,0),
(242,3,'BHUBANESWAR','BARB0DBBHUB','751012015','PLOT NO 78JANAPATHKHARAVEL NAGAR UNIT 3 BHUBANESWAR KHORDHA ODISHA 751001',1,1,'2021-09-25 13:17:29',NULL,NULL,0),
(243,3,'BALASORE','BARB0DBBSOR','756012004','CHIRIAPUL 1ST FLOORVIVEKANAND ROAD BALASORE BALESHWAR ODISHA 756001',1,1,'2021-09-25 13:17:29',NULL,NULL,0),
(244,3,'CUTTACK BRANCH','BARB0DBCUTT','753012009','B K ROADCUTTACK2 CUTTACK CUTTACK ODISHA 753001',1,1,'2021-09-25 13:17:29',NULL,NULL,0),
(245,3,'DHENKANAL','BARB0DBDHEN','759012003','MAIN ROAD OPP BB HIGH SCHOOLGUDIANALI DHENKANAL DHENKANAL ODISHA 759001',1,1,'2021-09-25 13:17:29',NULL,NULL,0),
(246,3,'EKCHALIA','BARB0DBEKCH','752012005','PATSANIPUR PO GOBINDAPUR BLOCK PIPIL ODISHA DIST PURI PURI PURI ODISHA 752104',1,1,'2021-09-25 13:17:29',NULL,NULL,0),
(247,3,'JAJPUR ROAD','BARB0DBJAJP',NULL,'CHORDA BYEPASSJAJPUR ROAD JAJPUR ROAD JAJAPUR ODISHA 755019',1,1,'2021-09-25 13:17:29',NULL,NULL,0),
(248,3,'JEYPORE','BARB0DBJEYP','764012103','PLOT NO 287 GROUND FLOORCHRISTIAN PETASQUARENH 26JEYPOREDIST KORAPUTODISHA JEYPUR KORAPUT ODISHA 764001',1,1,'2021-09-25 13:17:29',NULL,NULL,0),
(249,3,'KENDRAPARA','BARB0DBKEND','754012103','KENDRAPARA NEAR ST JOSHEPH SCHOOLTINIMUHANI KENDRAPARA KENDRAPARA KENDRAPARA ODISHA 754211',1,1,'2021-09-25 13:17:29',NULL,NULL,0),
(250,3,'KALINGANAGAR','BARB0DBKLGR','755012303','VILLPO DUBURI PS KALINGANAGARDIST JAJPUR DUBURI JAJAPUR ODISHA 755026',1,1,'2021-09-25 13:17:29',NULL,NULL,0),
(251,3,'KANTAPALI','BARB0DBKPLI','768012004','KANTAPALI BRANCH VILL POST KANTAPALI PSBURLA BLOCK DHANKAUDA SAMBALPUR SAMBALPUR ODISHA 768006',1,1,'2021-09-25 13:17:29',NULL,NULL,0),
(252,3,'PARADIP,ODISHA','BARB0DBPARA','754012003','1ST FLOOR MARINA COMPLEX UDAYABATNEAR PPL CHOWK PARADIP JAGATSINGHPUR JAGATSINGHAPUR JAGATSINGHAPUR ODISHA 754141',1,1,'2021-09-25 13:17:29',NULL,NULL,0),
(253,3,'PATIA','BARB0DBPTIA','751012016','PLOT NO 5161676 KHATA NO 48945BHUBANESHWAR PATIA KHORDHA ODISHA 751024',1,1,'2021-09-25 13:17:29',NULL,NULL,0),
(254,3,'ROURKELA','BARB0DBROUR','769012005','ITI CHOWK NEAR TARINI MANDIRPANPOSH ROAD ROURKELA SUNDARGARH ODISHA 769004',1,1,'2021-09-25 13:17:29',NULL,NULL,0),
(255,3,'SAMBALPUR','BARB0DBSAMB','768012005','GROUND FLOORHANSINI TOWERAINTHAPALI SAMBALPUR SAMBALPUR ODISHA 768004',1,1,'2021-09-25 13:17:29',NULL,NULL,0),
(256,3,'TANGI','BARB0DBTNGI','754012004','VILTANGIPOKOTSAHIPSTANGIBLOCKCHOUDWAR CUTTACK CUTTACK ODISHA 754022',1,1,'2021-09-25 13:17:29',NULL,NULL,0),
(257,3,'DEBAGARH, ORISSA','BARB0DEBAGA','768012102','KARGIL CHOWK,DEOGARH DIST,DEOGARH,ORISSA  768108.',1,1,'2021-09-25 13:17:29',NULL,NULL,0),
(258,3,'DHARAMGARH, ORISSA','BARB0DHAKAL','766012502','IN FRONT OF SUB REGISTAR OFFICE,DHARAMGARH,KALAHANDI,ORISSA  766015.',1,1,'2021-09-25 13:17:29',NULL,NULL,0),
(259,3,'DHAMRA','BARB0DHAMRA','756012504','AT PRADYUT NAGAR,PO DOSHINGA DHAMRA,DIST BHADRAK,ORISSA  756171',1,1,'2021-09-25 13:17:29',NULL,NULL,0),
(260,3,'DHENKANAL, ORISSA','BARB0DHENKA','759012002','MADHUSUDAN MARKET COMPLEX, NR. BAJIRAO CHAWK, DHENKANAL, ORISSA-759001',1,1,'2021-09-25 13:17:29',NULL,NULL,0),
(261,3,'DIGAPAHANDI,ORISSA','BARB0DIGAPA','761012504','MAIN ROAD,NEAR BUS STAND,DIGAPAHANDI,GANJAM DT,ORISSA  761012.',1,1,'2021-09-25 13:17:29',NULL,NULL,0),
(262,3,'DUBURI','BARB0DUBURI','755012302','SHREE MANDIR MARKET AT DUBURI KALINGA JAJPUR DUBURI ORISSA 755026',1,1,'2021-09-25 13:17:29',NULL,NULL,0),
(263,3,'DUNGURPALLI, ORISSA','BARB0DUNGUR','767012503','AT PO DUNGURPALLI,MAIN ROAD,DIST SUBARNAPUR,ORISSA  767023.',1,1,'2021-09-25 13:17:29',NULL,NULL,0),
(264,3,'DURDURA','BARB0DURDUR','752012513','AT DURDURA GRAM PANCHAYAT BLOCK NUAGAON DIST NAYAGARH ORISSA 752094',1,1,'2021-09-25 13:17:29',NULL,NULL,0),
(265,3,'FAGVEL','BARB0FAGVEL','388012122','FAGVEL,BHATHIJI SHOPPING CENTER,FAGVEL,KATHLAL,DIST KHEDA,GUJARAT 387640',1,1,'2021-09-25 13:17:29',NULL,NULL,0),
(266,3,'FATEHPUR','BARB0FATMUZ','842012511','VILL FATEHPUR,PO MIRAPUR,DIST MUZAFFARPUR,BIHAR 843103',1,1,'2021-09-25 13:17:29',NULL,NULL,0),
(267,3,'GANGA NAGAR,ORISSA','BARB0GANKHO','751012011','PLOT NO 857/1998,NEW AIRPORT ROAD,UNIT -6, GANGA NAGAR,BHUBANESWAR,ORISSA - 751001.',1,1,'2021-09-25 13:17:29',NULL,NULL,0),
(268,3,'GANDHI MARKET','BARB0GANMAR','403012030','GANDHI MARKET,STATION ROAD,DIST SOUTH GOA,MARGAO,GOA 403601',1,1,'2021-09-25 13:17:29',NULL,NULL,0),
(269,3,'GARHWA','BARB0GARHWA','822012102','NEAR TIWARY GUEST HOUSE,GARHWA,JHARKHAND 822114',1,1,'2021-09-25 13:17:29',NULL,NULL,0),
(270,3,'GAYALAMUNDA, ORISSA','BARB0GAYALM','758012502','PO - GAYALMUNDA, VIA - ANANDPUR, DIST. KEONJHAR, ORISSA -  758021',1,1,'2021-09-25 13:17:29',NULL,NULL,0),
(271,3,'GEDIAPALLI','BARB0GEDIAP','752012517','AT SAMUKAPATNA PO BOLAGARH PS BEGUN DIST KHORDHA ORISSA 752061',1,1,'2021-09-25 13:17:29',NULL,NULL,0),
(272,3,'GOBINDAPRASAD,ORISSA','BARB0GOBIND','751012013','PLOT NOT 1324 / 1935,GOBINDA PRASAD,SHANTI NAGAR,BHUBANESWAR,ORISSA  751006.',1,1,'2021-09-25 13:17:29',NULL,NULL,0),
(273,3,'GOPALPUR, ORISSA','BARB0GOPALP','761012501','MAIN ROAD, GOPALPUR ON SEA, DIST. GANJAM, ORISSA - 761 002.',1,1,'2021-09-25 13:17:29',NULL,NULL,0),
(274,3,'GOPINATHPUR','BARB0GOPCUT','754012507','GOPINATHPUR,PO SINGHANATHPITHA,BARAMBA,DIST CUTTACK,ORISSA 754031',1,1,'2021-09-25 13:17:29',NULL,NULL,0),
(275,3,'GUDAM, ORISSA','BARB0GUDAMX','752012504','PO.GUDUM, DIST.KHURDA,ORISSA - 752 056.',1,1,'2021-09-25 13:17:29',NULL,NULL,0),
(276,3,'GUDIAKTENI, ORISSA','BARB0GUDIAK','759012504','GUDIAKTENI CHHAK,PO BALARAM PRASAD,DHENKANAL,ORISSA - 759019.',1,1,'2021-09-25 13:17:29',NULL,NULL,0),
(277,3,'GUMEI, ORISSA','BARB0GUMEIX','752012503','GUMEI, PO:  BERUABARI, VIA. BAHADAJHOLA, DIST. NAYAGARH, ORISSA - 752 082.',1,1,'2021-09-25 13:17:29',NULL,NULL,0),
(278,3,'GUNUPUR','BARB0GUNUPU','395012071','SAIRAM COMPLEX,BALARAMNAGAR,PARLAKHEMUNDI ROAD,DIST RAYAGADA,ORISSA  765022',1,1,'2021-09-25 13:17:29',NULL,NULL,0),
(279,3,'HARIJA','BARB0HARIJA','755012502','AT- HARIPUR PO- HARIPUR HAT, DIST. JAJPUR,ORISSA - 755009',1,1,'2021-09-25 13:17:29',NULL,NULL,0),
(280,3,'HARISPUR,PURI','BARB0HARISP','395012077','HARISPUR KHELAR BAZAR,PO RENCH,PURI DT,ORISSA  752114.',1,1,'2021-09-25 13:17:29',NULL,NULL,0),
(281,3,'HATINA, ORISSA','BARB0HATINA','754012503','HATINA, PO:  KURUNTI, VIA - RAJNAGAR, DIST. KENDRAPARA, ORISSA - 754 225',1,1,'2021-09-25 13:17:29',NULL,NULL,0),
(282,3,'HONAVAR','BARB0HONAVA','581012602','OPP SYNDICATE BANK,BAZAAR ROAD,NEAR BUS STAND,HONNAVAR,KARNATAKA 581334',1,1,'2021-09-25 13:17:29',NULL,NULL,0),
(283,3,'JAGANNATH PRASAD','BARB0JAGANN','752012515','AT JAGANNATH PRASAD BLOCK NUAGAON PO JAGANNATH PRASAD VIA KHANDAPARA DIST NAYAGARH ORISSA 752094',1,1,'2021-09-25 13:17:29',NULL,NULL,0),
(284,3,'JAGATSINGHPUR,ORISSA','BARB0JAGATS','754012202','1 FLOOR,ABOVE SREERAM CEMENT, STORE,CUTTACK-MACHHAGAON ROAD,JAGATSINGHPUR,ORISSA-754103',1,1,'2021-09-25 13:17:29',NULL,NULL,0),
(285,3,'JAGATPUR INDUSTRIAL ESTATE,ORISSA','BARB0JAGIND','753012006','SARASWATI COMPLEX JAGATPUR INDUSTRIAL ESTATE JAGATPUR CUTTACK ORISSA 754021',1,1,'2021-09-25 13:17:29',NULL,NULL,0),
(286,3,'COLLEGE ROAD','BARB0JAJPUR','755012102','COLLEGE ROAD, JAJPUR ROAD, JAIPUR',1,1,'2021-09-25 13:17:29',NULL,NULL,0),
(287,3,'JAMUNALI','BARB0JAMUNA','759012507','AT JAMUNALI GRAMPANC BLOCK KISHORE NAGAR VIA KISHOREGANJ PS HANDPA ANGUL ODISHA PIN 759127',1,1,'2021-09-25 13:17:29',NULL,NULL,0),
(288,3,'JATANI','BARB0JATANI','751012010','MAIN ROAD,RAMACHANDRAPUR BAZAR,AT PO JATNI,DIST KHURDA,ORISSA  762014',1,1,'2021-09-25 13:17:29',NULL,NULL,0),
(289,3,'JEYPORE','BARB0JEYPOR','764012102','PLOT NO 715 1359,BIDYADHARPUR MOUZA,KSBD ROAD,TANI JUNCTION,JEYPORE,KORAPUT DIST,ORISSA  764014',1,1,'2021-09-25 13:17:29',NULL,NULL,0),
(290,3,'JHANKARPALLI','BARB0JHANKA','767012505','AT JHANKARPALLI GRAM PANCHAYAT BLOCK NUAGAON DIST BALANGIR ORISSA 767065',1,1,'2021-09-25 13:17:29',NULL,NULL,0),
(291,3,'JHARSUGUDA','BARB0JHARSU','768012202','MANGAL BAZAR ROAD, NEAR GURUDWARA JHARSUGUDA,ORISSA 768201',1,1,'2021-09-25 13:17:29',NULL,NULL,0),
(292,3,'JODA, KEONJHAR, ORISSA','BARB0JODAXX','211012035','HOUSE OF MR ANIL BASOTIA JODA BANSAPANI ROAD AT /PO JODA, KEONJHAR, ORISSA  758034.',1,1,'2021-09-25 13:17:29',NULL,NULL,0),
(293,3,'JORA PHATAK','BARB0JORDHA','826012005','GURUDWARA,GURUNANAK,JORAPHATAK ROAD,DHANBAD,JHARKHAND 826001',1,1,'2021-09-25 13:17:29',NULL,NULL,0),
(294,3,'JUNAGARH','BARB0JUNAKA','766012503','MAIN ROAD NH-26 WARD NO-8 JUNAGRAH DIST. JUNAGARH, ORISSA - 766014',1,1,'2021-09-25 13:17:29',NULL,NULL,0),
(295,3,'KACHHARU, ORISSA','BARB0KACHHA','769012501','KACHHARU VIA ROURKELA, DIST.SUNDARGARH, ORISSA - 769 003.',1,1,'2021-09-25 13:17:29',NULL,NULL,0),
(296,3,'KAKATPUR','BARB0KAKATP','754012509','AT PO KAKATPUR DIST PURI ORISSA 752108',1,1,'2021-09-25 13:17:29',NULL,NULL,0),
(297,3,'KALINGA NAGAR,ORISSA','BARB0KALING','751012012','PLOT NO 831/3823,SAMPUR,KALINGA NAGAR,BHUBANESWAR,KHORDHA DIST,ORISSA  751003.',1,1,'2021-09-25 13:17:29',NULL,NULL,0),
(298,3,'KAMAKSHYANAGAR,ORISSA','BARB0KAMAKS','759012505','BESIDES HONDA SHOW ROOM,NEAR CINEMA HALL,AT PO KAMAKSHYANAGAR,DIST DHENKANAL,KAMAKSHYANAGAR,ORISSA - 759018.',1,1,'2021-09-25 13:17:29',NULL,NULL,0),
(299,3,'KANTABANJI,ORISSA','BARB0KANTAB','767012501','1ST FLOOR,RADHEY RUKMANI COMPLEX,NEAR ANNAPURNA HOTEL,KANTABANJI,DISTRICT-BOLANGIR,ORISSA-767039',1,1,'2021-09-25 13:17:29',NULL,NULL,0),
(300,3,'KANTAPADA','BARB0KANTAP','752012516','AT KANTAPADA DIST PURI ORISSA 752108',1,1,'2021-09-25 13:17:29',NULL,NULL,0),
(301,3,'KANTIAPASHI, DIST. ANGUL,  ORISSA','BARB0KANTIA','759012501','AT PO KANTIAPASI VIA TALCHER, DIST. ANGUL, ORISSA - 759 100.',1,1,'2021-09-25 13:17:29',NULL,NULL,0),
(302,3,'KERARAGARH, ORISSA','BARB0KARADA','754012504','PO - KERARAGARH, VIA - MADANPUR, DIST. CUTTACK, ORISSA -  754246',1,1,'2021-09-25 13:17:29',NULL,NULL,0),
(303,3,'KARATAPATA, DIST. ANGUL,  ORISSA','BARB0KARATA','759012502','KARATAPATA, PO: NANDAPUR, DIST.ANGUL, ORISSA - 759 122.',1,1,'2021-09-25 13:17:29',NULL,NULL,0),
(304,3,'KARANJIA, ORISSA','BARB0KARMAY','757012502','MANIK CHHAK,AT PO KARANJIA,DIST MAYURBHANJ,ORISSA  757037.',1,1,'2021-09-25 13:17:29',NULL,NULL,0),
(305,3,'KENDRAPARA, ORISSA','BARB0KENDRA','754012102','NEAR NEW BUS STAND, BANYAMAL , KENDRAPADA- ORISSA 754211',1,1,'2021-09-25 13:17:29',NULL,NULL,0),
(306,3,'KEONJHAR, ORISSA','BARB0KEONJH','758012002','PO:KEONJHAR,ORISSA-758001',1,1,'2021-09-25 13:17:29',NULL,NULL,0),
(307,3,'KESINGA, ORISSA','BARB0KESING','766012501','NEAR CHIRANJIB TALKIES,MAIN ROAD,AT PO KESINGA,DIST  KALHANDI, ORISSA  766012.',1,1,'2021-09-25 13:17:29',NULL,NULL,0),
(308,3,'KHANDAGIRI,DIST.-KHURDA','BARB0KHANDG','751012005','58,KHARAVELA COMPLEX,KHANDAGIRI,BHUBANESHWAR,DIST.-KHURDA-751030',1,1,'2021-09-25 13:17:29',NULL,NULL,0),
(309,3,'KHARIAR ROAD','BARB0KHARIA','766012504','AT KHARIAR ROAD BELTUKRI CHOWK WARD NO 8 DIST NUAPADA ODISHA 766104',1,1,'2021-09-25 13:17:29',NULL,NULL,0),
(310,3,'KHETRAJPUR','BARB0KHETRA','768012003','PODDAR HEIGHTS,MAIN ROAD,AT PO KHETRAJPUR,TEHSIL SAMBALPUR,ORISSA 768003',1,1,'2021-09-25 13:17:29',NULL,NULL,0),
(311,3,'KHORDHA, ORISSA','BARB0KHORDH','751012008','LAXMINARAYAN KALYAN MANDAP BUILDING,NEAR OLD FIRE STATION,KHORDHA,ORISSA - 752055.',1,1,'2021-09-25 13:17:29',NULL,NULL,0),
(312,3,'KOIRA, ORISSA','BARB0KOIRAX','774012002','JENA COMPLEX,THANA CHAKORISSA774048',1,1,'2021-09-25 13:17:29',NULL,NULL,0),
(313,3,'KUKMA','BARB0KUKMAX','370012524','OPP NEW PANCHAYAT OFFICE,BHUJ ANJAR HIGHWAY,KUKMA,KUTCH,GUJARAT 370105',1,1,'2021-09-25 13:17:29',NULL,NULL,0),
(314,3,'KUNHEIPARA','BARB0KUNHEI','754012508','AT FAKIRAPATA,PO BRAHAMARIGAON,DIST CUTTACK,ORISSA 754005',1,1,'2021-09-25 13:17:29',NULL,NULL,0),
(315,3,'KUNJABANGARH,,DASPALLA,ORISSA','BARB0KUNJAB','752012506','1ST FLOOR,J.B. COMPLEX,KUNJABAN GARH,NAYAGARH,DASPALLA,ORISSA-752054.',1,1,'2021-09-25 13:17:29',NULL,NULL,0),
(316,3,'LATHI,GANJAM,ORISSA','BARB0LATGAN','760012505','MAIN ROAD AT&PO,LATHI,DIST GANJAM,ORISSA - 760002.',1,1,'2021-09-25 13:17:29',NULL,NULL,0),
(317,3,'LUNAHAR','BARB0LUNAHA','754012302','AT LUNAHAR,PO SALEPUR,DIST CUTTACK,ORISSA  754202',1,1,'2021-09-25 13:17:29',NULL,NULL,0),
(318,3,'MADHIAPALLI','BARB0MADHIA','767012506','AT MADHIAPALLI GRAM BLOCK BOLANGIR PO MADHIAPALLI DIST BOLANGIR ORISSA 767001',1,1,'2021-09-25 13:17:29',NULL,NULL,0),
(319,3,'MAHATAB ROAD, CUTTACK, ORISSA','BARB0MAHATA','753012004','NEAR SAGARSANGAM CINEMA, MAHATAB ROAD, CUTTACK, ORISSA-753012',1,1,'2021-09-25 13:17:29',NULL,NULL,0),
(320,3,'MALDA, ORISSA','BARB0MALDAX','758012503','PO.MALDA VIA JHUMPURA, DIST.KEONJHAR, ORISSA - 758 031.',1,1,'2021-09-25 13:17:29',NULL,NULL,0),
(321,3,'MALKANGIRI','BARB0MALODI','764012302','BLOCK DEVELOPMENT OFFICE,MALKANGIRI PANCHAYAT,MALKANGIRI,ORISSA  764048',1,1,'2021-09-25 13:17:29',NULL,NULL,0),
(322,3,'MANDPHIYA','BARB0MANDPH','312012102','NEAR NAND NIKETAN,DHARMSHALA,MANDPHIYA,CHITTORGARH,RAJASTHAN 312027',1,1,'2021-09-25 13:17:29',NULL,NULL,0),
(323,3,'MARKAPALLI','BARB0MARMAL','764012503','AT MRKAPALI GRAM PANCHAYAT OFFICE BLOCK MALKANGIRI PO MARKAPALLI ODISHA 764044',1,1,'2021-09-25 13:17:29',NULL,NULL,0),
(324,3,'NABARANGPUR','BARB0NABARA','764012202','HOTEL MANISH BUILDING,NABARANGPUR,ORISSA  764059',1,1,'2021-09-25 13:17:29',NULL,NULL,0),
(325,3,'PARALAKHEMUNDI, DIST GAJAPATI','BARB0NAMANG','761012102','COLLEGE ROAD, PARALAKHEMUNDI DIST GAJAPATI 761 200',1,1,'2021-09-25 13:17:29',NULL,NULL,0),
(326,3,'NARENDRA NAGAR, NAGPUR','BARB0NARNAG','440012014','PLOT NO. 52, SUYOG NAGAR, RING ROAD, NAGPUR, MAHARASHTRA  440 022',1,1,'2021-09-25 13:17:29',NULL,NULL,0),
(327,3,'NAYABAZAR','BARB0NAYABA','753012007','OPPOSITE NETAJI FIELD,POTA POKHARI,NAYABAZAR,DIST CUTTACK,ORISSA 753004',1,1,'2021-09-25 13:17:29',NULL,NULL,0),
(328,3,'NAYAGARH, ORISSA','BARB0NAYAGR','752012102','MAIN ROAD, NAYAGARH-ORISSA - 752069',1,1,'2021-09-25 13:17:29',NULL,NULL,0),
(329,3,'NIRAKARPUR, ORISSA','BARB0NIRAKA','752012505','PO.NIRAKAPUR, DIST.KHURDA,ORISSA - 752 019.',1,1,'2021-09-25 13:17:29',NULL,NULL,0),
(330,3,'NUAPADA, ORISSA','BARB0NUAPAD','766012102','AT  RAJPUR,NUAPADA BLOCK,DIST NUAPADA,ORISSA  766105.',1,1,'2021-09-25 13:17:29',NULL,NULL,0),
(331,3,'PADMAPUR','BARB0PADMAP','768012504','AT PO PADMAPUR,DIST BARGARH,ORISSA  768036',1,1,'2021-09-25 13:17:29',NULL,NULL,0),
(332,3,'PAIKASAHI, ORISSA','BARB0PAIKAS','759012503','PAIKASAHI VIA ATHAMALLICK, DIST.ANGUL, ORISSA - 759 125.',1,1,'2021-09-25 13:17:29',NULL,NULL,0),
(333,3,'PANDUPANI, ORISSA','BARB0PANDUP','757012501','PO.PANDUPANI VIA TIRING, DIST.MAYURBHANJ, ORISSA - 757 056.',1,1,'2021-09-25 13:17:29',NULL,NULL,0),
(334,3,'PANPOSH,ROURKELA,ORISSA','BARB0PANROU','769012004','1ST FLOOR,SHIVANI COMPLEX,PANPOSH ROAD,SUNDERGARH,ROURKELA,ORISSA  769004.',1,1,'2021-09-25 13:17:29',NULL,NULL,0),
(335,3,'PARAJANGA','BARB0PARJAN',NULL,'DHENKANAL, ORISSA',1,1,'2021-09-25 13:17:29',NULL,NULL,0),
(336,3,'PATNAGARH, ORISSA','BARB0PATBOL','767012502','GROND FLLOR, COLLEGE ROAD',1,1,'2021-09-25 13:17:29',NULL,NULL,0),
(337,3,'PATARAJAPUR','BARB0PATJAJ','754012506','AT PATRAJPUR PO- BALICHAND RARPURC, DIST. JAJPUR, PATARAJAPUR ORISSA - 754205',1,1,'2021-09-25 13:17:29',NULL,NULL,0),
(338,3,'PATTAMUNDAI, ORISSA','BARB0PATTAM','754012402','1ST FLOOR ABOVE MISHRA AUTO VILL BELTAL PATTAMUNDAI, ORISSA',1,1,'2021-09-25 13:17:29',NULL,NULL,0),
(339,3,'PHULBANI, ORISSA','BARB0PHULBA','762012501','RAMMANDIR ROAD,HATAPADA PHULBANI,DIST KANDHAMAL,PHULBANI,ORISSA  762001.',1,1,'2021-09-25 13:17:29',NULL,NULL,0),
(340,3,'POWER HOUSE, ROURKELA','BARB0POWROU','769012003','HOTEL NIDHI COMPLEX, POWER HOUSE - ROAD, ROURKELA - 769 001.',1,1,'2021-09-25 13:17:29',NULL,NULL,0),
(341,3,'RANIBENNUR','BARB0RANIBE','581012102','MPB BUILDING,PB ROAD,RANIBENNUR,KARNATAKA 581115',1,1,'2021-09-25 13:17:29',NULL,NULL,0),
(342,3,'RANICHELII','BARB0RANICH','752012512','AT RANICHELII GRAM PANCHAYAT BLOCK NUAGAON DIST NAYAGARH ORISSA 752077',1,1,'2021-09-25 13:17:29',NULL,NULL,0),
(343,3,'RAYAGADA, ORISSA','BARB0RAYAGA','765012002','SAI MANDIR ROAD,NEW COLONY RAYAGADA,RAYAGADA,ORISSA  765001.',1,1,'2021-09-25 13:17:29',NULL,NULL,0),
(344,3,'RAYALAMANADINNE','BARB0RAYALA','563012524','BYPALLI ROAD,GUMMAKAL,PANCHAYAT MULBAGAL,KOLAR DT,KARNATAKA 563131',1,1,'2021-09-25 13:17:29',NULL,NULL,0),
(345,3,'RENGALI, ORISSA','BARB0RENGAL','768012501','1ST FLOOR, HARIHAR DHARAMS,N.H. 6, MAIN ROAD,ORISSA768212',1,1,'2021-09-25 13:17:29',NULL,NULL,0),
(346,3,'ROURKELA BRANCH','BARB0ROURKE','769012002','ROURKELA BRANCH,SECTOR - 19, ROURKELA - 5,ROURKELA,769005',1,1,'2021-09-25 13:17:29',NULL,NULL,0),
(347,3,'SAMANTARAPUR BRANCH','BARB0SABHUB','751012003','SAMANTARAPUR BRANCH,LEWIS ROAD,BHUBANESWAR,751002',1,1,'2021-09-25 13:17:29',NULL,NULL,0),
(348,3,'SAHEEDNAGAR,ORISSA','BARB0SAHEED','751012009','PLOT NO 104 1ST FLOOR SAHEED NAGAR BHUBANESWAR ORISSA 751007',1,1,'2021-09-25 13:17:29',NULL,NULL,0),
(349,3,'SAMBALPUR BRANCH','BARB0SAMBAL','768012002','SAMBALPUR BRANCH,G.M. COLLEGE CHHAK, DIST: SAMBALPUR,SAMBALPUR,768001',1,1,'2021-09-25 13:17:29',NULL,NULL,0),
(350,3,'REGIONAL SARB,BHUBANESWAR','BARB0SARBHU',NULL,'PLOT NO-831 3823,SAMPUR,KALINGA NAGAR751003',1,1,'2021-09-25 13:17:29',NULL,NULL,0),
(351,3,'NAYAPALLI BRANCH','BARB0SAVNAY','751012004','NAYAPALLI BRANCH,IRC VILLAGE,BHUBANESWAR,751014',1,1,'2021-09-25 13:17:29',NULL,NULL,0),
(352,3,'SIMDEGA','BARB0SIMDEG','835012202','PRI CHOWK,SIMDEGA,JHARKHAND 835223',1,1,'2021-09-25 13:17:29',NULL,NULL,0),
(353,3,'SINDURIYA','BARB0SINDUR','752012511','AT SINDURIYA GRAM PANCHAYAT BLOCK NUAGAON DIST NAYAGARH ORISSA 752069',1,1,'2021-09-25 13:17:29',NULL,NULL,0),
(354,3,'SIULA,ORISSA','BARB0SIULAX','752012508','PLOT NO 537,AT PO SIULA,DIST PURI,SIULA,ORISSA  752104.',1,1,'2021-09-25 13:17:29',NULL,NULL,0),
(355,3,'SONEPUR, ORISSA','BARB0SONEPU','767012102','1ST FLOOR PRAVAS LODGE BLDG MAIN ROAD, SONEPUR, ORISSA',1,1,'2021-09-25 13:17:29',NULL,NULL,0),
(356,3,'SEMILIGUDA,OR','BARB0SUNABE','764012504','SEMILIGUDA MAINROAD NEAR HOTEL LEMON CAS DIST KORAPUT ODISHA 764036',1,1,'2021-09-25 13:17:29',NULL,NULL,0),
(357,3,'SUNDARGARH, ORISSA','BARB0SUNDAR','770012002','TALASHANKAR, NEAR MISSION CHHAK,SUNDARGARH,ORISSA  770 001',1,1,'2021-09-25 13:17:29',NULL,NULL,0),
(358,3,'PURI-SWARGDWAR','BARB0SWARGD','752012002','PURI-SWARGDWAR,PURI , ORISSA  752 001',1,1,'2021-09-25 13:17:29',NULL,NULL,0),
(359,3,'TALCHER,ORISSA','BARB0TALCHE','759012202','GROUND FLOOR,PLOT NO 1629/3294,TALCHER,ORISSA - 759100.',1,1,'2021-09-25 13:17:29',NULL,NULL,0),
(360,3,'TANKAPANI ROAD','BARB0TANKAP','751012014','PLOT NO 4,BASUAGHAI MOUZA,TANKAPANI ROAD,DIST KHORDHA,BHUBANESWAR,ORISSA 751018',1,1,'2021-09-25 13:17:29',NULL,NULL,0),
(361,3,'TITLAGRH','BARB0TITLAG','767012003','TITLAGARH JAINSHOPPI MUNICIPALITY ODISHA 767033',1,1,'2021-09-25 13:17:29',NULL,NULL,0),
(362,3,'UMARKOTE','BARB0UMARKO','764012502','AT GULIPATNA UMARKOTE DIST NABRANGAPUR ORISSA 764073',1,1,'2021-09-25 13:17:29',NULL,NULL,0),
(363,3,'AIGINIA','BARB0VJAIGI','751012017','FIRST FLOOR, PLOT NO.4821207, , DUM DUMA, PO. AIGINIA, , COSMOPOLISH ROAD, BHUBANESHWAR , BHUBANESHWAR , 751019',1,1,'2021-09-25 13:17:29',NULL,NULL,0),
(364,3,'ATTABIRA','BARB0VJATBI','768012304','GROUND FLOOR, OPPOSITE TO OLD CINEMA HALL , NH6 , ATTABIRA, BARGARH , ATTABIRA , 768027',1,1,'2021-09-25 13:17:29',NULL,NULL,0),
(365,3,'BALANGIR, ORISSA','BARB0VJBAGI','767012004','CHANDRASEKHAR NAGAR, PATNAGARH ROAD , PO. RAJENDRA NAGAR COLLEGE , BALANGIR, ORISSA , BALANGIR , 767001',1,1,'2021-09-25 13:17:29',NULL,NULL,0),
(366,3,'BARABATI','BARB0VJBAJA','755012003','GROUND FLOOR, VILL. ODANGA, , POST BARABATI, DHARMSALA, , JAJPUR, , BARABATI , 755008',1,1,'2021-09-25 13:17:29',NULL,NULL,0),
(367,3,'BARGARH','BARB0VJBAOR','768012305','VIJAYA BANK, BARGARH BRANCH , NH6, OPP RTO , POST OFFICE BARGARH , BARGARH , 768028',1,1,'2021-09-25 13:17:29',NULL,NULL,0),
(368,3,'BARIPADA','BARB0VJBARI','757012003','1ST FLOOR PLOT NO 209452 , WARD NO 5, ROXY ROAD , PS BARIPADA , BARIPADA , 757001',1,1,'2021-09-25 13:17:29',NULL,NULL,0),
(369,3,'BERHAMPUR','BARB0VJBERH','760012006','BEERAKA STREET , NEAR VENKATESHWARA TEMPLE , BERHAMPUR,GANJAM DIST , BERHAMPUR , 760002',1,1,'2021-09-25 13:17:29',NULL,NULL,0),
(370,3,'BHADRAK','BARB0VJBHAD','756012104','1ST FLOOR , NEAR HOTEL ROYAL GARDEN BONTH CHHAK , BHADRAK ODISHA , BHADRAK , 756100',1,1,'2021-09-25 13:17:29',NULL,NULL,0),
(371,3,'BHUBANESHWAR','BARB0VJBHUB','751012018','NO 148 , ASHOK NAGAR , BHUBANESWAR , BHUBANESHWAR , 751009',1,1,'2021-09-25 13:17:29',NULL,NULL,0),
(372,3,'BALASORE','BARB0VJBLSR','756012003','CHURCH COMPOUND , HOSPITAL ROAD , BALASORE , BALASORE , 756001',1,1,'2021-09-25 13:17:29',NULL,NULL,0),
(373,3,'BOUDH','BARB0VJBOUD','762012103','HOSPITAL CHHAK , PATHAN SAHI , ODISHA , BOUDH , 762014',1,1,'2021-09-25 13:17:29',NULL,NULL,0),
(374,3,'CUTTACK','BARB0VJCUTT','753012008','P B NO 21 , KAYSONS , BUXI BAZAR, CUTTACK, , CUTTACK , 753001',1,1,'2021-09-25 13:17:29',NULL,NULL,0),
(375,3,'DEOGARH','BARB0VJDEOG','768012103','TRAFFIC CHOWK , NEAR RTO OFFICE , DEBAGARH DEOGARH , DEOGARH , 768108',1,1,'2021-09-25 13:17:29',NULL,NULL,0),
(376,3,'DHENKANAL','BARB0VJDHEN','759012004','GROUND FLOOR , OLD CINEMA HALL COMPLEX LAXMI BAZAR , DHENKANAL ODISHA , DHENKANAL , 759001',1,1,'2021-09-25 13:17:29',NULL,NULL,0),
(377,3,'FATEPUR','BARB0VJFAJA','755012004','GROUND FLOOR, BALAMAKULI, , FATEPUR, BINJHARPUR, , JAJPUR , FATEPUR , 755012',1,1,'2021-09-25 13:17:29',NULL,NULL,0),
(378,3,'GUDIAPOKHARI','BARB0VJGUPO','752012006','1ST FLOOR, PLOT NO 1139, KHATA NO 282 , AT SILUA, GUDIAPOKHARI, N H 203, , PO SANGALAI SASAN, PS PIPILI , GUDIAPOKHARI , 752104',1,1,'2021-09-25 13:17:29',NULL,NULL,0),
(379,3,'HARIPUR','BARB0VJHABL','756012005','RANIPATANA , INFRONT OF SRINIX COLLEGE OF ENGINEERING , BALASORE , HARIPUR , 756001',1,1,'2021-09-25 13:17:29',NULL,NULL,0),
(380,3,'JAJPUR ROAD','BARB0VJJAJP','755012104','1ST FLOOR, PLOT NO.1566, KHATA NO.643388, , VILL. BHATIA BYPASS CHHAKKA THANA, , SUKINDA, BESIDE N.H.125, JAJPUR , JAJPUR ROAD , 755008',1,1,'2021-09-25 13:17:29',NULL,NULL,0),
(381,3,'JHARSUGUDA','BARB0VJJHAR','768012203','MANGALAM BUILDING , SARBAHAL ROAD , JHARSUGUDA , JHARSUGUDA , 768201',1,1,'2021-09-25 13:17:29',NULL,NULL,0),
(382,3,'KAKATPUR','BARB0VJKAKA','752012007','1ST FLOOR , COLLEGE SQUARE , KAKATPUR P.O KAKATPUR ODISHA , KAKATPUR , 752108',1,1,'2021-09-25 13:17:29',NULL,NULL,0),
(383,3,'KENDRAPARA','BARB0VJKEND','754012104','GROUND FLOOR, MONT BLANC, , GUALSINGH, PADIRI, COLLEGE ROAD, , KENDRAPARA , KENDRAPARA , 754250',1,1,'2021-09-25 13:17:29',NULL,NULL,0),
(384,3,'KEONJHAR','BARB0VJKEON','758012004','GROUND FLOOR, MAA TARINI TOWER , MINING ROAD , PO KEONJHAR , KEONJHAR , 758001',1,1,'2021-09-25 13:17:29',NULL,NULL,0),
(385,3,'MANGALPUR','BARB0VJMAOD','752012008','GROUND FLOOR , NEAR MANGALPUR COMMUNITY HEALTH CENTRE , MANGALPUR P.S PEPLI , MANGALPUR , 752104',1,1,'2021-09-25 13:17:29',NULL,NULL,0),
(386,3,'NAYAGARH','BARB0VJNAYA','752012103','VIJAYA BANK, NAYAGARH ROAD , OPP NAYAGARH AUTONOMOUS COLLEG , PO NAYAGARH , NAYAGARH , 752069',1,1,'2021-09-25 13:17:29',NULL,NULL,0),
(387,3,'NILADRI VIHAR','BARB0VJNIVI','751012019','PLOT NO3112161, GROUND FLOOR, , NILADRI VIHAR MAIN ROAD, CHANDRASEKHARPUR, , BHUBANESHWAR , BHUBANESHWAR , 751021',1,1,'2021-09-25 13:17:29',NULL,NULL,0),
(388,3,'O G N B, BHUBANESHWAR','BARB0VJORIS','751012020','ORISSA STATE HOUSING , BOARD BUILDING,SACHVALAYA MARG , BHUBANESHWAR , BHUBANESHWAR , 751001',1,1,'2021-09-25 13:17:29',NULL,NULL,0),
(389,3,'PARADEEP','BARB0VJPARA','754012005','GROUND FLOOR, PLOT NO 447, KHATA NO29, MAHABIR COMPLEX, , ASIRVAD NAGAR, IFFCO SQUIRE, PO ATHARABANKI, , PS PARADIP , PARADEEP , 754141',1,1,'2021-09-25 13:17:29',NULL,NULL,0),
(390,3,'PHULBANI','BARB0VJPBAN','762012003','INFRONT OF S.M. GOVERNMENT WOMENS COLLEGE , MADIKUNDA SQUARE , PHULABANI TQ, PHULBANI , PHULBANI , 762001',1,1,'2021-09-25 13:17:29',NULL,NULL,0),
(391,3,'PHULNAKHARA','BARB0VJPHUL','754012006','PLOT NO.1797, FIRST FLOOR,NAKHARA , POST PHULANKHARA, , BHUBANESHWAR , PHULNAKHARA , 754001',1,1,'2021-09-25 13:17:29',NULL,NULL,0),
(392,3,'PURI','BARB0VJPURI','752012009','MARICHKOTE CHOWK , GRAND ROAD , PURI , PURI , 752001',1,1,'2021-09-25 13:17:29',NULL,NULL,0),
(393,3,'RASULGARH','BARB0VJRASU','751012021','374, , BHOMIKHAL , RASULGARH, DISTKHURDA , BHUBANESHWAR , 751010',1,1,'2021-09-25 13:17:29',NULL,NULL,0),
(394,3,'EVIJAYA ROURKELA','BARB0VJROUR',NULL,'408 BISRA ROAD NEAR RADHIKA HOTEL ROURKELA ODISHA 769001',1,1,'2021-09-25 13:17:29',NULL,NULL,0),
(395,3,'SAMBALPUR','BARB0VJSAMB','768012006','INDSOR COMPLEX V S S MARG SAKHI GOPINATH SAMBALPUR SAMBALPUR 768001',1,1,'2021-09-25 13:17:29',NULL,NULL,0),
(396,3,'SONEPUR','BARB0VJSONE','767012103','1ST FLOOR, MAJHIPADA , BUS STAND ROAD , SUBARNAPUR , SUBARNAPUR , 767017',1,1,'2021-09-25 13:17:29',NULL,NULL,0),
(397,3,'SUNDERGARH','BARB0VJSUGA','770012003','VIJAYA BANK SUNDERGARH , OPPOSITE CDMO OFFICE , SUNDERGARH , SUNDERGARH , 770001',1,1,'2021-09-25 13:17:29',NULL,NULL,0),
(398,3,'VSS NAGAR,','BARB0VSSNAG',NULL,'PLOT NO SCR 12 VSS NAGAR BHUBANESWAR DIST KHURDA ODISHA 751007',1,1,'2021-09-25 13:17:29',NULL,NULL,0),
(399,1,'ANGUL','SBIN0000007','759002102','ANGUL-759122',1,1,'2021-09-25 13:17:29',NULL,NULL,0),
(400,1,'ASKA','SBIN0000012','761002202','ASKA, DT GANJAM, ORISSA STATE, PIN 761 110',1,1,'2021-09-25 13:17:29',NULL,NULL,0),
(401,1,'BALASORE','SBIN0000016','756002002','BALASORE, ORISSA-756001',1,1,'2021-09-25 13:17:29',NULL,NULL,0),
(402,1,'BARGARH','SBIN0000025','768002302','AT AND PO BARGARH, ORISSA',1,1,'2021-09-25 13:17:29',NULL,NULL,0),
(403,1,'BARIPADA','SBIN0000027','757002002','COLLEGE RD., BARIPADA, MAYURBHANJ-757001',1,1,'2021-09-25 13:17:29',NULL,NULL,0),
(404,1,'BERHAMPUR','SBIN0000033','760002002','AT  PO BERHAMPORE, GANIAM, ORISSA-760001',1,1,'2021-09-25 13:17:29',NULL,NULL,0),
(405,1,'BHADRAK','SBIN0000036','756002102','DISTT. BHADRAK, ORISSA-756100',1,1,'2021-09-25 13:17:29',NULL,NULL,0),
(406,1,'BHANJANAGAR','SBIN0000038','761002302','GANJAM  ORISSA 761126',1,1,'2021-09-25 13:17:29',NULL,NULL,0),
(407,1,'BHAWANIPATNA','SBIN0000039','766002002','BHAWANIPATNA-766001, KALAHANDI, ORISSA',1,1,'2021-09-25 13:17:29',NULL,NULL,0),
(408,1,'BHUBANESWAR','SBIN0000041','751002002','UNIT-1, NEAR CAPITAL POLICE STATION, BHUBANESWAR-751001',1,1,'2021-09-25 13:17:29',NULL,NULL,0),
(409,1,'BOLANGIR','SBIN0000046','767002002','BOLANGIR-767001',1,1,'2021-09-25 13:17:29',NULL,NULL,0),
(410,1,'CHATRAPUR','SBIN0000055','761002002','CHATRAPUR,GANJAM,ORISSA',1,1,'2021-09-25 13:17:29',NULL,NULL,0),
(411,1,'CUTTACK','SBIN0000059','753002002','COLLECTORATE COMPOUND, CUTTACK - 753 002',1,1,'2021-09-25 13:17:29',NULL,NULL,0),
(412,1,'DHENKANAL','SBIN0000068','759002002','DISTDHENKANAL  ORISSA 759001',1,1,'2021-09-25 13:17:29',NULL,NULL,0),
(413,1,'JAJPUR','SBIN0000094','755002002','AT BY P.OJAJPUR,DI. JAJPUR,ORISSA,PIN 755001',1,1,'2021-09-25 13:17:29',NULL,NULL,0),
(414,1,'JEYPORE','SBIN0000101','764002102','SURYAMAHAL, JEYPORE',1,1,'2021-09-25 13:17:29',NULL,NULL,0),
(415,1,'KENDRAPARA','SBIN0000112','754002102','AT MAHIPAL P.O. , DISTT. KENDRAPARA, ORISSA-754211',1,1,'2021-09-25 13:17:29',NULL,NULL,0),
(416,1,'KEONHJAR','SBIN0000113','758002002','KEONJHAR, ORISSA',1,1,'2021-09-25 13:17:29',NULL,NULL,0),
(417,1,'KHURDA','SBIN0000116','751002048','DISTT. KHURDA, ORISSA 752055',1,1,'2021-09-25 13:17:29',NULL,NULL,0),
(418,1,'KORAPUT','SBIN0000121','764002002','DISTT. KORAPUT,ORISSA 764020',1,1,'2021-09-25 13:17:29',NULL,NULL,0),
(419,1,'NAWAPARA','SBIN0000142','766002102','DT. NAWAPARA, ORISSA 766105',1,1,'2021-09-25 13:17:29',NULL,NULL,0),
(420,1,'NAYAGARH','SBIN0000143','752002102','NAYAGARH-752069',1,1,'2021-09-25 13:17:29',NULL,NULL,0),
(421,1,'PARLAKHEMUNDI','SBIN0000151','761002102','R.K.PADHY MARG,PARALAKHEMUNDI,GAJAPATI,ORISSA',1,1,'2021-09-25 13:17:29',NULL,NULL,0),
(422,1,'PHULBANI','SBIN0000154','762002002','DIST  KANDHAMAL STATE ORISSA PIN  762001',1,1,'2021-09-25 13:17:29',NULL,NULL,0),
(423,1,'PURI','SBIN0000158','752002002','A.H.MARG, PURI-752001',1,1,'2021-09-25 13:17:29',NULL,NULL,0),
(424,1,'RAIRANGAPUR','SBIN0000163','757002102','AT  AND  POS RAIRANGPUR, MAYURBHUNJ DIST., ORISSA-757043',1,1,'2021-09-25 13:17:29',NULL,NULL,0),
(425,1,'RAYAGADA','SBIN0000169','765002002','MAIN RD., RAYAGADA-785001',1,1,'2021-09-25 13:17:29',NULL,NULL,0),
(426,1,'ROURKELA','SBIN0000171','769002002','BISRA CHOWK, ROURKELA, PIN - 769001',1,1,'2021-09-25 13:17:29',NULL,NULL,0),
(427,1,'SAMBALPUR','SBIN0000175','768002002','KATCHERI RD, SAMBALPUR-768001',1,1,'2021-09-25 13:17:29',NULL,NULL,0),
(428,1,'SUNDARGARH','SBIN0000189','770002002','SUNDARGARH, ORISSA-770001',1,1,'2021-09-25 13:17:29',NULL,NULL,0),
(429,1,'TALCHER','SBIN0000192','759002202','HATATOTA, TALCHER, ORISSA',1,1,'2021-09-25 13:17:29',NULL,NULL,0),
(430,1,'TITILAGARH','SBIN0000197','767002502','DISTBOLANGIR  ORISSA 767033',1,1,'2021-09-25 13:17:29',NULL,NULL,0),
(431,1,'BANKI','SBIN0000222','754002517','DISTCUTTACK  ORISSA 754008',1,1,'2021-09-25 13:17:29',NULL,NULL,0),
(432,1,'ATHMALLIK','SBIN0000234','759002518','ATHAMALLIKDISTANGUL',1,1,'2021-09-25 13:17:29',NULL,NULL,0),
(433,1,'KAMAKHYANAGAR','SBIN0000235','759002504','DISTDHENKANAL  ORISSA 759018',1,1,'2021-09-25 13:17:29',NULL,NULL,0),
(434,1,'JHARSUGUDA','SBIN0000238','768002202','PO JHARSUGUDA  ORISSA 768 202',1,1,'2021-09-25 13:17:29',NULL,NULL,0),
(435,1,'KARANJIA','SBIN0001081','757002507','DIST  MAYURBHANJ, ORISSA 757037',1,1,'2021-09-25 13:17:29',NULL,NULL,0),
(436,1,'ATHGARH','SBIN0001083','754002519','DIST  CUTTACK ORISSA 754029',1,1,'2021-09-25 13:17:29',NULL,NULL,0),
(437,1,'KUCHINDA','SBIN0001084','768002552','DIST SAMBALPUR, ORISSA 768222',1,1,'2021-09-25 13:17:29',NULL,NULL,0),
(438,1,'SONEPUR','SBIN0001085','767002102','DISTT. SONEPUR, ORISSA 767017',1,1,'2021-09-25 13:17:29',NULL,NULL,0),
(439,1,'ANANDPUR','SBIN0001086','758002004','DISTKEONJHAR  ORISSA 758021',1,1,'2021-09-25 13:17:29',NULL,NULL,0),
(440,1,'GUNUPUR','SBIN0001090','765002516','DIST  RAYAGADA, ORISSA 765022',1,1,'2021-09-25 13:17:29',NULL,NULL,0),
(441,1,'UDALA','SBIN0001128','757002517','DISTMAYURBHANJ  ORISSA 757041',1,1,'2021-09-25 13:17:29',NULL,NULL,0),
(442,1,'SUNABEDA','SBIN0001304','763002003','H.A.L.TOWNSHIP,SUNABEDA',1,1,'2021-09-25 13:17:29',NULL,NULL,0),
(443,1,'NOWRANGPUR','SBIN0001320','764002202','DISTT. NOWRANGPUR, ORISSA 764059',1,1,'2021-09-25 13:17:29',NULL,NULL,0),
(444,1,'PATNAGARH','SBIN0001321','767002513','DIST  BOLANGIR ORISSA 767025',1,1,'2021-09-25 13:17:29',NULL,NULL,0),
(445,1,'PADAMPUR','SBIN0001322','768002307','RAJBORAPOSAMBAR',1,1,'2021-09-25 13:17:29',NULL,NULL,0),
(446,1,'KHARIAR','SBIN0001323','766002537','DISTNAWAPARA  ORISSA 766017',1,1,'2021-09-25 13:17:29',NULL,NULL,0),
(447,1,'CHITRAKONDA (BALIMELA )','SBIN0001324','764002515','DIST KORAPUT, ORISSA 764052',1,1,'2021-09-25 13:17:29',NULL,NULL,0),
(448,1,'MALKANGIRI','SBIN0001325','764002302','DISTT. MALKANGIRI, ORISSA-764045',1,1,'2021-09-25 13:17:29',NULL,NULL,0),
(449,1,'DHARAMGARH','SBIN0001326','766002514','DISTKALAHANDI  ORISSA 766015',1,1,'2021-09-25 13:17:29',NULL,NULL,0),
(450,1,'KODALA','SBIN0001336','761002519','DIST GANJAM, ORISSA',1,1,'2021-09-25 13:17:29',NULL,NULL,0),
(451,1,'SURADA','SBIN0001337','761002530','DIST  GANJAM, ORISSA 761108',1,1,'2021-09-25 13:17:29',NULL,NULL,0),
(452,1,'G.UDAYAGIRI','SBIN0001338','762002524','STATEBANKOFINDIA',1,1,'2021-09-25 13:17:29',NULL,NULL,0),
(453,1,'BALIGUDA','SBIN0001339','762002528','KANDHAMALORISSA',1,1,'2021-09-25 13:17:29',NULL,NULL,0),
(454,1,'UMERKOTE','SBIN0001341','764002502','DIST  NAWRANGPUR ORISSA 764073',1,1,'2021-09-25 13:17:29',NULL,NULL,0),
(455,1,'BONAI','SBIN0001343','770002519','DISTSUNDARGARH  ORISSA 770038',1,1,'2021-09-25 13:17:29',NULL,NULL,0),
(456,1,'CUTTACK CITY','SBIN0001663','753002007','AT BY P.O-COLLEGESQARE CUTTACK ORISSA',1,1,'2021-09-25 13:17:29',NULL,NULL,0),
(457,1,'ADB SAMBALPUR','SBIN0001699','768002003','ASHOK TALKIES ROAD, SAMBALPUR, ORISSA,  SAMBALPUR, PIN  768001',1,1,'2021-09-25 13:17:29',NULL,NULL,0),
(458,1,'BARGARH ADB','SBIN0001700','768002304','ATPO BARGARH, DI. BARGARH, ORISSA 768028',1,1,'2021-09-25 13:17:29',NULL,NULL,0),
(459,1,'ADB BOLANGIR','SBIN0001701','767002003','ATBYPOBYDISTBOLANGIR ADB,BOLANGIR, ORISSA',1,1,'2021-09-25 13:17:29',NULL,NULL,0),
(460,1,'KANTABANJHI','SBIN0001724','767002521','DISTBOLANGIR  ORISSA 767039',1,1,'2021-09-25 13:17:29',NULL,NULL,0),
(461,1,'JAJPUR ROAD','SBIN0001820','755002102','DIST  JAJPUR, ORISSA 755019',1,1,'2021-09-25 13:17:29',NULL,NULL,0),
(462,1,'KHETRAJPUR','SBIN0001966','768002008','FARM ROAD, SAMBALPUR, ORISSA',1,1,'2021-09-25 13:17:29',NULL,NULL,0),
(463,1,'ROURKELA FERTILISER TOWNSHIP','SBIN0001990','769002011','ROURKELA,DIST.SUNDARGARH,ORISSA,PIN.769007.',1,1,'2021-09-25 13:17:29',NULL,NULL,0),
(464,1,'CUTTACK INDUSTRIAL ESTATE','SBIN0001992','753002008','ARUNODAYA MARKET,LINK ROAD,CUTTACK,DISTCUTTACK,ORISSA 753012',1,1,'2021-09-25 13:17:29',NULL,NULL,0),
(465,1,'ATTABIRA','SBIN0002004','768002510','DISTBARGARH  ORISSA 768027',1,1,'2021-09-25 13:17:29',NULL,NULL,0),
(466,1,'BAMARA','SBIN0002007','768002549','DIST SAMBALPUR, ORISSA 768221',1,1,'2021-09-25 13:17:29',NULL,NULL,0),
(467,1,'BARBIL','SBIN0002011','758002102','BARBIL, KEONJHAR, ORISSA',1,1,'2021-09-25 13:17:29',NULL,NULL,0),
(468,1,'BARPALI','SBIN0002012','768002512','DIST  BARGARH, ORISSA 768029',1,1,'2021-09-25 13:17:29',NULL,NULL,0),
(469,1,'BASUDEVPUR','SBIN0002014','756002531','DISTBHADRAK  ORISSA 756125',1,1,'2021-09-25 13:17:29',NULL,NULL,0),
(470,1,'BELLAGUNTHA','SBIN0002018','761002535','DISTGANJAM  ORISSA 761119',1,1,'2021-09-25 13:17:29',NULL,NULL,0),
(471,1,'BERHAMPUR BAZAR','SBIN0002019','760002003','BERHAMPUR BERRAK STREET, DT GANJAM, ST ORISSA, PIN 766 002',1,1,'2021-09-25 13:17:29',NULL,NULL,0),
(472,1,'BORIGUMMA','SBIN0002030','764002516','DIST KORAPUT, ORISSA 764056',1,1,'2021-09-25 13:17:29',NULL,NULL,0),
(473,1,'BOUDH','SBIN0002031','762002102','DISTRICT BOUDH, ORISSA 762014',1,1,'2021-09-25 13:17:29',NULL,NULL,0),
(474,1,'BURLA','SBIN0002034','768002009','DIST  SAMBALPUR, ORISSA 768 017',1,1,'2021-09-25 13:17:29',NULL,NULL,0),
(475,1,'BUXI BAZAR CUTTACK','SBIN0002036','753002005','P.O.BUXIBAZAR,CUTTACK',1,1,'2021-09-25 13:17:29',NULL,NULL,0),
(476,1,'CHANDOL','SBIN0002038','754002540','DISTKENDRAPADA  ORIOSSA 754208',1,1,'2021-09-25 13:17:29',NULL,NULL,0),
(477,1,'CHANDABALI','SBIN0002039','756002535','DIST  BHADRAK STATE ORISSA PIN  756133',1,1,'2021-09-25 13:17:29',NULL,NULL,0),
(478,1,'CHARBATIA','SBIN0002040','753002025','AVIATION RESEARCH CENTRE, CHARBATIA, DISTT. CUTTACK, ORISSA 754028',1,1,'2021-09-25 13:17:29',NULL,NULL,0),
(479,1,'CHENNADIPADA','SBIN0002042','759002517','CHHENDIPADA',1,1,'2021-09-25 13:17:29',NULL,NULL,0),
(480,1,'MEDICAL COLLEGE CAMPUS, BERHAMPUR','SBIN0002064','760002008','BERHAMPUR DISTGANJAM,ORISSA 760004 760004',1,1,'2021-09-25 13:17:29',NULL,NULL,0),
(481,1,'JAIPATNA ADB','SBIN0002069','766002517','DIST  KALAHANDI, ORISSA 766020',1,1,'2021-09-25 13:17:29',NULL,NULL,0),
(482,1,'JATNI','SBIN0002071','751002046','DIST  KHURDA, ORISSA 752050',1,1,'2021-09-25 13:17:29',NULL,NULL,0),
(483,1,'JUNAGARH ADB','SBIN0002072','766002513','MAIN RD,DIST KALAHANDI, ORISSA 766022',1,1,'2021-09-25 13:17:29',NULL,NULL,0),
(484,1,'KABISURYANAGAR','SBIN0002073','761002526','DIST  GANJAM, ORISSA 761104',1,1,'2021-09-25 13:17:29',NULL,NULL,0),
(485,1,'KASHIPUR','SBIN0002075','765002506','DIST RAYAGADA,ORISSA 765015',1,1,'2021-09-25 13:17:29',NULL,NULL,0),
(486,1,'KESINGA','SBIN0002076','766002202','DIST  KALAHANDI STATE ORISSA PIN  766012',1,1,'2021-09-25 13:17:29',NULL,NULL,0),
(487,1,'KOTPAD','SBIN0002079','764002506','KOTPAD',1,1,'2021-09-25 13:17:29',NULL,NULL,0),
(488,1,'MACHHKUND','SBIN0002083','764002510','STATEBANKOFINDIA',1,1,'2021-09-25 13:17:29',NULL,NULL,0),
(489,1,'NAYA BAZAR','SBIN0002094','753002016','AT BY P.O-NAYABAZAR, CUTTACK, ORISSA,753004',1,1,'2021-09-25 13:17:29',NULL,NULL,0),
(490,1,'ODAGAON','SBIN0002097','752002530','NAYAGARH  ORISSA 752081',1,1,'2021-09-25 13:17:29',NULL,NULL,0),
(491,1,'PATTAMUNDAI','SBIN0002100','754002544','DIST  KENDRAPADA, ORISSA 754215',1,1,'2021-09-25 13:17:29',NULL,NULL,0),
(492,1,'PIPLI','SBIN0002102','751002050','DIST  PURI  ORISSA 752104',1,1,'2021-09-25 13:17:29',NULL,NULL,0),
(493,1,'RAIRAKHOL','SBIN0002105','768002531','RAIRAKHOLDISTSAMBALPUR',1,1,'2021-09-25 13:17:29',NULL,NULL,0),
(494,1,'BHANJABIHAR','SBIN0002107','760002514','DIST GANJAM, ORISSA 760007',1,1,'2021-09-25 13:17:29',NULL,NULL,0),
(495,1,'NIT ROURKELA','SBIN0002109','769002007','ROURKELA,ORISSA DISTSUNDARGARH,ORISSA 769008',1,1,'2021-09-25 13:17:29',NULL,NULL,0),
(496,1,'RENGALI','SBIN0002110','768002403','DIST  SAMBALPUR, ORISSA 786212',1,1,'2021-09-25 13:17:29',NULL,NULL,0),
(497,1,'ROURKELA INDUSTRIAL ESTATE','SBIN0002111','769002003','ROURKELA,SUNDERGARH DISTSUNDARGARH,ORISSA 769004',1,1,'2021-09-25 13:17:29',NULL,NULL,0),
(498,1,'ROURKELA TOWNSHIP','SBIN0002112','769002005','SECTOR 19 ROURKELA TOWNSHIP DISTSUNDARGARH,ORISSA 769005',1,1,'2021-09-25 13:17:29',NULL,NULL,0),
(499,1,'R.UDAYAGIRI','SBIN0002113','761002513','MAIN ROAD, DT GANJAM, ORISSA 761016',1,1,'2021-09-25 13:17:29',NULL,NULL,0),
(500,1,'SAKHIGOPAL','SBIN0002118','752002521','DIST  PURI, ORISSA 752 014',1,1,'2021-09-25 13:17:29',NULL,NULL,0),
(501,1,'SIMULIA ADB','SBIN0002125','756002533','DISTBALESHWAR  ORISSA 756126',1,1,'2021-09-25 13:17:29',NULL,NULL,0),
(502,1,'SUKINDA','SBIN0002128','755002510','DIST  JAJPUR, ORISSA 755018',1,1,'2021-09-25 13:17:29',NULL,NULL,0),
(503,1,'TARBHA','SBIN0002129','767002505','TARBHAATPOTARABHA',1,1,'2021-09-25 13:17:29',NULL,NULL,0),
(504,1,'TENSA','SBIN0002130','770002525','DIST SUNDARGARH, ORISSA 770042',1,1,'2021-09-25 13:17:29',NULL,NULL,0),
(505,1,'TIKABALI','SBIN0002131','762002508','DIST KANDHAMAL,ORISSA 762010',1,1,'2021-09-25 13:17:29',NULL,NULL,0),
(506,1,'TUSRA','SBIN0002133','767002515','DIST BOLANGIR, ORISSA 767033',1,1,'2021-09-25 13:17:29',NULL,NULL,0),
(507,1,'UTKAL UNIVERSITY','SBIN0002135','751002018','VANI VIHAR,BHUNANESWAR,ORRISSA DISTKHURDA,ORISSA 751004',1,1,'2021-09-25 13:17:29',NULL,NULL,0),
(508,1,'ADB RAYAGADA','SBIN0003068','765002003','DIST  RAYAGADA, ORISSA 765 001',1,1,'2021-09-25 13:17:29',NULL,NULL,0),
(509,1,'PURUSHOTTAMPUR','SBIN0003088','761002514','DISTGANJAM  ORISSA 761018',1,1,'2021-09-25 13:17:29',NULL,NULL,0),
(510,1,'DUNGURIPALI ADB','SBIN0003089','767002512','DIST  SONEPUR STATE ORISSA PIN  767023',1,1,'2021-09-25 13:17:29',NULL,NULL,0),
(511,1,'BHUBANESHWAR OLD TOWN','SBIN0003108','751002012','BHUBANESWAR.OLD.TOWN,KHURDA,ORISSA,PIN.751002.',1,1,'2021-09-25 13:17:29',NULL,NULL,0),
(512,1,'BIDHYADHARPUR ADB','SBIN0003116','753002003','CUTTACK, ORISSA, PIN 753006',1,1,'2021-09-25 13:17:29',NULL,NULL,0),
(513,1,'BARGAON','SBIN0003152','770002505','DIST SUNDARGARH, ORISSA 770016',1,1,'2021-09-25 13:17:29',NULL,NULL,0),
(514,1,'BALUGAON','SBIN0003311','752002402','DISTKHURDA  ORISSA 752030',1,1,'2021-09-25 13:17:29',NULL,NULL,0),
(515,1,'TALCHER FERTILIZER TOWNSHIP','SBIN0003312','759002511','DISTANGUL  ORISSA 759116',1,1,'2021-09-25 13:17:29',NULL,NULL,0),
(516,1,'BHUBANESWAR INDUSTRIAL ESTATE','SBIN0003313','751002008','NEAR PALASUNI, CHECK GATE,P.O.RASULGARH,DIST KHURDA, ORISSA ,PIN-751010',1,1,'2021-09-25 13:17:29',NULL,NULL,0),
(517,1,'O.U.A.T CAMPUS','SBIN0003341','751002013','SIRPUR, PO SURYA NAGARBHUBANESHWAR, KHURDA  ORISSA 751003',1,1,'2021-09-25 13:17:29',NULL,NULL,0),
(518,1,'M RAMPUR ADB','SBIN0003368','766002530','MADANPURRAMPURADB',1,1,'2021-09-25 13:17:29',NULL,NULL,0),
(519,1,'BHEDEN','SBIN0003379','768002527','BARGARHORISSA',1,1,'2021-09-25 13:17:29',NULL,NULL,0),
(520,1,'SUBDEGA','SBIN0003380','770002532','SUBDEGASUNDERGARH',1,1,'2021-09-25 13:17:29',NULL,NULL,0),
(521,1,'MUNIGUDA','SBIN0003381','765002514','MUNIGUDA',1,1,'2021-09-25 13:17:29',NULL,NULL,0),
(522,1,'NARAYANPATNA','SBIN0003382','765002504','DIST KORAPUT,ORISSA 765014',1,1,'2021-09-25 13:17:29',NULL,NULL,0),
(523,1,'SAINTALA','SBIN0003383','767002516','SAINTALABOLANGIR',1,1,'2021-09-25 13:17:29',NULL,NULL,0),
(524,1,'RAJGANGAPUR','SBIN0003503','770002508','DISTSUNDARGARH  ORISSA 770017',1,1,'2021-09-25 13:17:29',NULL,NULL,0),
(525,1,'SARGIPALI','SBIN0003585','770002510','DIST SUNDARGARH,ORISSA 770021',1,1,'2021-09-25 13:17:29',NULL,NULL,0),
(526,1,'LAHUNIPARA ADB','SBIN0003610','770002522','LAHUNIPADAADB',1,1,'2021-09-25 13:17:29',NULL,NULL,0),
(527,1,'BIJEPUR','SBIN0003679','768002514','BIJEPUR',1,1,'2021-09-25 13:17:29',NULL,NULL,0),
(528,1,'SOHELA','SBIN0003680','768002515','BARGARH, ORISSA 768033',1,1,'2021-09-25 13:17:29',NULL,NULL,0),
(529,1,'BINKA','SBIN0003715','767002509','SONEPURORISSA',1,1,'2021-09-25 13:17:29',NULL,NULL,0),
(530,1,'JAGATPUR, CUTTACK','SBIN0003815','753002010','ATP.OJAGATPUR,CUTTACK,ORISSA,PIN.754021.',1,1,'2021-09-25 13:17:29',NULL,NULL,0),
(531,1,'GANJAM','SBIN0003816','761002516','DIST  GANJAMSTATE ORISSAPIN  761026',1,1,'2021-09-25 13:17:29',NULL,NULL,0),
(532,1,'KENDUPATNA','SBIN0003817','754002539','DISTCUTTACK  ORISSA 754203',1,1,'2021-09-25 13:17:29',NULL,NULL,0),
(533,1,'PURUNAKATAK','SBIN0003839','762002510','DIST,BOUDHSTATE,ORISSAPIN,764013,',1,1,'2021-09-25 13:17:29',NULL,NULL,0),
(534,1,'PAIKMAL','SBIN0003840','768002521','DIST BARGARH,ORISSA 768039',1,1,'2021-09-25 13:17:29',NULL,NULL,0),
(535,1,'KOMNA','SBIN0003841','766002535','STATEBANKOFINDIAKOMNABRTEHSILNAWAPARA',1,1,'2021-09-25 13:17:29',NULL,NULL,0),
(536,1,'BELPARA','SBIN0003922','767002514','BELPARABOLANGIR',1,1,'2021-09-25 13:17:29',NULL,NULL,0),
(537,1,'KALYANSINGPUR','SBIN0003940','765002509','KALYANSINGPUR',1,1,'2021-09-25 13:17:29',NULL,NULL,0),
(538,1,'LOISINGA','SBIN0003941','767002511','LOISINGA',1,1,'2021-09-25 13:17:29',NULL,NULL,0),
(539,1,'SALEPUR ADB','SBIN0003942','754002537','DISTCUTTACK  ORISSA 754202',1,1,'2021-09-25 13:17:29',NULL,NULL,0),
(540,1,'ADB JAGATSIGHPUR','SBIN0003943','754002202','DISTT. JAGATSINGHPUR, ORISSA 754103',1,1,'2021-09-25 13:17:29',NULL,NULL,0),
(541,1,'NAYAGARH  ADB','SBIN0003944','752002103','DISTNAYAGARH  ORISSA 752029',1,1,'2021-09-25 13:17:29',NULL,NULL,0),
(542,1,'PARADEEP','SBIN0003945','754002002','P.O. PARADEEP PORT, JAGATSINGHPUR, ORISSA 754142',1,1,'2021-09-25 13:17:29',NULL,NULL,0),
(543,1,'LATHIKATA','SBIN0003946','770002518','DIST SUNDARGARH, ORISSA 770037',1,1,'2021-09-25 13:17:29',NULL,NULL,0),
(544,1,'KAPTIPADA','SBIN0003947','757002516','KAPTIPADA',1,1,'2021-09-25 13:17:29',NULL,NULL,0),
(545,1,'OAD LHO BHUBANESWAR','SBIN0003980','751002505','111 PT J L NEHRU MARG,DIST KHURDA,ORISSA,PIN 751001',1,1,'2021-09-25 13:17:29',NULL,NULL,0),
(546,1,'PURUNAPANI','SBIN0003985','770002516','DIST SUNDARGARH, ORISSA 770035',1,1,'2021-09-25 13:17:29',NULL,NULL,0),
(547,1,'FUND SETTLEMENT LINK OFFICE','SBIN0004056','751002504','DIST,KHURDASTATE,ORISSAPIN,751001,',1,1,'2021-09-25 13:17:29',NULL,NULL,0),
(548,1,'BALINGA','SBIN0004221','770002535','BALINGA, MCL BASUNDHARA, AREA CAMPUS, TIKILIPARA, T SUNDARGARH, ORISSA 770076',1,1,'2021-09-25 13:17:29',NULL,NULL,0),
(549,1,'PBB BADAMBADI, CUTTACK','SBIN0004229','753002020','MAHABIR APARTMENTS,P.O.ARUNDAYA MARKET, ORISSA 753012',1,1,'2021-09-25 13:17:29',NULL,NULL,0),
(550,1,'PBB,MANGALABAGH','SBIN0004238','753002021','SHIVAM COMPLEX, MANGALABAG,COMMISSIONER ROAD,ORISSA 753001',1,1,'2021-09-25 13:17:29',NULL,NULL,0),
(551,1,'PBB BHUBANESWAR','SBIN0004256','751002021','4,JANAPATH, BAPUJINAGAR BHUBANESWAR, ORISSA 751009',1,1,'2021-09-25 13:17:29',NULL,NULL,0),
(552,1,'ARMY AIR DEF. COLLEGE.CAMPUS','SBIN0004321','761002522','GOPAL PUR CANTONMENT  DISTT  GANJAM  ORISSA 761052',1,1,'2021-09-25 13:17:29',NULL,NULL,0),
(553,1,'PBB CHANDRASEKHARPUR','SBIN0004345','751002023','MAHANEE COMPLEX,308 DISTT CENTRE ,CHANDRASEKHARPUR,  BHUBANESWAR  ,PIN - 751016',1,1,'2021-09-25 13:17:29',NULL,NULL,0),
(554,1,'NIALI','SBIN0004375','752002520','DIST CUTTACK, ORISSA 754004',1,1,'2021-09-25 13:17:29',NULL,NULL,0),
(555,1,'CHANDIKHOL','SBIN0004398','755002202','AT HOTEL MID EAST  DISTT  JAJPUR  ORISSA 755044',1,1,'2021-09-25 13:17:29',NULL,NULL,0),
(556,1,'LANJIGARH','SBIN0004399','766002524','DIST KALAHANDI, ORISSA 766 027',1,1,'2021-09-25 13:17:29',NULL,NULL,0),
(557,1,'FORTUNE TOWERS BHUBNESHWAR','SBIN0004414','751002024','PO CHANDRASEKHARPUR,BHUBANESWAR PIN - 751023',1,1,'2021-09-25 13:17:29',NULL,NULL,0),
(558,1,'CENTRALISED PENSION PROCESSING CENTRE (CPPC)','SBIN0004468','751002507','DISTKHURDA STATE  ORISSA',1,1,'2021-09-25 13:17:29',NULL,NULL,0),
(559,1,'RACPC, BHUBANESWAR','SBIN0004485','751002057','DIST  KHURDASTATE ORISSA',1,1,'2021-09-25 13:17:29',NULL,NULL,0),
(560,1,'TUNUDIBANDH','SBIN0004506','762002534','DIST KANDHAMAL,ORISSA 762107',1,1,'2021-09-25 13:17:29',NULL,NULL,0),
(561,1,'DHAMA','SBIN0004512','768002536','DIST SAMBALPUR,ORISSA 768113',1,1,'2021-09-25 13:17:29',NULL,NULL,0),
(562,1,'KOTAGADA','SBIN0004513','762002531','DIST KANDHAMAL,ORISSA 762105',1,1,'2021-09-25 13:17:29',NULL,NULL,0),
(563,1,'KHAJURIPADA','SBIN0004514','762002509','STATE BANK OF INDIA',1,1,'2021-09-25 13:17:29',NULL,NULL,0),
(564,1,'RENGALI DAM PROJECT','SBIN0004521','759002510','RDPROJECTRENGALI',1,1,'2021-09-25 13:17:29',NULL,NULL,0),
(565,1,'TULASIPUR, CUTTACK','SBIN0004612','753002019','CUTTACKCUTTACK ,DISTCUTTACK, ORISSA ,PIN - 753008',1,1,'2021-09-25 13:17:29',NULL,NULL,0),
(566,1,'ASKA ADB','SBIN0004624','761002203','DIST  GANJAM, ORISSA 761110',1,1,'2021-09-25 13:17:29',NULL,NULL,0),
(567,1,'BRAJARAJNAGAR','SBIN0004702','768002402','DISTT. JHARSUGUDA, ORISSA 768216',1,1,'2021-09-25 13:17:29',NULL,NULL,0),
(568,1,'PAPADAHANDI','SBIN0004737','764002521','DIST NAWRANGPUR, ORISSA 764071',1,1,'2021-09-25 13:17:29',NULL,NULL,0),
(569,1,'JORANDA','SBIN0004738','759002501','DIST DHENKANAL,ORISSA 759014',1,1,'2021-09-25 13:17:29',NULL,NULL,0),
(570,1,'POLASARA','SBIN0004739','761002528','DIST GANJAM, ORISSA 761105',1,1,'2021-09-25 13:17:29',NULL,NULL,0),
(571,1,'DHARAKOTE','SBIN0004740','761002529','DHARAKOTE',1,1,'2021-09-25 13:17:29',NULL,NULL,0),
(572,1,'GUDARI','SBIN0004852','765002519','STATE BANK OF INDIA',1,1,'2021-09-25 13:17:29',NULL,NULL,0),
(573,1,'ORKEL','SBIN0004853','764002514','MALKANGIRIORISSA',1,1,'2021-09-25 13:17:29',NULL,NULL,0),
(574,1,'DEOGARH','SBIN0004854','768002102','DIST  DEOGARH, ORISSA 768108',1,1,'2021-09-25 13:17:29',NULL,NULL,0),
(575,1,'JAMANKIRA','SBIN0004855','768002506','SAMBALPUR, ORISSA 768107',1,1,'2021-09-25 13:17:29',NULL,NULL,0),
(576,1,'KHAJURIAKATA','SBIN0004856','759002506','DIST DHENKANAL, ORISSA 759020',1,1,'2021-09-25 13:17:29',NULL,NULL,0),
(577,1,'BALICHANDRAPUR','SBIN0004857','755002203','JAJPUR STATE  ORISSA PIN754205',1,1,'2021-09-25 13:17:29',NULL,NULL,0),
(578,1,'KALUNGA','SBIN0004858','769002015','KULUNGA',1,1,'2021-09-25 13:17:29',NULL,NULL,0),
(579,1,'PANPOSH','SBIN0004859','769002010','ROURKELA,DIST SUNDARGARH ,ORISSA ,PIN - 769004',1,1,'2021-09-25 13:17:29',NULL,NULL,0),
(580,1,'BIRAMITRAPUR','SBIN0004860','770002512','DISTSUNDARGARH  ORISSA 770033',1,1,'2021-09-25 13:17:29',NULL,NULL,0),
(581,1,'KANDHAMAL','SBIN0004861','762002529','DARINGBADI',1,1,'2021-09-25 13:17:29',NULL,NULL,0),
(582,1,'SBILD BHUBANESWAR','SBIN0004957','751002518','STATE BANK INSTITUTE OF LEARNING AND DEVELOPMENT, LEWIS ROAD, BHUBANESWAR, DISTT.KHURDA. ODISHA-751014.',1,1,'2021-09-25 13:17:29',NULL,NULL,0),
(583,1,'SMECCC, BHUBANESWAR','SBIN0005042','751002510','SBI ZONAL OFFICE PREMISESRAJPATHBHUBANESWAR',1,1,'2021-09-25 13:17:29',NULL,NULL,0),
(584,1,'SMECCC, CUTTACK','SBIN0005043','751002123','1ST FLOOR CUTTACK CITY BR ,COLLEGE SQUARE, DIST  CUTTACK, STATE ORISSA PIN  753003',1,1,'2021-09-25 13:17:29',NULL,NULL,0),
(585,1,'AIGINIA','SBIN0005077','751002025','AIGINIA, BHUBANESHWAR',1,1,'2021-09-25 13:17:29',NULL,NULL,0),
(586,1,'NILGIRI','SBIN0005078','756002521','DIST  BALASORE, ORISSA',1,1,'2021-09-25 13:17:29',NULL,NULL,0),
(587,1,'LEWIS ROAD','SBIN0005093','751002026','DISTKHURDA  ORISSA 751002',1,1,'2021-09-25 13:17:29',NULL,NULL,0),
(588,1,'REGIONAL BUSINESS OFFICE, BALASORE','SBIN0005113','756002540','O T ROAD,POLICE LINE,AT BY PO BALASORE,DIST BALASORE,STATE ORISSA,DIST BALASORE 756001',1,1,'2021-09-25 13:17:29',NULL,NULL,0),
(589,1,'REGIONAL BUSINESS OFFICE, CUTTACK','SBIN0005114','753002504','REGIONAL BUSINESS OFFICE,MADHUPATNA,CUTTACK,CUTTACK,DIST CUTTACK 753010',1,1,'2021-09-25 13:17:29',NULL,NULL,0),
(590,1,'RBO  JAJPUR ROAD','SBIN0005115','755002516','AT UMAPADA,PO JAJPUR ROAD,DIST JAJPUR,STATE ORISSA,DIST JAJPUR 755019',1,1,'2021-09-25 13:17:29',NULL,NULL,0),
(591,1,'RBO,ANGUL','SBIN0005116','759002526','RBO,ANGUL,MIRANIA TOWERS,GANDHI MARG,ANGUL,DIST ANGUL 759122',1,1,'2021-09-25 13:17:29',NULL,NULL,0),
(592,1,'REGIONAL BUSINESS OFFICE ROURKELA','SBIN0005117','769002502','REGIONAL BUSINESS OFFICE,B 62,SECTOR 5,ROURKELA,SUNDARGARH,DIST SUNDARGARH 769004',1,1,'2021-09-25 13:17:29',NULL,NULL,0),
(593,1,'REGIONAL BUSINESS OFFICE, PHULBANI','SBIN0005118','762002537','REGIONAL BUSINESS OFFICE,PHULBANI,MADIKUNDA CHHAK,MAIN ROAD,PHULBANI,DIST KANDHAMAL',1,1,'2021-09-25 13:17:29',NULL,NULL,0),
(594,1,'CHHEND','SBIN0005157','769002018','VSS MARKET COMPLEX, FIRST FLOOR, ROURKELA, BHUBANESWAR, ORISSA 769015',1,1,'2021-09-25 13:17:29',NULL,NULL,0),
(595,1,'SAHID NAGAR','SBIN0005158','751002027','PLOT NO 502  DISTT  KHURDA  ORISSA 751007',1,1,'2021-09-25 13:17:29',NULL,NULL,0),
(596,1,'CHARAMPA','SBIN0005159','756002103','BHADRAK ORISSA 756 101',1,1,'2021-09-25 13:17:29',NULL,NULL,0),
(597,1,'STRESS ASSETS RESOLUTION CENTRE, BHUBANESWAR','SBIN0005174','751002044','1ST FLOOR, INDUSTRIALESTATE BRANCH, RASULGARH,BHUBANESWAR',1,1,'2021-09-25 13:17:29',NULL,NULL,0),
(598,1,'RCE CAMPUS','SBIN0005302','751002016','RCE CAMPUS,BHUBANESWAR ,ORISSA ,PIN - 751022',1,1,'2021-09-25 13:17:29',NULL,NULL,0),
(599,1,'MCL BRAJARAJNAGAR','SBIN0005335','768002544','NEAR G M OFFICE OF MCL  ORIENT AREA  DISTT  JHARSUGUDA  ORISSA 768216',1,1,'2021-09-25 13:17:29',NULL,NULL,0),
(600,1,'KHODASING','SBIN0005457','760002007','AT BY POKHIDASINGH,BERHAMPORE,GANJAM,ORISSA,PIN 760002',1,1,'2021-09-25 13:17:29',NULL,NULL,0),
(601,1,'NUAGAON ADB','SBIN0005562','762002527','DIST KANDHAMAL,ORISSA 762102',1,1,'2021-09-25 13:17:29',NULL,NULL,0),
(602,1,'GUMMA','SBIN0005563','761002515','DIST GANJAM, ORISSA 761027',1,1,'2021-09-25 13:17:29',NULL,NULL,0),
(603,1,'SHYAMAKHUNTA','SBIN0005564','757002518','SHYAMAKHUNTA',1,1,'2021-09-25 13:17:29',NULL,NULL,0),
(604,1,'KALAMPUR','SBIN0005565','766002511','DIST,KALAHANDISTATE,ORISSAPIN,766013',1,1,'2021-09-25 13:17:29',NULL,NULL,0),
(605,1,'BODEN','SBIN0005566','766002539','DIST,NAWAPARASTATE,ORISSAPIN,766018,',1,1,'2021-09-25 13:17:29',NULL,NULL,0),
(606,1,'SINAPALI ADB','SBIN0005567','766002538','DIST,NAWAPARASTATE,ORISSAPIN,766108,',1,1,'2021-09-25 13:17:29',NULL,NULL,0),
(607,1,'GOLMUNDA','SBIN0005568','766002515','DIST,KALAHANDISTATE,ORISSAPIN,766022,',1,1,'2021-09-25 13:17:29',NULL,NULL,0),
(608,1,'THUAMUL RAMPUR','SBIN0005569','766002527','DIST,KALAHANDISTATE,ORISSAPIN,766013,',1,1,'2021-09-25 13:17:29',NULL,NULL,0),
(609,1,'LADUGAON','SBIN0005570','766002541','STATE BANK OF INDIALADUGAON BRPOLADUGAON',1,1,'2021-09-25 13:17:29',NULL,NULL,0),
(610,1,'BALIPADAR','SBIN0005571','761002534','DIST  GANJAM, ORISSA 761117',1,1,'2021-09-25 13:17:29',NULL,NULL,0),
(611,1,'MALGODOWN','SBIN0005572','753002015','CUTTACK,ORISSA,PIN 753003',1,1,'2021-09-25 13:17:29',NULL,NULL,0),
(612,1,'BHAPUR BAZAR EVENING BRANCH','SBIN0005753','760002005','ATANNAPURNA.MARKET,BERHAMPUR,DI.GANJAM,ORISSA,PIN.076001.',1,1,'2021-09-25 13:17:29',NULL,NULL,0),
(613,1,'BUTUPALI ADB','SBIN0005754','762002103','DIST  BOUDH, ORISSA 762014',1,1,'2021-09-25 13:17:29',NULL,NULL,0),
(614,1,'CHANDIPUR','SBIN0005755','756002516','DISTBALASORE  ORISSA 756025',1,1,'2021-09-25 13:17:29',NULL,NULL,0),
(615,1,'KOIRA','SBIN0005756','770002529','DIST SUNDARGARH, ORISSA 770048',1,1,'2021-09-25 13:17:29',NULL,NULL,0),
(616,1,'KALINGA NAGAR','SBIN0005757','755002512','AT KALINGANAGAR, PO GOBARGHATI, DISTT. JAJPUR, ORISSA 755 026',1,1,'2021-09-25 13:17:29',NULL,NULL,0),
(617,1,'MUNDIDEULI ADB','SBIN0005759','759002505','AT BY PO KAMAKHYANAGAR, DISTT. DHENKANAL, ORISSA 759018',1,1,'2021-09-25 13:17:29',NULL,NULL,0),
(618,1,'SCB MEDICAL COLLEGE CAMPUS','SBIN0005760','753002018','MANGALBAG,CUTTACK, ,DISTCUTTACK, ORISSA ,PIN - 753007',1,1,'2021-09-25 13:17:29',NULL,NULL,0),
(619,1,'SECTOR-I, ROURKELA','SBIN0005761','769002008','SHAKTI NAGAR,DIST.SUNDARGARH, ORISSA ,769014 ,PIN - 769014',1,1,'2021-09-25 13:17:29',NULL,NULL,0),
(620,1,'SECTOR-14, ROURKELA','SBIN0005762','769002009','SUNDERGARH, DIST.SUNDARGARH, ORISSA ,769009 ,PIN - 769009',1,1,'2021-09-25 13:17:29',NULL,NULL,0),
(621,1,'TEMPLE ROAD','SBIN0005763','752002004','GRAND ROAD,DISTPURI, ORISSA ,752001 ,PIN - 752001',1,1,'2021-09-25 13:17:29',NULL,NULL,0),
(622,1,'UJALPUR','SBIN0005899','770002503','DIST,SUNDARGARHSTATE,ORISSAPIN,770011,',1,1,'2021-09-25 13:17:29',NULL,NULL,0),
(623,1,'GURUNDIA','SBIN0005900','770002526','DIST,SUNDARGARHSTATE,ORISSAPIN,770043,',1,1,'2021-09-25 13:17:29',NULL,NULL,0),
(624,1,'CHAKAPAD','SBIN0005901','762002522','DIST,KANDHAMALSTATE,ORISSAPIN,762010,',1,1,'2021-09-25 13:17:29',NULL,NULL,0),
(625,1,'NAWAPARA ADB','SBIN0006078','766002534','DISTNAWAPARA  ORISSA 752069',1,1,'2021-09-25 13:17:29',NULL,NULL,0),
(626,1,'BOLANI','SBIN0006079','758002510','DISTKEONJHAR, ORISSA 758037',1,1,'2021-09-25 13:17:29',NULL,NULL,0),
(627,1,'HARABHANGA','SBIN0006080','762002516','DIST BOUDH,ORISSA 762014',1,1,'2021-09-25 13:17:29',NULL,NULL,0),
(628,1,'JALESWAR','SBIN0006081','756002519','DIST  BALASORE, ORISSA 756032',1,1,'2021-09-25 13:17:29',NULL,NULL,0),
(629,1,'KANTAMAL','SBIN0006083','762002514','DIST BOUDH,ORISSA 762017',1,1,'2021-09-25 13:17:29',NULL,NULL,0),
(630,1,'MATIKHALO IRE LTD. CAMPUS','SBIN0006086','761002521','P.O.CHATRAPUR',1,1,'2021-09-25 13:17:29',NULL,NULL,0),
(631,1,'UTKELA','SBIN0006089','766002203','DIST KALAHANDI, ORISSA 766011',1,1,'2021-09-25 13:17:29',NULL,NULL,0),
(632,1,'ATHAGADAPATNA','SBIN0006090','761002527','DIST GANJAM,ORISSA 761001',1,1,'2021-09-25 13:17:29',NULL,NULL,0),
(633,1,'AMPANI','SBIN0006118','766002519','VIAKOKSARA,DISTT KALAHANDI,ORISSA 766019',1,1,'2021-09-25 13:17:29',NULL,NULL,0),
(634,1,'KOKASAR','SBIN0006119','766002520','KOKSARA',1,1,'2021-09-25 13:17:29',NULL,NULL,0),
(635,1,'KARCHULI','SBIN0006120','761002538','STATEBANKOFINDIAATPOKARCHULI',1,1,'2021-09-25 13:17:29',NULL,NULL,0),
(636,1,'BANTALA','SBIN0006121','759002520','DIST ANGUL, ORISSA 759129',1,1,'2021-09-25 13:17:29',NULL,NULL,0),
(637,1,'BAUSUNI','SBIN0006122','762002512','DIST BOUDH,ORISSA 762014',1,1,'2021-09-25 13:17:29',NULL,NULL,0),
(638,1,'BHATAKUMURADA','SBIN0006123','761002510','DIST GANJAM, ORISSA 761003',1,1,'2021-09-25 13:17:29',NULL,NULL,0),
(639,1,'BOINDA','SBIN0006124','759002519','DIST ANGUL,ORISSA 759127',1,1,'2021-09-25 13:17:29',NULL,NULL,0),
(640,1,'GUTINGIA','SBIN0006125','762002532','DIST KANDHAMAL,ORISSA 702026',1,1,'2021-09-25 13:17:29',NULL,NULL,0),
(641,1,'HATIBARI','SBIN0006126','770002528','DIST SUNDARGARH,ORISSA 770046',1,1,'2021-09-25 13:17:29',NULL,NULL,0),
(642,1,'JHARPOKHARIA','SBIN0006127','757002522','DISTMAYURBHANJ  ORISSA 757086',1,1,'2021-09-25 13:17:29',NULL,NULL,0),
(643,1,'KANIKA','SBIN0006128','770002534','DIST,SUNDARGARHSTATE,ORISSAPIN,770075,',1,1,'2021-09-25 13:17:29',NULL,NULL,0),
(644,1,'KUPARI','SBIN0006129','756002525','ATPOKUPARIORISSA',1,1,'2021-09-25 13:17:29',NULL,NULL,0),
(645,1,'RAIBOGA','SBIN0006131','770002513','DIST SUNDARGARH, ORISSA 770033',1,1,'2021-09-25 13:17:29',NULL,NULL,0),
(646,1,'SARU','SBIN0006132','761002523','VIA KNCHURU, DT GANJAM, ORISSA 076101',1,1,'2021-09-25 13:17:29',NULL,NULL,0),
(647,1,'TALSARA','SBIN0006133','770002533','DIST SUNDARGARH,ORISSA 770051',1,1,'2021-09-25 13:17:29',NULL,NULL,0),
(648,1,'MAJHIAKHANDA','SBIN0006178','752002525','P  O SINDURIA  VIA GOPALPURNAYAGARHT. PURIORISSA 752025',1,1,'2021-09-25 13:17:29',NULL,NULL,0),
(649,1,'BISWANATHPUR','SBIN0006179','766002522','BISWANATHPUR',1,1,'2021-09-25 13:17:29',NULL,NULL,0),
(650,1,'KARLAMUNDA','SBIN0006181','766002526','DIST,KALAHANDISTATE,ORISSAPIN,766016,',1,1,'2021-09-25 13:17:29',NULL,NULL,0),
(651,1,'TELESINGHA NTPC CAMPUS','SBIN0006257','759002524','TELESINGHA-NTPC CAMPUS, PO DEEPSIKHA, DIST ANGUL  ,PIN - 759147',1,1,'2021-09-25 13:17:29',NULL,NULL,0),
(652,1,'SADHEIPALI ADB','SBIN0006345','770002003','SADHEIPALI, DISTT. SUNDARGARH, ORISSA 770 001',1,1,'2021-09-25 13:17:29',NULL,NULL,0),
(653,1,'G UDAYAGIRI ADB','SBIN0006346','762002525','G UDAYAGIRI',1,1,'2021-09-25 13:17:29',NULL,NULL,0),
(654,1,'DUDUKA','SBIN0006347','767002524','DUDUKABOLANGIR',1,1,'2021-09-25 13:17:29',NULL,NULL,0),
(655,1,'GUDBHALA','SBIN0006348','767002523','DIST BOLANGIR,ORISSA 767046',1,1,'2021-09-25 13:17:29',NULL,NULL,0),
(656,1,'BAPUJINAGAR','SBIN0006408','751002003','DIST  KHURDA, ORISSA 751009',1,1,'2021-09-25 13:17:29',NULL,NULL,0),
(657,1,'BISHNUPUR','SBIN0006411','756002524','DISTBALASORE  ORISSA 756051',1,1,'2021-09-25 13:17:29',NULL,NULL,0),
(658,1,'PRATAPPUR','SBIN0006412','756002526','DIST BALASORE, ORISSA 756038',1,1,'2021-09-25 13:17:29',NULL,NULL,0),
(659,1,'SRIRAMPUR','SBIN0006413','756002517','BALASORESTATE ORISSAPIN 756029',1,1,'2021-09-25 13:17:29',NULL,NULL,0),
(660,1,'DURGADEVI','SBIN0006414','756002512','VIA MITRAPUR  DISTT  BALASORE  ORISSA 756020',1,1,'2021-09-25 13:17:29',NULL,NULL,0),
(661,1,'KANSA','SBIN0006415','756002513','DISTBALASORE  ORISSA 756041',1,1,'2021-09-25 13:17:29',NULL,NULL,0),
(662,1,'KENDUAPADA','SBIN0006416','756002538','KENDUAPADA,',1,1,'2021-09-25 13:17:29',NULL,NULL,0),
(663,1,'SARSADA','SBIN0006417','756002530','ATPOSARSADAVIABHANDARIPOKHARI',1,1,'2021-09-25 13:17:29',NULL,NULL,0),
(664,1,'FATEPUR','SBIN0006418','756002523','ATPOFATEPURVIAKHAIRA',1,1,'2021-09-25 13:17:29',NULL,NULL,0),
(665,1,'DOBAL','SBIN0006419','756002529','VIA DHAMNAGAR, DT BHADRAK, ORISSA 756117',1,1,'2021-09-25 13:17:29',NULL,NULL,0),
(666,1,'AMARDA ROAD','SBIN0006420','756002518','ATPOAMARDAROADBALASORE',1,1,'2021-09-25 13:17:29',NULL,NULL,0),
(667,1,'KIRIMIRA','SBIN0006421','768002548','DIST JHARSUGUDA,ORISSA 768205',1,1,'2021-09-25 13:17:29',NULL,NULL,0),
(668,1,'MALTIGANDARPUR','SBIN0006422','768002508','DISTSAMBALPUR  ORISSA 768116',1,1,'2021-09-25 13:17:29',NULL,NULL,0),
(669,1,'LEFRIPADA','SBIN0006423','770002504','DIST SUNDARGARH,ORISSA 770012',1,1,'2021-09-25 13:17:29',NULL,NULL,0),
(670,1,'KUTRA','SBIN0006424','770002509','DIST SUNDARGARH, ORISSA 770017',1,1,'2021-09-25 13:17:29',NULL,NULL,0),
(671,1,'UKHUNDA','SBIN0006464','758002507','DIST KEONJHAR,ORISSA 758032',1,1,'2021-09-25 13:17:29',NULL,NULL,0),
(672,1,'BHADRASAHI','SBIN0006465','758002509','DIST,KEONJHARSTATE,ORISSAPIN,758035,',1,1,'2021-09-25 13:17:29',NULL,NULL,0),
(673,1,'JANGHIRA','SBIN0006466','758002501','DIST KEONJHAR,ORISSA 758079',1,1,'2021-09-25 13:17:29',NULL,NULL,0),
(674,1,'PASUDA','SBIN0006467','757002524','ATPOPASUDAMAYURBHANJ',1,1,'2021-09-25 13:17:29',NULL,NULL,0),
(675,1,'KESHARPUR','SBIN0006468','757002520','MAYURBHANJORISSA',1,1,'2021-09-25 13:17:29',NULL,NULL,0),
(676,1,'SATKOSIA','SBIN0006469','757002513','ATPOSATKOSIAMAYURBHANJ',1,1,'2021-09-25 13:17:29',NULL,NULL,0),
(677,1,'PATHURI','SBIN0006470','757002511','ATPOPATHURIMAYURBHANJ',1,1,'2021-09-25 13:17:29',NULL,NULL,0),
(678,1,'KULDIHA','SBIN0006471','757002519','ATPOKULDIHAMAYURBHANJ',1,1,'2021-09-25 13:17:29',NULL,NULL,0),
(679,1,'ARADI','SBIN0006472','756002537','DIST BHADRAK,ORISSA 756133',1,1,'2021-09-25 13:17:29',NULL,NULL,0),
(680,1,'KONKARADA','SBIN0006473','761002533','DIST  GANJAM, ORISSA 761144',1,1,'2021-09-25 13:17:29',NULL,NULL,0),
(681,1,'BARIDA','SBIN0006474','761002525','VIA KABISURYA NAGAR',1,1,'2021-09-25 13:17:29',NULL,NULL,0),
(682,1,'GALLERY','SBIN0006475','761002537','STATEBANKOFINDIAGALLERYVIAKULLADA',1,1,'2021-09-25 13:17:29',NULL,NULL,0),
(683,1,'BHUBAN','SBIN0006476','759002503','DIST DHENKANAL,ORISSA 759017',1,1,'2021-09-25 13:17:29',NULL,NULL,0),
(684,1,'GOBINDPUR','SBIN0006477','759002508','ATPO GOVINDPURDIST DHENKANAL',1,1,'2021-09-25 13:17:29',NULL,NULL,0),
(685,1,'BELTIKIRI-KAIMATI','SBIN0006478','759002507','BELTIKRIKAIMATIDHENKANAL',1,1,'2021-09-25 13:17:29',NULL,NULL,0),
(686,1,'SINGDA','SBIN0006479','757002515','DIST MAYURBHANJ, ORISSA 757039',1,1,'2021-09-25 13:17:29',NULL,NULL,0),
(687,1,'NIMAPARA','SBIN0006480','752002534','DIST PURI, ORISSA 752 106',1,1,'2021-09-25 13:17:29',NULL,NULL,0),
(688,1,'KALARANGIATA','SBIN0006545','755002513','DIST  JAJPUR, ORISSA 755 025',1,1,'2021-09-25 13:17:29',NULL,NULL,0),
(689,1,'CHARBAHAL','SBIN0006605','766002516','DIST,KALAHANDISTATE,ORISSAPIN,766019,',1,1,'2021-09-25 13:17:29',NULL,NULL,0),
(690,1,'FOREST PARK','SBIN0006606','751002005','AT BY P.O FOREST PARK,BHUBANESWAR,KHURDA,ORISSA',1,1,'2021-09-25 13:17:29',NULL,NULL,0),
(691,1,'RUPRA','SBIN0006607','766002529','KALAHANDIORISSA',1,1,'2021-09-25 13:17:29',NULL,NULL,0),
(692,1,'KOELNAGAR','SBIN0006621','769002013','KOELNAGAR, ROURKELA  SUNDARGARH PIN - 769014',1,1,'2021-09-25 13:17:29',NULL,NULL,0),
(693,1,'COMMERCIAL BRANCH, BHUBANESWAR','SBIN0006657','751002022','IDCOL HOUSE, NEAR OLD BUS STAND, UNIT-2 BHUBANESWAR 1, KHURDA, PIN 751001',1,1,'2021-09-25 13:17:29',NULL,NULL,0),
(694,1,'COMM CUTTACK','SBIN0006658','753002006','OSIC BUILDING GRND FLOOR,IND. ESTATE MADHUPATNA,CUTTACK,ORISSA,PIN 753010',1,1,'2021-09-25 13:17:29',NULL,NULL,0),
(695,1,'CHARICHHAK','SBIN0006659','762002519','POJHADRAJINGI',1,1,'2021-09-25 13:17:29',NULL,NULL,0),
(696,1,'JYOTI VIHAR, BURLA','SBIN0006672','768002011','SAMBALPUR UNIVERSITY CAMPUS, ORISSA',1,1,'2021-09-25 13:17:29',NULL,NULL,0),
(697,1,'ANCHALGUMA','SBIN0006681','764002518','DIST NAWRANGPUR,ORISSA 764069',1,1,'2021-09-25 13:17:29',NULL,NULL,0),
(698,1,'KOLAB NAGAR','SBIN0006684','764002505','VIA JEYPORE,',1,1,'2021-09-25 13:17:29',NULL,NULL,0),
(699,1,'DOMBOSORA','SBIN0006714','765002502','DIST RAYAGADA,ORISSA 765024',1,1,'2021-09-25 13:17:29',NULL,NULL,0),
(700,1,'BHAWANI PATNA  EVENING','SBIN0006725','766002003','STATUE CHOWK, DISTT. KALAHANDI ORISSA 766 001',1,1,'2021-09-25 13:17:29',NULL,NULL,0),
(701,1,'ZO, BHUBANESWAR','SBIN0006765','751002506','DIST  KHURDASTATE ORISSAPIN  751009',1,1,'2021-09-25 13:17:29',NULL,NULL,0),
(702,1,'ZO, SAMBALPUR','SBIN0006766','768002505','DIST  SAMBALPURSTATE ORISSAPIN  768001',1,1,'2021-09-25 13:17:29',NULL,NULL,0),
(703,1,'BIRINGATOLI','SBIN0006798','770002507','DIST,SUNDARGARH,ORISSA,770016',1,1,'2021-09-25 13:17:29',NULL,NULL,0),
(704,1,'DARLIPALI','SBIN0006799','770002531','DIST SUNDARGARH,ORISSA 770030',1,1,'2021-09-25 13:17:29',NULL,NULL,0),
(705,1,'HATIBARI','SBIN0006844','755002502','VIA SUKINDA, DISTT JAJPUR, ORISSA 755066',1,1,'2021-09-25 13:17:29',NULL,NULL,0),
(706,1,'NUAGAON','SBIN0006873','770002515','ATPONUAGAONDISTSUNDERGARH',1,1,'2021-09-25 13:17:29',NULL,NULL,0),
(707,1,'BAMUNIGAON','SBIN0006898','762002517','DIST KANDHAMAL,ORISSA',1,1,'2021-09-25 13:17:29',NULL,NULL,0),
(708,1,'KALIMELA (BEJANGIWADA)','SBIN0006907','764002513','DIST,MALKANGIRI,STATE,ORISSA,PIN,764047,',1,1,'2021-09-25 13:17:29',NULL,NULL,0),
(709,1,'DAMANJODI','SBIN0006908','763002002','DISTKORAPUT  ORISSA 763008',1,1,'2021-09-25 13:17:29',NULL,NULL,0),
(710,1,'JEYPORE BAZAR','SBIN0006909','764002103','KORAPUT, ORISSA, PIN 764001',1,1,'2021-09-25 13:17:29',NULL,NULL,0),
(711,1,'UPPAR INDRAVATI DAM PROJECT, KHATIGUDA','SBIN0006910','764002507','DIST  KORAPUT, ORISSA 764085',1,1,'2021-09-25 13:17:29',NULL,NULL,0),
(712,1,'BADAMBA ADB','SBIN0006913','754002521','DISTCUTTACK  ORISSA 764031',1,1,'2021-09-25 13:17:29',NULL,NULL,0),
(713,1,'MOTIGANJ EVENING BRANCH','SBIN0006933','756002004','AT BYP.O-MOTIGANJ, BALASORE, ORISSA',1,1,'2021-09-25 13:17:29',NULL,NULL,0),
(714,1,'TAKATPUR I E','SBIN0006934','757002003','AT BY P.OTAKATPUR, MAYURBHANJ, ORISSA, PIN 757003',1,1,'2021-09-25 13:17:29',NULL,NULL,0),
(715,1,'KHAJURIPADA','SBIN0006935','761002512','STATEBANKOFINDIAATPOKHAJURIPADA',1,1,'2021-09-25 13:17:29',NULL,NULL,0),
(716,1,'SERANGO','SBIN0006936','761002531','DIST,GANJAMSTATE,ORISSAPIN,761216,',1,1,'2021-09-25 13:17:29',NULL,NULL,0),
(717,1,'MAHISPAT ADB','SBIN0006941','759002003','DIST  DHENKANAL, ORISSA 759 001',1,1,'2021-09-25 13:17:29',NULL,NULL,0),
(718,1,'BADASANKHA, PURI','SBIN0006944','752002005','P.O.PURI, PIN - 752002',1,1,'2021-09-25 13:17:29',NULL,NULL,0),
(719,1,'GOCHAPADA SAB','SBIN0006953','762002505','DIST KANDHAMAL,ORISSA 762001',1,1,'2021-09-25 13:17:29',NULL,NULL,0),
(720,1,'MOKEYA SAB','SBIN0006972','764002520','STATEBANKOFINDIA',1,1,'2021-09-25 13:17:29',NULL,NULL,0),
(721,1,'SORDA','SBIN0007001','770002517','DIST,SUNDARGARHSTATE,ORISSAPIN,700035,',1,1,'2021-09-25 13:17:29',NULL,NULL,0),
(722,1,'HARULSINGHA ADB, ANGUL','SBIN0007007','759002103','2ND LANE, AMALPADA, ANGUL, DHENKANALPIN - 759122',1,1,'2021-09-25 13:17:29',NULL,NULL,0),
(723,1,'BALASORE IND. ESTATE','SBIN0007020','756002003','ATBYP.O. - BALASORE, ORISSA',1,1,'2021-09-25 13:17:29',NULL,NULL,0),
(724,1,'GADDEULIA','SBIN0007021','757002521','MAYURBHANJ, ORISSA 757482',1,1,'2021-09-25 13:17:29',NULL,NULL,0),
(725,1,'IRC VILLAGE EVENING  BR, BHUBANESWAR','SBIN0007045','751002009','PLOT NO. 5 BY 538, IRC VILLAGE NAYAPALLI, KHURDA, BHUBANESHWAR  ,PIN - 751015',1,1,'2021-09-25 13:17:29',NULL,NULL,0),
(726,1,'LAXMISAGAR EVENING, BHUBANESWAR','SBIN0007047','751002011','PLOT NO.145,CUTTACK ROAD, KHURDA 751006 ,PIN - 751006',1,1,'2021-09-25 13:17:29',NULL,NULL,0),
(727,1,'PITHAPUR, CUTTACK','SBIN0007049','753002017','PITHAPUR ROAD, CUTTACK BAXIBAZAR, CUTTACKPIN - 753001',1,1,'2021-09-25 13:17:29',NULL,NULL,0),
(728,1,'JHANJIRIMANGALA, CUTTACK','SBIN0007050','753002012','RAJA BAGICHA, P.O., TELENGA  BAZAR, CUTTACKPIN - 753009',1,1,'2021-09-25 13:17:29',NULL,NULL,0),
(729,1,'KHARIAR ROAD','SBIN0007078','766002532','DISTNAWAPARA  ORISSA 766014',1,1,'2021-09-25 13:17:29',NULL,NULL,0),
(730,1,'BIRMAHARAJPUR','SBIN0007079','767002507','BIRMAHARAJPURADB',1,1,'2021-09-25 13:17:29',NULL,NULL,0),
(731,1,'KUMBHIKOTA','SBIN0007120','765002503','DIST RAYAGADA,ORISSA 765001',1,1,'2021-09-25 13:17:29',NULL,NULL,0),
(732,1,'JK PAPER MILL CAMPUS','SBIN0007125','765002510','DIST RAYAGADA, ORISSA 765 017',1,1,'2021-09-25 13:17:29',NULL,NULL,0),
(733,1,'JODA','SBIN0007149','758002202','DIST  KEONJHAR, ORISSA 758034',1,1,'2021-09-25 13:17:29',NULL,NULL,0),
(734,1,'KALUNGA ADB, ROURKELA','SBIN0007163','769002016','KALUNGA,SUNDERGARH,ORISSA,PIN.770031.',1,1,'2021-09-25 13:17:29',NULL,NULL,0),
(735,1,'JARDA','SBIN0007176','770002527','DIST,SUNDARGARH,ORISSA,770043',1,1,'2021-09-25 13:17:29',NULL,NULL,0),
(736,1,'CHANDAKA II C','SBIN0007187','751002004','A BY 68, MANCHESWAR INDUSTRIAL ESTATE, RASULGARH, BHUBANESHWAR ,PIN - 751010',1,1,'2021-09-25 13:17:29',NULL,NULL,0),
(737,1,'RAJPATH EVENING BR, BHUBANESWAR','SBIN0007188','751002015','75,BUDHANAGAR BHUBANESWAR, KHURDAPIN - 751006',1,1,'2021-09-25 13:17:29',NULL,NULL,0),
(738,1,'SANKARAKHOL','SBIN0007295','762002515','STATE BANK OF INDIA',1,1,'2021-09-25 13:17:29',NULL,NULL,0),
(739,1,'SARANGADA','SBIN0007296','762002533','DIST,KANDHAMAL,STATE,ORISSA,PIN,762104',1,1,'2021-09-25 13:17:29',NULL,NULL,0),
(740,1,'GANDARPUR','SBIN0007299','753002009','AT BY P,OGANDARPUR,CUTTACK,ORISSA,PIN 753003',1,1,'2021-09-25 13:17:29',NULL,NULL,0),
(741,1,'SAMBALPUR BAZAR, SAMBALPUR','SBIN0007307','768002007','NAYAPARA SAMBALPUR, SAMBALPURPIN - 768001',1,1,'2021-09-25 13:17:29',NULL,NULL,0),
(742,1,'SAMAL BARRAGE','SBIN0007340','759002509','DIST ANGUL,ORISSA 759037',1,1,'2021-09-25 13:17:29',NULL,NULL,0),
(743,1,'CHANDPUR','SBIN0007343','752002536','NAYAGARHORISSA 752024',1,1,'2021-09-25 13:17:29',NULL,NULL,0),
(744,1,'MARCHESWAR I.E','SBIN0007376','751002019','AT BY P.OMANCHESWAR.E.,BHUBANESWAR,KHURDA,ORISSA,PIN 751017',1,1,'2021-09-25 13:17:29',NULL,NULL,0),
(745,1,'UDITNAGAR','SBIN0007474','769002004','DIST  SUNDARGARH, ORISSA 769012',1,1,'2021-09-25 13:17:29',NULL,NULL,0),
(746,1,'INS CHILIKA','SBIN0007488','752002527','BALUGAON, DISTT. KHURDA, ORISSA 752 037',1,1,'2021-09-25 13:17:29',NULL,NULL,0),
(747,1,'BERHAMPUR IND AREA','SBIN0007498','760002006','SAROJINI MARKET COMPLEX, COURTPETA SQUARE, BERHAMPUR ,PIN - 760004',1,1,'2021-09-25 13:17:29',NULL,NULL,0),
(748,1,'RRL CAMPUS, BHUBANESHWAR','SBIN0007499','751002017','R.R.L.CAMPUS, BHUBANESWAR R.R.L.CAMPUS, KHURDAPIN - 751013',1,1,'2021-09-25 13:17:29',NULL,NULL,0),
(749,1,'JAGATPUR IND EST, CUTTACK','SBIN0007517','753002011','NEW.INDUSTRIAL.ESTATE,JAGATPUR,CUTTACK,ORISSA,PIN.754021.',1,1,'2021-09-25 13:17:29',NULL,NULL,0),
(750,1,'PANCHORA','SBIN0007643','770002506','DIST,SUNDARGARH,ORISSA,770032',1,1,'2021-09-25 13:17:29',NULL,NULL,0),
(751,1,'MCL BURLA','SBIN0007749','768002010','ANAND VIHAR, DT SAMBALPUR, ST ORISSA, PIN 768 018',1,1,'2021-09-25 13:17:29',NULL,NULL,0),
(752,1,'PALASAGUDA','SBIN0007764','762002523','DIST BOUDH,ORISSA 762030',1,1,'2021-09-25 13:17:29',NULL,NULL,0),
(753,1,'BAGHIAPADA','SBIN0007765','762002520','STATEBANKOFINDIA',1,1,'2021-09-25 13:17:29',NULL,NULL,0),
(754,1,'MAJHIGUDA','SBIN0007812','765002511','STATE BANK OF INDIA',1,1,'2021-09-25 13:17:29',NULL,NULL,0),
(755,1,'DEHEPAGUDA','SBIN0007813','765002518','DIST,RAYAGADA,ORISSA,765026',1,1,'2021-09-25 13:17:29',NULL,NULL,0),
(756,1,'AGULO SAB','SBIN0007814','765002512','DIST RAYAGADA,ORISSA 765020',1,1,'2021-09-25 13:17:29',NULL,NULL,0),
(757,1,'DASPALLA','SBIN0007832','752002531','DISTNAYAGARH  ORISSA 752084',1,1,'2021-09-25 13:17:29',NULL,NULL,0),
(758,1,'JANHAPANK','SBIN0007833','762002511','STATEBANKOFINDIA',1,1,'2021-09-25 13:17:29',NULL,NULL,0),
(759,1,'SIMONBADI','SBIN0007834','762002530','DIST KANDHAMAL,ORISSA 762106',1,1,'2021-09-25 13:17:29',NULL,NULL,0),
(760,1,'BARAKHAMA','SBIN0007835','762002535','DIST KANDHAMAL,ORISSA 762110',1,1,'2021-09-25 13:17:29',NULL,NULL,0),
(761,1,'PABURIA SAB','SBIN0007860','762002536','DIST KANDHAMAL,ORISSA 762112',1,1,'2021-09-25 13:17:29',NULL,NULL,0),
(762,1,'PALLAHARA','SBIN0007869','759002513','PALLAHARA',1,1,'2021-09-25 13:17:29',NULL,NULL,0),
(763,1,'STATION BAZAR, PURI','SBIN0007886','752002003','PURI, PURI 752002 ,PIN - 752002',1,1,'2021-09-25 13:17:29',NULL,NULL,0),
(764,1,'IDCO TOWER','SBIN0007891','751002007','JANAPATH  BHUBANESWAR  DISTT  KHURDA  ORISSA 751007',1,1,'2021-09-25 13:17:29',NULL,NULL,0),
(765,1,'KALYANINAGAR','SBIN0007930','753002013','CUTTACK 753013 ,PIN - 753013',1,1,'2021-09-25 13:17:29',NULL,NULL,0),
(766,1,'ASKA ROAD','SBIN0007931','760002004','BERHAMPUR, GANJAM, ORISSA, PIN 760003',1,1,'2021-09-25 13:17:29',NULL,NULL,0),
(767,1,'DAILY MARKET EVENING, ROURKELA','SBIN0007943','769002022','DAILY MARKET, ROURKELA,SUNDARGARH,ORISSA, 770001',1,1,'2021-09-25 13:17:29',NULL,NULL,0),
(768,1,'BUDHARAJA, SAMBALPUR','SBIN0007978','768002005','BUDHARAJA,DISTSAMBALPUR,ORISSA',1,1,'2021-09-25 13:17:29',NULL,NULL,0),
(769,1,'PARADEEP BAZAR EVENING BRANCH','SBIN0007979','754002003','JAGATSINGHPUR, ST ORISSA, PIN 754 142',1,1,'2021-09-25 13:17:29',NULL,NULL,0),
(770,1,'SORO','SBIN0007980','756002522','DIST  BALASORE, ORISSA 756045',1,1,'2021-09-25 13:17:29',NULL,NULL,0),
(771,1,'J.SPIN CAMPUS','SBIN0008074','754002522','NUAPATNA  VIA TIGIRIA  DISTT  CUTTACK  ORISSA 754035',1,1,'2021-09-25 13:17:29',NULL,NULL,0),
(772,1,'SIKIRI','SBIN0008081','761002524','DISTGANJAM  ORISSA 761102',1,1,'2021-09-25 13:17:29',NULL,NULL,0),
(773,1,'CHASAKHANDA','SBIN0008088','754002531','VIA MOUDA  DISTT  CUTTACK  ORISSA 754290',1,1,'2021-09-25 13:17:29',NULL,NULL,0),
(774,1,'GOPINATHPUR','SBIN0008089','754002535','VIA BHAUGRAM, DISTT  CUTTACK, ORISSA 754200',1,1,'2021-09-25 13:17:29',NULL,NULL,0),
(775,1,'BHITHARANDHARI','SBIN0008090','754002529','DISTJAGATSINGHPUR  ORISSA 754141',1,1,'2021-09-25 13:17:29',NULL,NULL,0),
(776,1,'MANDASAHI','SBIN0008091','754002526','DIST  JAGATSINGHPUR, ORISSA 754114',1,1,'2021-09-25 13:17:29',NULL,NULL,0),
(777,1,'KAIPADA','SBIN0008092','755002509','ATPOKAIPADAVIAINDUPUR',1,1,'2021-09-25 13:17:29',NULL,NULL,0),
(778,1,'ANGALO','SBIN0008093','755002514','ATPOANGALOJAJPUR',1,1,'2021-09-25 13:17:29',NULL,NULL,0),
(779,1,'MANPUR','SBIN0008094','754002520','P O BHUINAPUR,VIA AUL',1,1,'2021-09-25 13:17:29',NULL,NULL,0),
(780,1,'MAHALA','SBIN0008095','754002541','VIA DANPUR',1,1,'2021-09-25 13:17:29',NULL,NULL,0),
(781,1,'PALASUDHA','SBIN0008096','754002528','POLANKAPARA,',1,1,'2021-09-25 13:17:29',NULL,NULL,0),
(782,1,'TIKHIRI','SBIN0008097','754002533','KENDRAPADAORISSA',1,1,'2021-09-25 13:17:29',NULL,NULL,0),
(783,1,'BANDHAKATA','SBIN0008098','754002516','VIA JAMAPADA, T KENDRAPARA, ORISSA 754244',1,1,'2021-09-25 13:17:29',NULL,NULL,0),
(784,1,'BHARIGADA','SBIN0008099','754002545','VIA-RAJKANIKA, DISTT. KENDRAPADA, ORISSA 754220',1,1,'2021-09-25 13:17:29',NULL,NULL,0),
(785,1,'GUPTI','SBIN0008100','754002548','ATPOGUPTIVIARAJNAGAR',1,1,'2021-09-25 13:17:29',NULL,NULL,0),
(786,1,'KAMAGURU','SBIN0008213','752002523','KHURDAORISSA 752021',1,1,'2021-09-25 13:17:29',NULL,NULL,0),
(787,1,'RAJSUNAKHALA','SBIN0008214','752002528','NAYAGARH  DISTT  PURI  ORISSA 752065',1,1,'2021-09-25 13:17:29',NULL,NULL,0),
(788,1,'BAJRAKOTE','SBIN0008215','752002526','VIA KRISHNAPRASADT. PURIORISSA 752030',1,1,'2021-09-25 13:17:29',NULL,NULL,0),
(789,1,'NARODA','SBIN0008216','752002532','P.O TURINTERAT. KHURDAORISSA 752102',1,1,'2021-09-25 13:17:29',NULL,NULL,0),
(790,1,'KANDSAR','SBIN0008279','759002104','DT ANGUL, STATE ORISSA PIN 759145',1,1,'2021-09-25 13:17:29',NULL,NULL,0),
(791,1,'SAMDA','SBIN0008445','768002547','POST BELPAHAR, DISTT. JHARSUGUDA ORISSA 768 217',1,1,'2021-09-25 13:17:29',NULL,NULL,0),
(792,1,'DUBURI PROJECT','SBIN0008529','755002302','DIST  JAJPUR, ORISSA 755026',1,1,'2021-09-25 13:17:29',NULL,NULL,0),
(793,1,'BARSUAN','SBIN0008702','770002524','DIST SUNDARGARH, ORISSA 770041',1,1,'2021-09-25 13:17:29',NULL,NULL,0),
(794,1,'BANDHABAHAL','SBIN0008704','768002540','POBANDHABAHAL, VIA BELPAHAR, DISTT. JHARSUGUDA, ORISSA 768 211',1,1,'2021-09-25 13:17:29',NULL,NULL,0),
(795,1,'ZONAL INSPECTION OFFICE,BHUBANESWAR','SBIN0008757','751002995','84,RASULGARH,1ST FLOOR',1,1,'2021-09-25 13:17:29',NULL,NULL,0),
(796,1,'SBILD  ROURKELA','SBIN0008764','769002504','STATE BANK INSTITUTE OF LEARNING AND DEVELOPMENT, P-13,CIVIL TOWNSHIP AREA-7 AND 8, ROURKELA, DISTT-SUNDARGARH, ODISHA-769004',1,1,'2021-09-25 13:17:29',NULL,NULL,0),
(797,1,'SBILD GOPALPUR ON SEA','SBIN0008765','761002552','STATE BANK INSTITUTE OF LEARNING AND DEVELOPMENT, NEAR NEW BUS STAND, GOPALUR ON-SEA, DISTT.GANJAM. ODISHA-761002.',1,1,'2021-09-25 13:17:29',NULL,NULL,0),
(798,1,'BRUNDABAN BIHAR','SBIN0008852','761002532','ANKUSPUR GANJAM, ORISSA 760 011',1,1,'2021-09-25 13:17:29',NULL,NULL,0),
(799,1,'MAHENDRAGARH','SBIN0008873','761002520','DIST GANJAM,ORISSA 761017',1,1,'2021-09-25 13:17:29',NULL,NULL,0),
(800,1,'KAUSALYAGANGA','SBIN0008874','751002051','AT BY P.O-KOUSALYAGANGA, IFA CAMPUS, BHUBANESWAR, DISTT. PURI, ORISSA 751 002',1,1,'2021-09-25 13:17:29',NULL,NULL,0),
(801,1,'GAJABANDH SAB','SBIN0008875','767002510','DIST,SONEPUR,ORISSA,767019',1,1,'2021-09-25 13:17:29',NULL,NULL,0),
(802,1,'KUMBHARI','SBIN0008876','768002523','DIST,BARGARH,ORISSA,768043',1,1,'2021-09-25 13:17:29',NULL,NULL,0),
(803,1,'BIMALAGARH SAB','SBIN0008878','770002521','DIST SUNDARGARH,ORISSA 770040',1,1,'2021-09-25 13:17:29',NULL,NULL,0),
(804,1,'KHICHING','SBIN0008879','757002514','ATP.OKHICHINGMAYURBHANJ',1,1,'2021-09-25 13:17:29',NULL,NULL,0),
(805,1,'CHANDOTARA','SBIN0008880','767002520','DIST,BOLANGIRSTATE,ORISSAPIN,767035,',1,1,'2021-09-25 13:17:29',NULL,NULL,0),
(806,1,'CHHAMUNDA','SBIN0008940','762002506','STATEBANKOFINDIAPOCHAMUNDA',1,1,'2021-09-25 13:17:29',NULL,NULL,0),
(807,1,'JAGMOHANPUR','SBIN0008979','758002504','DIST KEONJHAR,ORISSA 758019',1,1,'2021-09-25 13:17:29',NULL,NULL,0),
(808,1,'GOVT.TREASURY, BHUBANESWAR','SBIN0009025','751002006','J.N.MARG, DISTT. KHURDA, ORISSA 751001',1,1,'2021-09-25 13:17:29',NULL,NULL,0),
(809,1,'KAPILA PRASAD','SBIN0009026','751002010','OLD TOWN, BHUBANESWAR ,MAHATAB ROAD OLD TOWNKHURDA, ORISSA , PIN - 751002',1,1,'2021-09-25 13:17:29',NULL,NULL,0),
(810,1,'PRIYADARSHINI MARKET','SBIN0009027','751002014','CRP CHHAK BHUBANESWAR KHURDA ORISSA',1,1,'2021-09-25 13:17:29',NULL,NULL,0),
(811,1,'BIDANASI, CUTTACK','SBIN0009028','753002004','CDA SECTOR - 6 ,CUTTACKCUTTACK, ORISSA , PIN - 753014',1,1,'2021-09-25 13:17:29',NULL,NULL,0),
(812,1,'LINK ROAD, CUTTACK','SBIN0009029','753002014','P.O.ARUNODAYA MARKET, CUTTACK,',1,1,'2021-09-25 13:17:29',NULL,NULL,0),
(813,1,'JALDA','SBIN0009030','769002011','SUNDARGARH, ORISSA, PIN 769043',1,1,'2021-09-25 13:17:29',NULL,NULL,0),
(814,1,'BARAIPALI IND ESTATE','SBIN0009031','768002004','BAREIPALLI, SMBALPUR',1,1,'2021-09-25 13:17:29',NULL,NULL,0),
(815,1,'BAIRI','SBIN0009067','754002523','DIST  JAJPUR, ORISSA 754082',1,1,'2021-09-25 13:17:29',NULL,NULL,0),
(816,1,'ZO BERHAMPUR','SBIN0009076','760002513','DIST  GANJAMSTATE ORISSAPIN  760001',1,1,'2021-09-25 13:17:29',NULL,NULL,0),
(817,1,'BALIJHUDI','SBIN0009235','769002014','BALIJHUDI FERTILIZER TOWNSHIP,ROURKELA,SUNDARGARH,ORISSA,PIN 769007',1,1,'2021-09-25 13:17:29',NULL,NULL,0),
(818,1,'RUCHIDA','SBIN0009290','768002524','BLOCKAMBHANA,DT BARGARH,ORISSA 768045',1,1,'2021-09-25 13:17:29',NULL,NULL,0),
(819,1,'AGALPUR','SBIN0009291','768002525','DIST BARGARH,ORISSA 768047',1,1,'2021-09-25 13:17:29',NULL,NULL,0),
(820,1,'KUSANG','SBIN0009292','767002525','VIALOISINGA,DISTT BOLANGIR,ORISSA 767020',1,1,'2021-09-25 13:17:29',NULL,NULL,0),
(821,1,'MURUSUNDHI','SBIN0009294','767002508','DIST,SONEPUR,ORISSA,767018',1,1,'2021-09-25 13:17:29',NULL,NULL,0),
(822,1,'KISINDA','SBIN0009295','768002530','VIARAIRAKHOL,DT SAMBALPUR,ORISSA 758106',1,1,'2021-09-25 13:17:29',NULL,NULL,0),
(823,1,'KARADIBANDHA','SBIN0009296','754002542','DIST  CUTTACK, ORISSA 754031',1,1,'2021-09-25 13:17:29',NULL,NULL,0),
(824,1,'KANTAGAON','SBIN0009346','764002519','DIST NAWRANGPUR,ORISSA 764069',1,1,'2021-09-25 13:17:29',NULL,NULL,0),
(825,1,'KUMBHARIPUR','SBIN0009347','765002520','STATE BANK OF INDIA',1,1,'2021-09-25 13:17:29',NULL,NULL,0),
(826,1,'DONGASIL','SBIN0009348','765002505','DIST RAYAGADA,ORISSA',1,1,'2021-09-25 13:17:29',NULL,NULL,0),
(827,1,'TALASINGI','SBIN0009349','761002511','VIADIGAPAHANDI,',1,1,'2021-09-25 13:17:29',NULL,NULL,0),
(828,1,'BHUASUNI, SAB','SBIN0009350','757002523','ATPOBHUASUNIMAYURBHANJ',1,1,'2021-09-25 13:17:29',NULL,NULL,0),
(829,1,'KESAIBAHAL','SBIN0009352','768002554','VIAKUCHINDADISTSAMBALPUR',1,1,'2021-09-25 13:17:29',NULL,NULL,0),
(830,1,'KARLAKOTE','SBIN0009386','766002506','DIST,NAWAPARA,ORISSA,766107',1,1,'2021-09-25 13:17:29',NULL,NULL,0),
(831,1,'BANHARPALI SAB','SBIN0009510','768002545','IB THERMAL COMPLEX, BANAHARPAL VIA BELPAHAR, DISTT. JHARSUGUDA, ORISSA 768217',1,1,'2021-09-25 13:17:29',NULL,NULL,0),
(832,1,'RBO BHWANIPATNA','SBIN0009528','766002540','MUNICIPALITY MARKET COMPLEX,IST FLOOR GOPABANDHU CHOWK,PO BHWANIPATNA,DIST KALAHANDI 766001',1,1,'2021-09-25 13:17:29',NULL,NULL,0),
(833,1,'TULASIPUR','SBIN0009627','752002524','PURI  ORISSA 752113',1,1,'2021-09-25 13:17:29',NULL,NULL,0),
(834,1,'DANDAMUKUNDAPUR','SBIN0009628','752002535','DIST  PURI, ORISSA 752 112',1,1,'2021-09-25 13:17:29',NULL,NULL,0),
(835,1,'BHARATIPUR','SBIN0009629','752002533','PIPLI JATNI ROAD  DISTT  PURI  ORISSA 752104',1,1,'2021-09-25 13:17:29',NULL,NULL,0),
(836,1,'CHHANNAGIRI','SBIN0009631','752002522','DIST  KHURDA ORISSA 752020',1,1,'2021-09-25 13:17:29',NULL,NULL,0),
(837,1,'CHAMPAJHAR','SBIN0009635','757002512','ATPOCHAMPADHARVIATHAKURMUNDA',1,1,'2021-09-25 13:17:29',NULL,NULL,0),
(838,1,'AKUL','SBIN0009636','758002516','AT BY PO AKUL,DT KEONJHAR,ORISSA',1,1,'2021-09-25 13:17:29',NULL,NULL,0),
(839,1,'CHIMLA','SBIN0009637','758002513','DIST KEONJHAR,ORISSA 758041',1,1,'2021-09-25 13:17:29',NULL,NULL,0),
(840,1,'SADANGI','SBIN0009638','759002502','DIST,DHENKANAL,ORISSA,759030',1,1,'2021-09-25 13:17:29',NULL,NULL,0),
(841,1,'KANALOI','SBIN0009639','759002521','NUAGAON,KANLOI,VIA,CHHENDIPADA,DISTT,ANGUL,ORISSA,759124',1,1,'2021-09-25 13:17:29',NULL,NULL,0),
(842,1,'HATIBARI','SBIN0009640','768002529','DIST SAMBALPUR,ORISSA 768105',1,1,'2021-09-25 13:17:29',NULL,NULL,0),
(843,1,'LAPANGA','SBIN0009641','768002555','DIST,SAMBALPUR,STATE,ORISSA,PIN,768232,',1,1,'2021-09-25 13:17:29',NULL,NULL,0),
(844,1,'ARDA','SBIN0009642','768002539','ARDASABVIAJHARSUGUDA',1,1,'2021-09-25 13:17:29',NULL,NULL,0),
(845,1,'KATAPALI','SBIN0009643','768002520','VIABARGARH,DT BARGARH,ORISSA 768038',1,1,'2021-09-25 13:17:29',NULL,NULL,0),
(846,1,'RESHAM','SBIN0009644','768002528','DIST,BARGARH,ORISSA,768104',1,1,'2021-09-25 13:17:29',NULL,NULL,0),
(847,1,'KHAJURIKHAMAN SAB','SBIN0009645','768002534','DIST,DEOGARH,STATE,ORISSA,PIN,768110,',1,1,'2021-09-25 13:17:29',NULL,NULL,0),
(848,1,'TILEIBANI SAB','SBIN0009646','768002537','DIST,DEOGARH,STATE,ORISSA,PIN,768119,',1,1,'2021-09-25 13:17:29',NULL,NULL,0),
(849,1,'DIPTIPUR','SBIN0009647','768002516','DIST,BARGARH,ORISSA,768035',1,1,'2021-09-25 13:17:29',NULL,NULL,0),
(850,1,'JAMSETH','SBIN0009648','768002526','DIST BARGARH,ORISSA 768050',1,1,'2021-09-25 13:17:29',NULL,NULL,0),
(851,1,'LAKHMARA','SBIN0009649','768002517','VIAPADAMPUR,DISTT,BARGARH,ORISSA,768036',1,1,'2021-09-25 13:17:29',NULL,NULL,0),
(852,1,'AMTHI SAB','SBIN0009650','768002522','DIST,BARGARHSTATE,ORISSAPIN,768042,',1,1,'2021-09-25 13:17:29',NULL,NULL,0),
(853,1,'TALPALI','SBIN0009651','768002519','DIST,BARGARH,ORISSA,768036',1,1,'2021-09-25 13:17:29',NULL,NULL,0),
(854,1,'RANGIATIKIRA SAB','SBIN0009652','768002550','VIABAMARA,DISTT SAMBALPUR,ORISSA 768221',1,1,'2021-09-25 13:17:29',NULL,NULL,0),
(855,1,'BABUNIKITIMAL SAB','SBIN0009653','768002553','DIST,SAMBALPUR,STATE,ORISSA,PIN,768228,',1,1,'2021-09-25 13:17:29',NULL,NULL,0),
(856,1,'SAMASINGHA','SBIN0009655','768002542','VIABULABIRA,DT JHARSUDA,ORISSA 768213',1,1,'2021-09-25 13:17:29',NULL,NULL,0),
(857,1,'AMBABANA SAB','SBIN0009656','768002513','DIST BARGARH,ORISSA 768031',1,1,'2021-09-25 13:17:29',NULL,NULL,0),
(858,1,'GOCHHARA','SBIN0009657','768002551','VIAKUCHINDA,DISTT SAMBALPUR,ORISSA 768222',1,1,'2021-09-25 13:17:29',NULL,NULL,0),
(859,1,'SINGHJUBA','SBIN0009658','767002522','DIST SONEPUR,ORISSA 767045',1,1,'2021-09-25 13:17:29',NULL,NULL,0),
(860,1,'DHARMASALA SAB','SBIN0009659','767002518','DIST SONEPUR,ORISSA 767068',1,1,'2021-09-25 13:17:29',NULL,NULL,0),
(861,1,'ULLUNDA','SBIN0009660','767002519','DIST,SONEPUR,STATE,ORISSA,PIN,767034,',1,1,'2021-09-25 13:17:29',NULL,NULL,0),
(862,1,'TIKAYATPALI','SBIN0009661','770002530','DIST,SUNDARGARH,ORISSA,770051',1,1,'2021-09-25 13:17:29',NULL,NULL,0),
(863,1,'ULSURAI','SBIN0009662','770002523','DIST,SUNDARGARH,ORISSA,770040',1,1,'2021-09-25 13:17:29',NULL,NULL,0),
(864,1,'BALDA','SBIN0009663','764002508','VIAPADUA',1,1,'2021-09-25 13:17:29',NULL,NULL,0),
(865,1,'PANGAM','SBIN0009665','764002511','DIST,MALKANGIRI,ORISSA',1,1,'2021-09-25 13:17:29',NULL,NULL,0),
(866,1,'SIBAPADAR','SBIN0009667','765002515','PODOILKHOL,VIAMUNIGUDA,',1,1,'2021-09-25 13:17:29',NULL,NULL,0),
(867,1,'HANUMANTAPUR','SBIN0009668','765002513','DIST RAYAGADA,ORISSA 765020',1,1,'2021-09-25 13:17:29',NULL,NULL,0),
(868,1,'SUNGER','SBIN0009669','765002507','DIST RAYAGADA,ORISSA 765015',1,1,'2021-09-25 13:17:29',NULL,NULL,0),
(869,1,'LANGALESHWAR','SBIN0009673','761002517','DIST  GANJAM ORISSA 761029',1,1,'2021-09-25 13:17:29',NULL,NULL,0),
(870,1,'KATRINGIA','SBIN0009674','762002507','DIST,KANDHAMAL,STATE,ORISSA,PIN,762001,',1,1,'2021-09-25 13:17:29',NULL,NULL,0),
(871,1,'DAHYA SAB','SBIN0009677','762002513','STATEBANKOFINDIADAHYASAB',1,1,'2021-09-25 13:17:29',NULL,NULL,0),
(872,1,'COMMERCIAL BRANCH, ROURKELA','SBIN0009678','769002017','ROURKELA, SUNDARGARH, ORISSA',1,1,'2021-09-25 13:17:29',NULL,NULL,0),
(873,1,'COMM BR BARGARH','SBIN0009679','768002303','CANAL AVENUE,BARGARH,ORISSA,PIN 768028',1,1,'2021-09-25 13:17:29',NULL,NULL,0),
(874,1,'LINEPADA','SBIN0009680','762002521','STATE BANK OF INDIA',1,1,'2021-09-25 13:17:29',NULL,NULL,0),
(875,1,'KATINGIA','SBIN0009681','762002526','DIST,KANDHAMALSTATE,ORISSA',1,1,'2021-09-25 13:17:29',NULL,NULL,0),
(876,1,'FARANG','SBIN0009682','766002525','VIA,JUNAGARH,DT,KALAHANDI,ORISSA,766105',1,1,'2021-09-25 13:17:29',NULL,NULL,0),
(877,1,'RUPRA','SBIN0009683','766002528','VIARUPRA RD,DISTT KALAHANDI,ORISSA 766101',1,1,'2021-09-25 13:17:29',NULL,NULL,0),
(878,1,'BENGAON','SBIN0009684','766002521','DIST,KALAHANDISTATE,ORISSAPIN,766020,',1,1,'2021-09-25 13:17:29',NULL,NULL,0),
(879,1,'MUSANALA','SBIN0009685','766002523','DIST,KALAHANDISTATE,ORISSAPIN,766020,',1,1,'2021-09-25 13:17:29',NULL,NULL,0),
(880,1,'URLADANI','SBIN0009687','766002531','DIST,KALAHANDI,ORISSA,766102',1,1,'2021-09-25 13:17:29',NULL,NULL,0),
(881,1,'PUJHARIGUDA','SBIN0009688','766002518','VIA,LADIGAON,DIST,KALAHANDI,ORISSA,766050',1,1,'2021-09-25 13:17:29',NULL,NULL,0),
(882,1,'CB SAMBALPUR','SBIN0009724','768002006','SAMBALPUR, ORISSA, PIN - 768001',1,1,'2021-09-25 13:17:29',NULL,NULL,0),
(883,1,'NALCO CORPORATE OFFICE, BHUBANESWAR','SBIN0009817','751002020','NALCO BHAWANP 1, NAYA PALLI BHUBANESWARKHURDA, ORISSA , PIN - 751013',1,1,'2021-09-25 13:17:29',NULL,NULL,0),
(884,1,'MUKULISI','SBIN0009820','756002514','BALASORE, ORISSA 756022',1,1,'2021-09-25 13:17:29',NULL,NULL,0),
(885,1,'KONDAGHAT SAB','SBIN0009821','756002515','ATPOKANDGANHATBALASORE',1,1,'2021-09-25 13:17:29',NULL,NULL,0),
(886,1,'SENDHATIRA','SBIN0009822','756002528','VIABONTHA,',1,1,'2021-09-25 13:17:29',NULL,NULL,0),
(887,1,'BALIGAON','SBIN0009823','756002534','ATPOBALIGAONVIACHANDBALI',1,1,'2021-09-25 13:17:29',NULL,NULL,0),
(888,1,'BALGOPALPUR','SBIN0009824','756002511','DISTBALASORE  ORISSA 756020',1,1,'2021-09-25 13:17:29',NULL,NULL,0),
(889,1,'ANTARA','SBIN0009825','756002536','DIST BALASORE,ORISSA 756134',1,1,'2021-09-25 13:17:29',NULL,NULL,0),
(890,1,'JAMJHADI','SBIN0009826','756002532','ATPOJAMJHADIBALASORE',1,1,'2021-09-25 13:17:29',NULL,NULL,0),
(891,1,'SAMPUR','SBIN0009827','754002538','P O DHEDSURDEULI, DISTT  JAGATSINGHPUR, ORISSA 754104',1,1,'2021-09-25 13:17:29',NULL,NULL,0),
(892,1,'BABAR','SBIN0009828','754002524','ATPOBABARVIABADAPADA',1,1,'2021-09-25 13:17:29',NULL,NULL,0),
(893,1,'JAPKUD','SBIN0009829','754002536','DISTCUTTACK  ORISSA 754201',1,1,'2021-09-25 13:17:29',NULL,NULL,0),
(894,1,'BHIMDASPUR','SBIN0009830','754002546','VIA SUGURA  DISTT  CUTTACK  ORISSA 754221',1,1,'2021-09-25 13:17:29',NULL,NULL,0),
(895,1,'KORUA','SBIN0009831','754002534','P.O-TENDAKUDA, DISTT. KENDRAPADA, ORISSA 754134',1,1,'2021-09-25 13:17:29',NULL,NULL,0),
(896,1,'GARHPALASUNI','SBIN0009841','759002514','VIA,KAMAKHYANAGAR,DT,DHENKANAL,ORISSA,759120',1,1,'2021-09-25 13:17:29',NULL,NULL,0),
(897,1,'GADAPUR','SBIN0009880','762002518','DIST KANDHAMAL,ORISSA 762021',1,1,'2021-09-25 13:17:29',NULL,NULL,0),
(898,1,'BUDHIKHAMARI','SBIN0009881','757002510','ATPOBUDHIKHAMARIMAYURBHANJ',1,1,'2021-09-25 13:17:29',NULL,NULL,0),
(899,1,'SERVICE BRANCH, BHUBANESWAR','SBIN0009929','751002001','DIST.KHURDASTATE.ORISSAPIN.751002.',1,1,'2021-09-25 13:17:29',NULL,NULL,0),
(900,1,'RAMNAGAR','SBIN0009951','754002547','VIAMAHAKALPARA,',1,1,'2021-09-25 13:17:29',NULL,NULL,0),
(901,1,'POTTANGI','SBIN0009952','764002509','POTTANGISAB',1,1,'2021-09-25 13:17:29',NULL,NULL,0),
(902,1,'REGIONAL BUSINESS OFFICE JEYPORE','SBIN0009960','764002523','REGIONAL BUSINESS OFFICE,NKT ROAD,OPP JAIN MANDIR,JEYPORE,DIST K O R A P U T',1,1,'2021-09-25 13:17:29',NULL,NULL,0),
(903,1,'BERUANBADI','SBIN0009986','761002518','VIAKODALA',1,1,'2021-09-25 13:17:29',NULL,NULL,0),
(904,1,'STRESSED ASSETS RESOLUTION CENTRE, BHUBANESWAR','SBIN0010027','753002030','PLOT NO.98 BY 432,BEHIND SAGAR NOTORS,MADHUPATNA, CUTTACK',1,1,'2021-09-25 13:17:29',NULL,NULL,0),
(905,1,'RETAIL ASSETS CENTRAL PROCESSING CENTRE, CUTTACK','SBIN0010028','753002029','PLOT NO.98 BY 432,BEHIND SAGAR NOTORS,MADHUPATNA, CUTTACK',1,1,'2021-09-25 13:17:29',NULL,NULL,0),
(906,1,'RASMECCC-SARC SAMBALPUR','SBIN0010071','768002504','SAMBAD BLDG, 1ST FLOOR,SAKHIPARA,SAMBALPUR',1,1,'2021-09-25 13:17:29',NULL,NULL,0),
(907,1,'RASMECC SARC','SBIN0010072','760002512','SBI ZONAL OFFICE PREMISES1ST FLOOR, BRAHMA NAGAR,BERHAMPUR',1,1,'2021-09-25 13:17:29',NULL,NULL,0),
(908,1,'RAHAMA','SBIN0010125','754002530','RAHAMA BAZAR  RAHAMA  JAGATSINGHPUR ORISSA 754140',1,1,'2021-09-25 13:17:29',NULL,NULL,0),
(909,1,'BHUSAN STEEL PLANT,NARENDRAPUR','SBIN0010126','759002515','BHUSAN STEEL PLANT,NARENDRAPUR,NARENDRAPUR, KUSUPANGA, MERAMUNDALI 759121',1,1,'2021-09-25 13:17:29',NULL,NULL,0),
(910,1,'SAILASHREE VIHAR, BHUBANESWAR','SBIN0010127','751002029','PLOT NO. 309 BY 1801, SUB PLOT NO. 1, BSNL TOWER COMPLEX, SAILASHREE VIHAR, BHUBANESWAR 751021',1,1,'2021-09-25 13:17:29',NULL,NULL,0),
(911,1,'JANUGANJ','SBIN0010128','756002005','JANUGANJ  REMUNA  BALASORE  ORISSA 756019',1,1,'2021-09-25 13:17:29',NULL,NULL,0),
(912,1,'GANDHINAGAR','SBIN0010129','760002009','ALKAPURI MARKET, UMA TOWERS, DHARAMNAGAR, BERHAMPUR 760002',1,1,'2021-09-25 13:17:29',NULL,NULL,0),
(913,1,'SAMB, BHUBANESWAR','SBIN0010130','751002992','DIST GANJAMSTATE ORISSA',1,1,'2021-09-25 13:17:29',NULL,NULL,0),
(914,1,'HINJILICUT','SBIN0010131','760002501','COLLEGE CAMPUS, SCIENCE COLLEGE, HINJILICUT 761102',1,1,'2021-09-25 13:17:29',NULL,NULL,0),
(915,1,'TIKIRI','SBIN0010132','765002508','UTKAL ALUMINA INTL LTD CAMPUS, TIKIRI, 765015',1,1,'2021-09-25 13:17:29',NULL,NULL,0),
(916,1,'INFOCITY','SBIN0010133','751002030','IDCO BUILDING  INFOCITY CAMPUS  CHANDAKA INDUSTRIAL ESTATE  BHUBANESWAR 751024',1,1,'2021-09-25 13:17:29',NULL,NULL,0),
(917,1,'JHARSUGUDA TOWN','SBIN0010134','768002203','MAIN ROAD, JHARSUGUDA, ORISSA 768201',1,1,'2021-09-25 13:17:29',NULL,NULL,0),
(918,1,'SECRETARIATE BRANCH, BHUBANESWAR','SBIN0010236','751002033','ORISSA STATE SECTT., BHUBANESWAR, DISTT. KHURDA, ORISSA 751001',1,1,'2021-09-25 13:17:29',NULL,NULL,0),
(919,1,'RAJ BHAWAN, BHUBANESWAR','SBIN0010237','751002035','RAJ BHAWAN DIDPENSARY PREMISES  UNIT 7DT  KHURDA  BHUBANESWAR',1,1,'2021-09-25 13:17:29',NULL,NULL,0),
(920,1,'JANAPATH','SBIN0010238','751002036','PLOT NO  108A  LOTUS HOUSE  STATION SQUARE  JANAPATH  BHUBANESWAR  ORISSA',1,1,'2021-09-25 13:17:29',NULL,NULL,0),
(921,1,'RAIL VIHAR, BHUBANESWAR','SBIN0010239','751002032','CHANDRASEKHARPUR  BHUBANESWAR  DISTT  KHURDA  ORISSA 751023',1,1,'2021-09-25 13:17:29',NULL,NULL,0),
(922,1,'RAIL COACH FACTORY, BHUBANESWAR','SBIN0010240','751002034','MANCHESWAR RAILWAY WORKSHOP  MANCHESWAR  BHUBANESWAR DISTTKHURDA  ORISSA 751005',1,1,'2021-09-25 13:17:29',NULL,NULL,0),
(923,1,'BAZAR BRANCH, KENDRAPADA','SBIN0010241','754002103','FAKIRABAD, MUNICIPAL BUILDING, KENDRAPADA, ORISSA-754211',1,1,'2021-09-25 13:17:29',NULL,NULL,0),
(924,1,'ESSEL MINING JURUDI','SBIN0010243','758002515','P O JAJANGKEONJHAR 758 052',1,1,'2021-09-25 13:17:29',NULL,NULL,0),
(925,1,'NALCO CPP, ANGUL','SBIN0010245','759002522','DIST ANGULSTATE ORISSAPIN 759145',1,1,'2021-09-25 13:17:29',NULL,NULL,0),
(926,1,'IGIT SARANGA','SBIN0010246','759002523','IGIT SARANGA, DHENKANAL, ORISSA 759146',1,1,'2021-09-25 13:17:29',NULL,NULL,0),
(927,1,'MCL JAGANNATH COLLIERY, TALCHER','SBIN0010247','759002512','TALCHER, SOUTH BALANDA, TALCHER, ANGUL, ORISSA 759116',1,1,'2021-09-25 13:17:29',NULL,NULL,0),
(928,1,'HEADS OF DEPARTMENTS, BHUBANESWAR','SBIN0010249','751002028','HEADS OF DEPARTMENTS BUILDING  UNIT V  DT  KHURDA  BHUBANESWAR  ORISSA 751001',1,1,'2021-09-25 13:17:29',NULL,NULL,0),
(929,1,'KIIT SQUARE, BHUBANESWAR','SBIN0010250','751002031','KIIT SQUARE, PATIA, BHUBANESWAR, DISTT. KHURDA, ORISSA',1,1,'2021-09-25 13:17:29',NULL,NULL,0),
(930,1,'CHANDI CHHAK','SBIN0010251','753002022','CHANDI CHHAK, CUTTACK, ORISSA 753008',1,1,'2021-09-25 13:17:29',NULL,NULL,0),
(931,1,'COLLEGE ROAD, BALASORE','SBIN0010252','756002006','COLLEGE ROAD  FM COLLEGE CAMPUS  BALASORE  ORISSA 756001',1,1,'2021-09-25 13:17:29',NULL,NULL,0),
(932,1,'BAZAR BRANCH, BARIPADA','SBIN0010253','757002004','ANAND BAZAR  WAED NO  9  BARIPADA  MAYURBHANJ  ORISSA 757001',1,1,'2021-09-25 13:17:29',NULL,NULL,0),
(933,1,'THELKULI','SBIN0010255','768002556','DIST SAMBALPURSTATE ORISSA',1,1,'2021-09-25 13:17:29',NULL,NULL,0),
(934,1,'HIRAKUD','SBIN0010256','768002012','DIST SAMBALPURSTATE ORISSA',1,1,'2021-09-25 13:17:29',NULL,NULL,0),
(935,1,'CURRENCY ADMINISTRATIVE CELL, BHUBANESWAR','SBIN0010270',NULL,'DIST KHURDA,STATE ORISSA,PIN 751009',1,1,'2021-09-25 13:17:29',NULL,NULL,0),
(936,1,'CURRENCY ADMINISTRATION CELL, CUTTACK','SBIN0010271','753002028','SBI CUTTACK BRANCH BUILDING,2ND FLOOR,COLLECTORATE COMPOUND,CUTTACK 753002,DIST CUTTACK',1,1,'2021-09-25 13:17:29',NULL,NULL,0),
(937,1,'CURRENCY ADMINISTRATION CELL  CAC  ,  ROURKELA','SBIN0010272','769002021','SBI ROURKELA TOWNSHIP BR BUILDING,SECTOR 19,ROURKELA,DIST SUNDARGARH 769005',1,1,'2021-09-25 13:17:29',NULL,NULL,0),
(938,1,'RACPC, ROURKELA','SBIN0010273','769002503','DIST,SUNDARGARHSTATE,ORISSAPIN,769006,',1,1,'2021-09-25 13:17:29',NULL,NULL,0),
(939,1,'SMECCC, ROURKELA','SBIN0010274','769002501','DIST,SUNDARGARHSTATE,ORISSAPIN,769006,',1,1,'2021-09-25 13:17:29',NULL,NULL,0),
(940,1,'CCPC BHUBANESWAR','SBIN0010409','751002001','MALLICK COMMERCIAL COMPLEXPLOT NO A 169, UNIT 3,KHARVELA NAGAR, BHUBANESWAR',1,1,'2021-09-25 13:17:29',NULL,NULL,0),
(941,1,'SERVICE BRANCH, CUTTACK','SBIN0010753','753002001','DIST.CUTTACK',1,1,'2021-09-25 13:17:29',NULL,NULL,0),
(942,1,'MUNCIPAL AREA BRANCH','SBIN0010901','767002004','DIST BOLANGIRSTATE ORISSA',1,1,'2021-09-25 13:17:29',NULL,NULL,0),
(943,1,'DEHURDA','SBIN0010902','756002520','BHOGRAI 756 036',1,1,'2021-09-25 13:17:29',NULL,NULL,0),
(944,1,'BARGARH','SBIN0010903','768002305','DIST BARGARHSTATE ORISSA',1,1,'2021-09-25 13:17:29',NULL,NULL,0),
(945,1,'DAKSHINA DHAMARA','SBIN0010904','756002539','AT DHAMARA,PO DHAMARA,DISTT BHADRAK ORISSA 756171',1,1,'2021-09-25 13:17:29',NULL,NULL,0),
(946,1,'TANGI','SBIN0010905','754002518','KOTASAHI,CUTTACK 754022',1,1,'2021-09-25 13:17:29',NULL,NULL,0),
(947,1,'KHUNTUNI','SBIN0010906','754002514','DISTCUTTACK,STATEORISSA754029',1,1,'2021-09-25 13:17:29',NULL,NULL,0),
(948,1,'PHULNAKHARA','SBIN0010907','753002024','NIALI ROADPHULNAKHARA,CUTTACK',1,1,'2021-09-25 13:17:29',NULL,NULL,0),
(949,1,'PARLAKHEMUNDI BAZAR','SBIN0010908','761002103','DIST GANJAMSTATE ORISSA',1,1,'2021-09-25 13:17:29',NULL,NULL,0),
(950,1,'GOPALPUR PORT','SBIN0010909','761002501','MAIN ROAD,NEAR GOPALPUR PORT COLONY,PO BARJIPALLI,DISTGANJAM761020',1,1,'2021-09-25 13:17:29',NULL,NULL,0),
(951,1,'BUGUDA','SBIN0010910','760002504','DIST GANJAMSTATE ORISSA',1,1,'2021-09-25 13:17:29',NULL,NULL,0),
(952,1,'DIGAPAHANDI','SBIN0010911','760002502','GAJAPATISTATE ORISSA',1,1,'2021-09-25 13:17:29',NULL,NULL,0),
(953,1,'CHIKITI','SBIN0010912','760002503','DIST GANJAMSTATE ORISSA',1,1,'2021-09-25 13:17:29',NULL,NULL,0),
(954,1,'BIJIPUR','SBIN0010913','760002010','OPP K C HIGH SCHOOLBIJIPUR MAIN ROEHAMPUR DISTTORISSA 760 003',1,1,'2021-09-25 13:17:29',NULL,NULL,0),
(955,1,'AMBAPUA','SBIN0010914','760002511','DIST GANJAMSTATE ORISSA',1,1,'2021-09-25 13:17:29',NULL,NULL,0),
(956,1,'BALIKUDA','SBIN0010915','754002525','DIST GANJAMSTATE ORISSA',1,1,'2021-09-25 13:17:29',NULL,NULL,0),
(957,1,'KUJANGA','SBIN0010916','754002532','KUJANGA,DT,JAGATSINGHPUR,ORISSA,754141',1,1,'2021-09-25 13:17:29',NULL,NULL,0),
(958,1,'RAGHUNATHPUR','SBIN0010917','754002527','DIST,CUTTACKSTATE,ORISSA',1,1,'2021-09-25 13:17:29',NULL,NULL,0),
(959,1,'IOC REFINARY CAMPUS,PARADEEP','SBIN0010918','754002004','P.O.PARADEEP.GARH,PARADEEP,JAGATSINGHPUR754141',1,1,'2021-09-25 13:17:29',NULL,NULL,0),
(960,1,'KUAKHIA','SBIN0010919','755002508','KUAKHIA BAZAR, AT BY PO KUAKHIA 755009',1,1,'2021-09-25 13:17:29',NULL,NULL,0),
(961,1,'BYASANAGAR','SBIN0010920','755002511','DIST JAJPURSTATE ORISSA',1,1,'2021-09-25 13:17:29',NULL,NULL,0),
(962,1,'PANIKOILI','SBIN0010922','755002515','PANIKOILI BAZAR, AT BY PO PANIKOILI, DIST JAJPUR, STATE ORISSA',1,1,'2021-09-25 13:17:29',NULL,NULL,0),
(963,1,'JHARSUGUDA STATION SQUARE','SBIN0010923','768002204','DIST,SAMBALPUR,STATE,ORISSA',1,1,'2021-09-25 13:17:29',NULL,NULL,0),
(964,1,'JAGANNATHPARA','SBIN0010924','766002509','DIST KALAHANDISTATE ORISSA',1,1,'2021-09-25 13:17:29',NULL,NULL,0),
(965,1,'PHULBANI BAZAR','SBIN0010925','762002003','PHULBANI MIAN ROAD,MADIKUNDA SQUARPHULBANI,KANDHAMAL,ORISSA 762001',1,1,'2021-09-25 13:17:29',NULL,NULL,0),
(966,1,'BILEIPADA','SBIN0010926','758002511','AT BILEIPADA,PO BONEIKALAKEONJHAR 758 038',1,1,'2021-09-25 13:17:29',NULL,NULL,0),
(967,1,'KHANDAGIRI','SBIN0010927','751002037','DIST GANJAMSTATE ORISSA',1,1,'2021-09-25 13:17:29',NULL,NULL,0),
(968,1,'POKHARIPUT','SBIN0010928','751002038','DIST,PURISTATE,ORISSA',1,1,'2021-09-25 13:17:29',NULL,NULL,0),
(969,1,'BADAGADA,BHUBANESWAR','SBIN0010929','751002041','BADAGADA BRIT COLONY,BADAGARH SQUARE,NEAR KALYAN MANDAP BHUBANESWAR 751018',1,1,'2021-09-25 13:17:29',NULL,NULL,0),
(970,1,'VIVEKANANDA MARG','SBIN0010930','751002042','PLOT NO456,VIVEKANANDA MARG,BHUBANESWAR 751002',1,1,'2021-09-25 13:17:29',NULL,NULL,0),
(971,1,'PADMAPUR','SBIN0010931','765002517','RAYAGADA, ORISSA',1,1,'2021-09-25 13:17:29',NULL,NULL,0),
(972,1,'BETNOTI','SBIN0010932','757002509','BETNOTI, MAYURBHANJ 757025',1,1,'2021-09-25 13:17:29',NULL,NULL,0),
(973,1,'DABUGAON','SBIN0010933','764002522','DIST GANJAMSTATE ORISSA',1,1,'2021-09-25 13:17:29',NULL,NULL,0),
(974,1,'RAIGHAR','SBIN0010934','764002503','DIST GANJAMSTATE ORISSA',1,1,'2021-09-25 13:17:29',NULL,NULL,0),
(975,1,'AZAD CHOWK, KHARIAR','SBIN0010935','766002536','DIST NAWAPARASTATE ORISSA',1,1,'2021-09-25 13:17:29',NULL,NULL,0),
(976,1,'CHHAITANA','SBIN0010936','752002519','AT CHHAITANA,POBALIGHAI,DISTPURI,STATE ORISSA 752002',1,1,'2021-09-25 13:17:29',NULL,NULL,0),
(977,1,'CHANDANPUR','SBIN0010937','752002518','PO CHANDANPUR, DIST PURI 752002',1,1,'2021-09-25 13:17:29',NULL,NULL,0),
(978,1,'SEMILIGUDA','SBIN0010938','763002004','KORAPUT, ORISSA 764036',1,1,'2021-09-25 13:17:29',NULL,NULL,0),
(979,1,'KANSBAHAL','SBIN0010939','770002514','L AND T CAMPUS, SUNDERGARH 770034',1,1,'2021-09-25 13:17:29',NULL,NULL,0),
(980,1,'JAYADEV VIHAR','SBIN0011573','751002039','DIST,KHURDASTATE,ORISSA',1,1,'2021-09-25 13:17:29',NULL,NULL,0),
(981,1,'RAIL KUNJ','SBIN0011574','751002040','EAST COST RAILWAY HEAD QUARTERS,CHANDRASEKHARPUR,BHUBANESWAR,DISTKHURDA 751017',1,1,'2021-09-25 13:17:29',NULL,NULL,0),
(982,1,'MARKATNAGAR','SBIN0011575','753002023','PLOT.NO.2D.BY.783,SECTOR.11,CDA,CUTTACK.753014',1,1,'2021-09-25 13:17:29',NULL,NULL,0),
(983,1,'DHANUPALI','SBIN0011576','768002013','CUTTACK ROAD,PODHANUPALI,DISTSAMBALPUR 768005',1,1,'2021-09-25 13:17:29',NULL,NULL,0),
(984,1,'BANDAMUNDA','SBIN0011577','769002019','ATCINEMATOLI DUMERTA,POBANDAMUNDA,BANDAMUNDA,ORISSA 770032',1,1,'2021-09-25 13:17:29',NULL,NULL,0),
(985,1,'CURRENCY ADMINISTRATION CELL, BERHAMPUR','SBIN0011800','760002011','STATE BANK OF INDIA,BERHAMPUR,GANJAM DISTRICT,ORISSA 760001',1,1,'2021-09-25 13:17:29',NULL,NULL,0),
(986,1,'CURRENCY ADMINISTRATION CELL,SAMBALPUR','SBIN0011801','768002503','AT SAMBALPUR BRANCH,SAMBALPUR,,DIST SAMBALPUR 768001',1,1,'2021-09-25 13:17:29',NULL,NULL,0),
(987,1,'KALINGA NAGAR','SBIN0012018','751002047','AT AND PO PATRAPADA,DIST KHURDA,STATEORISSA751019',1,1,'2021-09-25 13:17:29',NULL,NULL,0),
(988,1,'JHARPADA','SBIN0012021','751002052','CUTTACK PURI ROAD,BHUBANESWAR,751006,JHARPADA,KHURDA751006',1,1,'2021-09-25 13:17:29',NULL,NULL,0),
(989,1,'BARAMUNDA','SBIN0012022','751002054','PLOT NO D,HOTEL CRYSTAL COMPLEX,P.O BARAMUNDA COLONY,BHUBANESWAR,KHURDA,PIN 751003',1,1,'2021-09-25 13:17:29',NULL,NULL,0),
(990,1,'SATYANAGAR','SBIN0012023','751002055','PLOT NO 89,P O SATYANAGAR,BHUBANESWAR,KHURDA,DIST KHURDA 751007',1,1,'2021-09-25 13:17:29',NULL,NULL,0),
(991,1,'DUMDUMA','SBIN0012024','751002045','DUMDUMA HSG BOARD COLONY,PO AIGINIA,BHUBANESWAR 751019',1,1,'2021-09-25 13:17:29',NULL,NULL,0),
(992,1,'SHASTRINAGAR','SBIN0012025','751002056','SBI STAFF QUARTER,OLD BLOCK,QR NO 2R BY 4,SHASTRI NAGAR,BHUBANESWAR,KHURDA,DIST KHURDA 751001',1,1,'2021-09-25 13:17:29',NULL,NULL,0),
(993,1,'NAYAPALLI','SBIN0012026','751002053','PLOT NO 698,BEHERA SAHI,NAYAPALLI,KHURDA,PIN 751012',1,1,'2021-09-25 13:17:29',NULL,NULL,0),
(994,1,'KHURDA EVENING BRANCH','SBIN0012027','751002049','SAKUNTALA COMPLEX,KHURDA MAIN ROAD,DIST KHURDA,ORISSA 752055',1,1,'2021-09-25 13:17:29',NULL,NULL,0),
(995,1,'JATNI BAZAR','SBIN0012028','751002069','JATNI BAZAR,AT.RAMCHANDRAPUR BAZAR,P.O JATNI,DISTT.KHURDA.ODISHA 752050',1,1,'2021-09-25 13:17:29',NULL,NULL,0),
(996,1,'BANAPUR','SBIN0012029','751002503','AT TAHASIL ROAD,PO BANAPUR,KHURDA DISTTRICT,ORISSA 752031',1,1,'2021-09-25 13:17:29',NULL,NULL,0),
(997,1,'TRAHI ACHYUTA NAGAR','SBIN0012030','751002501','NEAR ASHRAM,AT TRAHIACHYUTA NAGAR VIA BALAKATI,DIST KHURDA 752100',1,1,'2021-09-25 13:17:29',NULL,NULL,0),
(998,1,'BALAKATI','SBIN0012031','751002502','NEAR SWAPNESWAR MAHADEV TEMPLE,BALAKATI 752100',1,1,'2021-09-25 13:17:29',NULL,NULL,0),
(999,1,'NAYAGARH EVENING','SBIN0012032','752002104','OPPOSITE DIST HEAD QRSHOSPITAL,MAIN ROAD,NAYAGARH,DISTNAYAGARH 752069',1,1,'2021-09-25 13:17:29',NULL,NULL,0),
(1000,1,'KHANDAPADA','SBIN0012033','752002504','PATHANI SAMANATA,RATHAGADA CHHAK,KHANDAPADA 752069',1,1,'2021-09-25 13:17:29',NULL,NULL,0),
(1001,1,'NABAKALEBAR ROAD','SBIN0012034','752002006','NABAKALEBAR ROAD,B.R COMPLEX,NEAR GUNDICHA TEMPLE,POPURI,PURI752002',1,1,'2021-09-25 13:17:29',NULL,NULL,0),
(1002,1,'KAKATPUR','SBIN0012035','752002501','KAKATPUR,PO KAKATPUR,PURI,DISTPURI752108',1,1,'2021-09-25 13:17:29',NULL,NULL,0),
(1003,1,'ASTARANGA','SBIN0012036','752002502','ASTARANGA,ASTARANGA,POASTARANGA,PURI,DISTPURI 752109',1,1,'2021-09-25 13:17:29',NULL,NULL,0),
(1004,1,'GOP','SBIN0012037','752002503','POGOP,PURI,DIST PURI 752110',1,1,'2021-09-25 13:17:29',NULL,NULL,0),
(1005,1,'BRAMHAGIRI','SBIN0012038','752002505','BRAMHAGIRI,PO KATAKPADA,PURI',1,1,'2021-09-25 13:17:29',NULL,NULL,0),
(1006,1,'CHOUDHURY BAZAR','SBIN0012039','753002027','BISHANDAYAL MARKET,NAYASARAK,CUTTACK 753002',1,1,'2021-09-25 13:17:29',NULL,NULL,0),
(1007,1,'RAVENSHAW UNIVERSITY CAMPUS','SBIN0012040','753002026','POSTCOLLEGE SQUARE,ORISSA,DISTCUTTACK753003',1,1,'2021-09-25 13:17:29',NULL,NULL,0),
(1008,1,'BARANGA','SBIN0012041','754002511','DADHAPATNA,CUTTACK,DIST CUTTACK,STATE ORISSA 754005',1,1,'2021-09-25 13:17:29',NULL,NULL,0),
(1009,1,'KALAPATHAR','SBIN0012042','752002506','POSTKALAPATHAR,DISTCUTTACK,ORISSA754009',1,1,'2021-09-25 13:17:29',NULL,NULL,0),
(1010,1,'NARASINGHPUR','SBIN0012043','753002502','NARASINGHPUR,PAIKAPARA PATNA,AT PONARASINGHPUR,CUTTACK,DISTCUTTACK754032',1,1,'2021-09-25 13:17:29',NULL,NULL,0),
(1011,1,'JAGATSINGPUR EVENING BRANCH','SBIN0012044','754002203','GOPAL SAGAR,JAGATSINGPUR TOWN,DIST JAGATSINGPUR,ORISSA754103',1,1,'2021-09-25 13:17:29',NULL,NULL,0),
(1012,1,'ERSAMA','SBIN0012045','754002501','POERSAMA,DIST JAGATSINGHPUR,ORISSA,PIN754139',1,1,'2021-09-25 13:17:29',NULL,NULL,0),
(1013,1,'42 MOUZA, BENTKAR','SBIN0012046','753002501','42 MOUZA,AT BY POBENTKAR,PLOT NO 107 BY 2144 1ST FLOOR,DISTCUTTACK754112',1,1,'2021-09-25 13:17:29',NULL,NULL,0),
(1014,1,'PROOF ROAD, BALASORE','SBIN0012047','756002007','SUNHAT,BALASORE,AT BY POSUNHAT,BALASORE,STATE ORISSA,DISTBALASORE 756002',1,1,'2021-09-25 13:17:29',NULL,NULL,0),
(1015,1,'BARIPADA EVENING','SBIN0012048','757002005','AT JAIL ROAD,AT BY POBHANJPUR,BARIPADA,DISTMAYURBHANJ, DISTMAYURBHANJ,ORISSA,757002',1,1,'2021-09-25 13:17:29',NULL,NULL,0),
(1016,1,'JASHIPUR','SBIN0012049','757002503','JASHIPUR,MAYURBHANJ,ORISSA 757034',1,1,'2021-09-25 13:17:29',NULL,NULL,0),
(1017,1,'BAHALADA','SBIN0012050','757002501','NEAR BUS STAND,AT BY PO BAHALADA,MAYURBHANJ DIST757046',1,1,'2021-09-25 13:17:29',NULL,NULL,0),
(1018,1,'RAIRANGPUR EVENING','SBIN0012051','757002103','AT GOLAI CHHAK,PO RAIRANGPUR,DIST MAYURBHANJ,STATE ORISSA',1,1,'2021-09-25 13:17:29',NULL,NULL,0),
(1019,1,'BISOI','SBIN0012052','757002502','NEAR BUS STAND,BISOI,MAYURBHANJ DISTRICT,ORISSA 757033',1,1,'2021-09-25 13:17:29',NULL,NULL,0),
(1020,1,'GOPALPUR','SBIN0012053','756002501','AT BY POGOPALPUR,DISTBALASORE,STATEORISSA,PIN756044',1,1,'2021-09-25 13:17:29',NULL,NULL,0),
(1021,1,'JARAKA','SBIN0012054','755002204','AT AND PO JARAKA,DIST JAJPUR,STATEORISSA 755050',1,1,'2021-09-25 13:17:29',NULL,NULL,0),
(1022,1,'KABATABANDHA','SBIN0012055','755002501','AT BY PO KABATABANDHA,VIAJENAPUR,DISTJAJPUR,DISTJAJPUR,ORISSA,755023',1,1,'2021-09-25 13:17:29',NULL,NULL,0),
(1023,1,'BRAHMABARADA','SBIN0012056','755002503','AT POBRAHMABARADA,DISTJAJPUR,ORISSA755005',1,1,'2021-09-25 13:17:29',NULL,NULL,0),
(1024,1,'MANGALPUR','SBIN0012057','755002504','JAJPUR DISTRICT,ORISSA 755011',1,1,'2021-09-25 13:17:29',NULL,NULL,0),
(1025,1,'MARSHAGHAI','SBIN0012058','754002503','ATMARSHAGHAI,PO MARSHAGHAI,DIST KENDRAPARA STATEORISSA',1,1,'2021-09-25 13:17:29',NULL,NULL,0),
(1026,1,'RAJNAGAR','SBIN0012059','754002502','AT PORAJNAGAR,DISTKENDRAPARA,ORISSA 754225',1,1,'2021-09-25 13:17:29',NULL,NULL,0),
(1027,1,'AUL','SBIN0012060','754002504','DIST KENDRAPARA,ORISSA',1,1,'2021-09-25 13:17:29',NULL,NULL,0),
(1028,1,'NUA BAZAR (BHADRAK)','SBIN0012061','756002104','AT BY PO NUABAZAR,NUABAZAR,STATEORISSA,DISTBHADRAK756001',1,1,'2021-09-25 13:17:29',NULL,NULL,0),
(1029,1,'JAGGANATHPUR','SBIN0012062','756002105','AT BY PO JAGANNATHPUR,STATEORISSA,DISTBHADRAK756001',1,1,'2021-09-25 13:17:29',NULL,NULL,0),
(1030,1,'TIHIDI','SBIN0012063','756002502','BHADRAK DISTRICT,ORISSA 756130',1,1,'2021-09-25 13:17:29',NULL,NULL,0),
(1031,1,'BIRAJA TEMPLE BRANCH','SBIN0012064','755002003','AT AND PO JAJPUR TOWN,DIST JAJPUR,STATEORISSA755001',1,1,'2021-09-25 13:17:29',NULL,NULL,0),
(1032,1,'ANGUL BAZAR','SBIN0012065','759002105','1ST FLOOR,MEERANEEYA TOWER,GANDHI MARG,ANGUL759122',1,1,'2021-09-25 13:17:29',NULL,NULL,0),
(1033,1,'NISHA  JINDAL CAMPUS','SBIN0012066','759002106','PO  JINDAL NAGAR, DISTT.  ANGUL. ODISHA 759111',1,1,'2021-09-25 13:17:29',NULL,NULL,0),
(1034,1,'KHAMAR','SBIN0012067','759002528','PLOT NO 94 BY 237,GANESH BHAWAN,KHAMAR,DISTT.ANGUL.ODISHA 759118',1,1,'2021-09-25 13:17:29',NULL,NULL,0),
(1035,1,'HINGULA AREA(MAHENDRAPUR)','SBIN0012068','759002525','BALRAM TOWNSHIP,PONEHRU SATABDI NAGAR,BHARATPUR,DISTANGUL759148',1,1,'2021-09-25 13:17:29',NULL,NULL,0),
(1036,1,'NIMABAHALI','SBIN0012069','759002516','NIMABAHALI,NIMABAHALI,NIMABAHALI,DHENKANAL,DISTDHENKANAL 759121',1,1,'2021-09-25 13:17:29',NULL,NULL,0),
(1037,1,'PADMAPUR','SBIN0012071','758002503','VILLAGE PADMAPUR,P.O. PADMAPUR,DIST KEONJHAR',1,1,'2021-09-25 13:17:29',NULL,NULL,0),
(1038,1,'KEONJHAR EVENING','SBIN0012072','758002003','KEONJHAR EVENING,AT LABANYA SQUARE,KEONJHAR,PO KEONJHAR,DIST KEONJHAR 758001',1,1,'2021-09-25 13:17:29',NULL,NULL,0),
(1039,1,'GHATAGAON','SBIN0012073','758002506','GHATAGAON,AT 1ST FLOOR,BAJARANGBALI MARKET COMPLEX,PO GHATAGAON,DISTKEONJHAR 758027',1,1,'2021-09-25 13:17:29',NULL,NULL,0),
(1040,1,'CHAMPUA','SBIN0012074','758002524','POSTCHAMPUA,DIST.KEONJHAR,ORISSA-758041',1,1,'2021-09-25 13:17:29',NULL,NULL,0),
(1041,1,'NARADAPUR','SBIN0012075','758002514','PONARADAPUR,VIARIMULI,DISTKEONJHAR,PIN758047',1,1,'2021-09-25 13:17:29',NULL,NULL,0),
(1042,1,'BARBIL EVENING BRANCH','SBIN0012076',NULL,'MAIN ROAD,BARBIL,DIST KEONJHAR758035',1,1,'2021-09-25 13:17:29',NULL,NULL,0),
(1043,1,'AINTHAPALI (SAMBALPUR)','SBIN0012079','768002507','AINTHAPALI SAMBALPUR,AINTHAPALI CHOWK,SAMBALPUR DIST 768004',1,1,'2021-09-25 13:17:29',NULL,NULL,0),
(1044,1,'PADIABAHAL','SBIN0012080','768002535','PADIABAHAL,DIST SAMBALPUR ORISSA,PIN768112',1,1,'2021-09-25 13:17:29',NULL,NULL,0),
(1045,1,'LAIDA','SBIN0012081','768002543','LAIDA,DIST SAMBALPUR ORISSA 768214',1,1,'2021-09-25 13:17:29',NULL,NULL,0),
(1046,1,'BARKOTE','SBIN0012082','768002533','BARKOTE,AT BY POBARKOTE,DEOGARH DIST768110',1,1,'2021-09-25 13:17:29',NULL,NULL,0),
(1047,1,'LAKHANPUR','SBIN0012085','768002546','VILL LAKHANPUR,POLAKHANPUR,DIST JHARSUGUDA ORISSA 768217',1,1,'2021-09-25 13:17:29',NULL,NULL,0),
(1048,1,'R S P CAMPUS BRANCH, ROURKELA','SBIN0012086','769002020','ROURKELA STEEL PLANT,ROURKELA,DISTSUNDERGARH769011',1,1,'2021-09-25 13:17:29',NULL,NULL,0),
(1049,1,'LUABAHAL','SBIN0012087','770002511','P.O. BILAIMUNDA,VIA HEMGIRI,ORISSA,DISTSUNDARGARH 770024',1,1,'2021-09-25 13:17:29',NULL,NULL,0),
(1050,1,'KUARMUNDA','SBIN0012088','770002520','KUARMUNDA,SUNDARGARH DISTRICT 770039',1,1,'2021-09-25 13:17:29',NULL,NULL,0),
(1051,1,'GODBHAGA','SBIN0012089','768002501','JYOTI COMPLEX,N H 6,GODBHAGA,DISTRICT BARGARH,ORISSA 768111',1,1,'2021-09-25 13:17:29',NULL,NULL,0),
(1052,1,'BHATLI','SBIN0012090','768002502','POST BHATLI,NEAR POLICE STATION BHATLI,DIST BARGARH 768030,ORISSA',1,1,'2021-09-25 13:17:29',NULL,NULL,0),
(1053,1,'CHUDAPALI','SBIN0012091','767002503','AT CHUDAPALI,TULSINAGAR,PO CHUDAPALI,DIST BOLANGIR,PIN767024',1,1,'2021-09-25 13:17:29',NULL,NULL,0),
(1054,1,'TITILAGARH EVENING BRANCH','SBIN0012092','767002517','NEAR SHASTRI CHOWK,TITILAGARH,BOLANGIR DISTRICT,ORISSA 767033',1,1,'2021-09-25 13:17:29',NULL,NULL,0),
(1055,1,'KANTABANJI EVENING BRANCH','SBIN0012093','767002501','ROAD NO 4,KANTABANJI,DIST BOLANGIR767039',1,1,'2021-09-25 13:17:29',NULL,NULL,0),
(1056,1,'SONEPUR EVENING BRANCH','SBIN0012094','767002103','NEAR BLOCK OFFICE,PO SONEPUR,DIST SONEPUR767017',1,1,'2021-09-25 13:17:29',NULL,NULL,0),
(1057,1,'GANDHI CHOWK','SBIN0012095','764002104','GANDHI CHOWK,BELL ROAD,JEYPORE,DISTKORAPUT,ORISSA,764001',1,1,'2021-09-25 13:17:29',NULL,NULL,0),
(1058,1,'BAIPARIGUDA','SBIN0012097','764002501','DIST.KORAPUT,ORISSA 764043',1,1,'2021-09-25 13:17:29',NULL,NULL,0),
(1059,1,'LAXMIPUR','SBIN0012098','764002528','OPPOSITE VETERENARY OFFICE.MAIN ROAD,LAXMIPUR,DISTT.KORAPUT.ODISHA 765013',1,1,'2021-09-25 13:17:29',NULL,NULL,0),
(1060,1,'NOWRANGPUR BAZAR','SBIN0012099','764002203','NOWRANGPUR BAZAR,NEAR BLOCK OFFICE,MAIN ROAD,DISTNOWRANGPUR,STATEORISSA 764059',1,1,'2021-09-25 13:17:29',NULL,NULL,0),
(1061,1,'BISSAMCUTTACK','SBIN0012100','765002501','BISSAMCUTTACK,RAYAGADA DISTRICT,ORISSA 765019',1,1,'2021-09-25 13:17:29',NULL,NULL,0),
(1062,1,'STATION ROAD, RAYAGADA','SBIN0012101','765002004','STATION BAZAR,MAIN ROAD,DISTRAYAGADA,STATE ORISSA 765001',1,1,'2021-09-25 13:17:29',NULL,NULL,0),
(1063,1,'KHALIKOTE','SBIN0012103','761002505','NEAR JAGANNATH TEMPLE,KHALIKOTE,DIST GANJAM,PIN 761030',1,1,'2021-09-25 13:17:29',NULL,NULL,0),
(1064,1,'LANJIPALLI','SBIN0012104','760002013','LANJIPALLI,BERHAMPUR 760008',1,1,'2021-09-25 13:17:29',NULL,NULL,0),
(1065,1,'LOCHHAPADA','SBIN0012105','760002012','LOCHHAPADA ROAD,BERHAMPUR 760001',1,1,'2021-09-25 13:17:29',NULL,NULL,0),
(1066,1,'HARADAKHANDI','SBIN0012106','760002014','KATAMENTHU ROAD,HARADAKHANDI,BERHAMPUR',1,1,'2021-09-25 13:17:29',NULL,NULL,0),
(1067,1,'CHATRAPUR BAZAR','SBIN0012107','761002003','MAIN ROAD,NEAR LIC,CHATRAPUR BAZAR,CHATRAPUR,DISTGANJAM 761020',1,1,'2021-09-25 13:17:29',NULL,NULL,0),
(1068,1,'KONISI','SBIN0012108','760002507','NEAR HAT,NH 5,KONISI,DISTGANJAM 760033',1,1,'2021-09-25 13:17:29',NULL,NULL,0),
(1069,1,'SHERAGADA','SBIN0012109','760002506','SHERAGADA,SRI RAM NAGAR,SHERAGADA,SHERAGADA,DISTGANJAM761106',1,1,'2021-09-25 13:17:29',NULL,NULL,0),
(1070,1,'JAGANATHAPUR','SBIN0012110','760002509','NH 5 ROAD SIDE JAGANATHAPUR GANJAM DISTRICT ORISSA 760007',1,1,'2021-09-25 13:17:29',NULL,NULL,0),
(1071,1,'RAMBHA','SBIN0012111','761002502','MAIN ROAD,NEAR GAYATRI TEMPLE,RAMBHA,DISTGANJAM761028',1,1,'2021-09-25 13:17:29',NULL,NULL,0),
(1072,1,'BHANJANAGAR EVENING BRANCH,','SBIN0012112','761002303','MAIN ROAD,NEAR POLICE STATION,BHANJANAGAR,BHANJANAGAR,DISTGANJAM 761126',1,1,'2021-09-25 13:17:29',NULL,NULL,0),
(1073,1,'JAGANNATHPRASAD','SBIN0012113','760002508','MAIN ROAD,JAGANNATHPRASAD',1,1,'2021-09-25 13:17:29',NULL,NULL,0),
(1074,1,'MOHANA','SBIN0012115','761002503','NEAR RD OFFICE,MOHANA,ORISSA 761015',1,1,'2021-09-25 13:17:29',NULL,NULL,0),
(1075,1,'GURANDI','SBIN0012116','761002504','BEHERA STREET,GURANDI,DIST GAJAPATI761210',1,1,'2021-09-25 13:17:29',NULL,NULL,0),
(1076,1,'KASHINAGARA','SBIN0012117','761002506','GUNUPUR ROAD,NEAR FOREST JUNCTION,KASHINAGARA,KASHINAGARA,PIN 761206',1,1,'2021-09-25 13:17:29',NULL,NULL,0),
(1077,1,'RAIKIA','SBIN0012118','762002501','RAIKIA,DIST.KANDHAMAL762101',1,1,'2021-09-25 13:17:29',NULL,NULL,0),
(1078,1,'JUNAGARH','SBIN0012119','766002512','JUNAGARH,TALBANDHPADA,PO JUNAGARH,DISTKALAHANDI,DISTKALAHANDI766014',1,1,'2021-09-25 13:17:29',NULL,NULL,0),
(1079,1,'COLLEGE SQUARE BHAWANIPATNA','SBIN0012120','766002004','GOVTAUTONOMOUS COLLEGE CAMPUS,PO BHAWANIPATNA,DIST KALAHANDI,766001',1,1,'2021-09-25 13:17:29',NULL,NULL,0),
(1080,1,'NARLA','SBIN0012121','766002501','KALAHANDI DISTRICT ORISSA 766100',1,1,'2021-09-25 13:17:29',NULL,NULL,0),
(1081,1,'KURESWAR (UDYANBANDH)','SBIN0012122','766002502','NAWAPARA DISTRICT ORISSA 766106',1,1,'2021-09-25 13:17:29',NULL,NULL,0),
(1082,1,'JHARPADA','SBIN0012201',NULL,'CUTTACK PURI ROAD,BHUBANESWAR,JHARPADA,KHURDA 751006',1,1,'2021-09-25 13:17:29',NULL,NULL,0),
(1083,1,'DOCUMENT ARCHIVAL CENTRE','SBIN0013502','751002058','D 2 BY 21,SECTOR1,ZONED,MANCHESWAR INDUSTRIAL STATE,BHUBANESWAR751010,DISTKHURDA',1,1,'2021-09-25 13:17:29',NULL,NULL,0),
(1084,1,'KONARK','SBIN0013568','752002507','PO KONARK, DIST PURI  752111',1,1,'2021-09-25 13:17:29',NULL,NULL,0),
(1085,1,'DELANGA','SBIN0013569','752002508','AT DELANGA KOTHABAD,PO DELANGA,PURI,DIST PURI 752015',1,1,'2021-09-25 13:17:29',NULL,NULL,0),
(1086,1,'KANAS','SBIN0013570','752002509','AT AND PO  KANAS, DISTT. PURI. ODISHA 752017 MOB 9438374171',1,1,'2021-09-25 13:17:29',NULL,NULL,0),
(1087,1,'BALANGA','SBIN0013571','752002510','AT/PO  BALANGA, DIST PURI 752105',1,1,'2021-09-25 13:17:29',NULL,NULL,0),
(1088,1,'NAUGAON','SBIN0013572','754002550','AT NAUGAON HAT, POSTNAUGAON, DIST  JAGATSINGHPUR, ORISSA754113',1,1,'2021-09-25 13:17:29',NULL,NULL,0),
(1089,1,'TIRTOL','SBIN0013573','754002557','ATPOTIRTOL DISTTJAGATSINGHPUR ODISHA754137',1,1,'2021-09-25 13:17:29',NULL,NULL,0),
(1090,1,'KANDARPUR','SBIN0013574','754002510','KANDARPUR,VIABIRIBATI,CUTTACK,DISTCUTTACK754117',1,1,'2021-09-25 13:17:29',NULL,NULL,0),
(1091,1,'MAHANGA','SBIN0013575','754002515','AT/PO  MAHANGA, DIST  CUTTACK, ORISSA754206',1,1,'2021-09-25 13:17:29',NULL,NULL,0),
(1092,1,'ADASPUR','SBIN0013576','754002549','CUTTACK,DISTCUTTACK754010',1,1,'2021-09-25 13:17:29',NULL,NULL,0),
(1093,1,'BARSAHI','SBIN0013577','757002504','MAYURBHANJ, DIST MAYURBHANJA, ORISSA  757026',1,1,'2021-09-25 13:17:29',NULL,NULL,0),
(1094,1,'KHUNTA','SBIN0013578','757002505','MAYURBHANJ,ORISSA  757019',1,1,'2021-09-25 13:17:29',NULL,NULL,0),
(1095,1,'RASGOVINDPUR','SBIN0013579','757002506','RASGOVINDPUR, MAYURBHANJ -757016',1,1,'2021-09-25 13:17:29',NULL,NULL,0),
(1096,1,'KARANJIA BAZAR','SBIN0013580',NULL,'WARD NO.5,AT/POKARANJIA,DIST. MAYURBHANJ  ODISHA757037',1,1,'2021-09-25 13:17:29',NULL,NULL,0),
(1097,1,'ANANTAPUR','SBIN0013581','756002541','AT BY PO ANANTAPUR,VIA ANANTAPUR,DISTT.BALASSORE.ODISHA 756046',1,1,'2021-09-25 13:17:29',NULL,NULL,0),
(1098,1,'BANAPARIA','SBIN0013582','756002504','MODERN ENGINEERING COLLEGE, BANAPARIA, NH 5, KURUDA,  DIST BALASORE, ORISSA 756056',1,1,'2021-09-25 13:17:29',NULL,NULL,0),
(1099,1,'BASTA','SBIN0013583','756002542','AT MAIN ROAD,BASTA BAZAR,PO BASTA,DISTT.BALASORE.ODISHA 756029',1,1,'2021-09-25 13:17:29',NULL,NULL,0),
(1100,1,'CHANDANESWAR','SBIN0013584','756002506','CHANDANESWAR  HUGULI , DIST BALASORE, ORISSA 756036',1,1,'2021-09-25 13:17:29',NULL,NULL,0),
(1101,1,'AGARPADA','SBIN0013585','756002543','AT BY PO AGARPADA,DISTT.BHADRAK,ODISHA 756115',1,1,'2021-09-25 13:17:29',NULL,NULL,0),
(1102,1,'DHUSURI','SBIN0013587','756002544','ATPO DHUSURI DISTTBHADRAK ODISHA756119',1,1,'2021-09-25 13:17:29',NULL,NULL,0),
(1103,1,'COLLEGE ROAD, KENDRAPARA','SBIN0013588','754002104','AT GUALA SINGH, POPANDIRI,  DISTKENDRAPARA ORISSA  754250',1,1,'2021-09-25 13:17:29',NULL,NULL,0),
(1104,1,'RAJKANIKA','SBIN0013589','754002505','AT ASHOK BAZAR,DIST KENDRAPARA, ODISHA 754220',1,1,'2021-09-25 13:17:29',NULL,NULL,0),
(1105,1,'RATNAGIRI','SBIN0013593','754002509','AT AND POST  RATNAGIRI, VIA  INDUPUR, DIST  JAJPUR. ODISHA 754214',1,1,'2021-09-25 13:17:29',NULL,NULL,0),
(1106,1,'SINGHPUR','SBIN0013594','755002505','SINGHPUR, JAJPUR DISTRICT, ORISSA755016',1,1,'2021-09-25 13:17:29',NULL,NULL,0),
(1107,1,'BINJHARPUR','SBIN0013595','755002517','AT BY POST BINJHARPUR,DISTT.JAJPUR.ODISHA 755027',1,1,'2021-09-25 13:17:29',NULL,NULL,0),
(1108,1,'BALIPATNA','SBIN0013596','752002517','PLOT NO 1082,NEAR BALIPATNA CHHAK,PO BALIPATNA,DIST KHURDA 752102',1,1,'2021-09-25 13:17:29',NULL,NULL,0),
(1109,1,'BARI MOUND','SBIN0013597','755002518','AT RAMPA, PO BARI CUTTACK, BLOCK BARI,DISTT.JAJPUR.ODISHA-755003',1,1,'2021-09-25 13:17:29',NULL,NULL,0),
(1110,1,'SARANKUL','SBIN0013598','752002516','MAIN ROAD,NEAR LADU BABA TEMPLE,PO SARANKUL,DIST NAYAGARH',1,1,'2021-09-25 13:17:29',NULL,NULL,0),
(1111,1,'RANAPUR','SBIN0013599','752002512','ATRANAPUR,POSTRAJ RANPUR, DISTNAYAGARH, PIN 752026',1,1,'2021-09-25 13:17:29',NULL,NULL,0),
(1112,1,'BHAPUR','SBIN0013602','752002105','HAPUR, DISTT.NAYAGARH. ORISSA-752063',1,1,'2021-09-25 13:17:29',NULL,NULL,0),
(1113,1,'CHANDAKA VILLAGE','SBIN0013603','751002066','CHANDKA, P.O.CHANDAKA,VIABARANG, DISTT.KHURDA,ORISSA 754005',1,1,'2021-09-25 13:17:29',NULL,NULL,0),
(1114,1,'INDIPUR','SBIN0013604','752002511','AT AND PO  INDIPUR, DIST PURI.,ORISSA752016',1,1,'2021-09-25 13:17:29',NULL,NULL,0),
(1115,1,'BANARPAL','SBIN0013606','759002203','AT/PO BANARPAL,DIST ANGUL, PIN 759128',1,1,'2021-09-25 13:17:29',NULL,NULL,0),
(1116,1,'ODAPADA HINDOL ROAD','SBIN0013608','759002529','PLOT NO 5318,PREMALATA NIWAS,HINDOL ROAD,AT BY PO HINDOL ROAD,DISTT.DHENKANAL.ODISHA 759019',1,1,'2021-09-25 13:17:29',NULL,NULL,0),
(1117,1,'GHASIPURA','SBIN0013612','758002518','AT/PO GHASIPURA,VIA ANANDPUR, DIST KEONJHAR, ORISSA  758015',1,1,'2021-09-25 13:17:29',NULL,NULL,0),
(1118,1,'JHUMPURA','SBIN0013614','758002517','AT/PO JHUMPURA DISTT. KEONJHAR, ORISSA758031',1,1,'2021-09-25 13:17:29',NULL,NULL,0),
(1119,1,'REAMAL','SBIN0013615','768002564','AT BY P.O.REAMAL,DISTT.DEOGARH.ODISHA 768002',1,1,'2021-09-25 13:17:29',NULL,NULL,0),
(1120,1,'SUNDARGARH EVENING BRANCH','SBIN0013617','770002004','SUNDARGARH EVENING BRANCH,SUNDARGARH,DISTSUNDARGARH770001',1,1,'2021-09-25 13:17:29',NULL,NULL,0),
(1121,1,'HEMGIRI','SBIN0013618','770002536','AT/PO HEMGIRI,DIST SUNDERGARH,ODISHA,PIN 770102.',1,1,'2021-09-25 13:17:29',NULL,NULL,0),
(1122,1,'KHAPRAKHOL','SBIN0013619','767002533','KHAPRAKHOL, KHAPRAKHOL PANCHAYAT SAMITI OFFICE, DIST.BOLANGIR, ORISSA-767001',1,1,'2021-09-25 13:17:29',NULL,NULL,0),
(1123,1,'PATNAGARH BAZAR','SBIN0013620','767002529','COLLEGE CHOWK,PATNAGARH, DIST. BOLANGIR,  ORISSA 767025',1,1,'2021-09-25 13:17:29',NULL,NULL,0),
(1124,1,'PADAMPUR EVENING','SBIN0013621','768002559','AT BY PO PADAMPUR,DISTBARGARH768036',1,1,'2021-09-25 13:17:29',NULL,NULL,0),
(1125,1,'GAISILET','SBIN0013622','768002558','AT BY PO GAISILET,DIST BARGARH 768037',1,1,'2021-09-25 13:17:29',NULL,NULL,0),
(1126,1,'BANGOMUNDA','SBIN0013623','767002528','NEAR BUS STAND, BANGOMUNDA 767040',1,1,'2021-09-25 13:17:29',NULL,NULL,0),
(1127,1,'RAMANAGUDA BRANCH','SBIN0013628','765002527','RAMANAGUDA MAIN ROAD POSTRAMANAGUDA DISTTRAYAGADA ODISHA765029',1,1,'2021-09-25 13:17:29',NULL,NULL,0),
(1128,1,'JHARIGAON','SBIN0013630','764002524','GRAM PANCHAYAT BUILDING, MAIN ROAD, JHARIGAON, NOWRANGPUR DISTRICT, ORISSA764076',1,1,'2021-09-25 13:17:29',NULL,NULL,0),
(1129,1,'PATRAPUR','SBIN0013633','761002507','MAIN ROAD,NEAR BUS STAND,PATRAPUR,DISTGANJAM761004',1,1,'2021-09-25 13:17:29',NULL,NULL,0),
(1130,1,'GANGAPUR','SBIN0013634','761002508','MAINROAD,OPPOSITE GOVT HOSPITAL,GANGAPUR,DIST GANJAM 761123',1,1,'2021-09-25 13:17:29',NULL,NULL,0),
(1131,1,'CHHANAMERI  DENGAUSTA','SBIN0013635','761002509','MAINROAD,NEAR BUS STAND,DENGAUSTA,DIST GANJAM 761014',1,1,'2021-09-25 13:17:29',NULL,NULL,0),
(1132,1,'PHIRINGIA','SBIN0013636','762002502','AT/PO PHIRINGIA,KANDHAMALA DISTRICT, ODISHA762011',1,1,'2021-09-25 13:17:29',NULL,NULL,0),
(1133,1,'SINGJHAR','SBIN0013638','766002505','AT BY P O SINGJHAR,DIST NAWAPARA,ODISHA,DIST NAWAPARA 766108',1,1,'2021-09-25 13:17:29',NULL,NULL,0),
(1134,1,'KARLAPADA','SBIN0013639','766002503','POKARLAPADA,DIST.KALAHANDI,ODISHA,DISTKALAHANDI766011',1,1,'2021-09-25 13:17:29',NULL,NULL,0),
(1135,1,'BIJMARA','SBIN0013640','766002504','AT BY POBIJMARA,DIST.KALAHANDI,ODISHA,DISTKALAHANDI766018',1,1,'2021-09-25 13:17:29',NULL,NULL,0),
(1136,1,'RCPC, BALASORE','SBIN0013805','756002099','PROOF ROAD,AT BY PO SUNHAT, BALASORE,DISTBALASORE,STATEORISSA 756002',1,1,'2021-09-25 13:17:29',NULL,NULL,0),
(1137,1,'RCPC BARGARH','SBIN0013806','768002100','BANDUTIKRA CHOWK,VSS NAGAR,AT BY PO BARGARH,DIST BARGARH,PIN 768028',1,1,'2021-09-25 13:17:29',NULL,NULL,0),
(1138,1,'RCPC, BHADRAK','SBIN0013807',NULL,'JAGANNATHPUR BRANCH AT BY PO BY DIST BHADRAK,ORISSA 756100',1,1,'2021-09-25 13:17:29',NULL,NULL,0),
(1139,1,'RCPC BOLANGIR','SBIN0013808','767002099','ATMALPARA,PO MALPARA,DIST BOLANGIR,PIN 767001',1,1,'2021-09-25 13:17:29',NULL,NULL,0),
(1140,1,'RCPC, JHARSUGUDA','SBIN0013809','768002096','DIST JHARSUGUDA ORISSA 768201',1,1,'2021-09-25 13:17:29',NULL,NULL,0),
(1141,1,'RCPC BHAWANIPATNA','SBIN0013810','766002099','MUNICIPALITY MARKET COMPLEX,PO BHAWANIPATNA DISTKALAHANDI ORISSA766001',1,1,'2021-09-25 13:17:29',NULL,NULL,0),
(1142,1,'RCPC,KENDRAPARA','SBIN0013811','754002099','KENDRAPARA,2ND FLOOR,ATMAHIPAL PODISTKENDRAPARA ORISSA PIN754211',1,1,'2021-09-25 13:17:29',NULL,NULL,0),
(1143,1,'RCPC, JEYPORE','SBIN0013813','764002099','N.K.T. ROAD,JEYPORE,DISTKORAPUT,STATE ORISSA,PIN 764001',1,1,'2021-09-25 13:17:29',NULL,NULL,0),
(1144,1,'RCPC,BARIPADA(TAKATPUR)','SBIN0013814','757002099','BARIPADA TAKATPUR,DISTMAYURBHANJ757001',1,1,'2021-09-25 13:17:29',NULL,NULL,0),
(1145,1,'RCPC, NAYAGARH','SBIN0013815','752002154','KHANDAPADA ROAD,NAYAGARH,NAYAGARH,DISTNAYAGARH752069',1,1,'2021-09-25 13:17:29',NULL,NULL,0),
(1146,1,'RCPC,SUNDERGARH','SBIN0013816',NULL,'1ST FLOOR,SBI,SADHEIPALLI ADB,HOSPITAL ROAD,SUNDERGARH,ORISSA,DIST SUNDERGARH 770001',1,1,'2021-09-25 13:17:29',NULL,NULL,0),
(1147,1,'RBO, BERHAMPUR','SBIN0013817','760002515','2ND LANE,BRAHMANAGAR,BERHAMPUR,GANJAM DISTRICT,ORISSA 760001',1,1,'2021-09-25 13:17:29',NULL,NULL,0),
(1148,1,'REGIONAL BUSINESS OFFICE,REGION 1,BHUBANESWAR','SBIN0013818','751002511','REGION 1,BHUBANESWAR,NEAR CAPITAL POLICE STATION,UNIT 1,BHUBANESWAR,DIST KHURDA 751009',1,1,'2021-09-25 13:17:29',NULL,NULL,0),
(1149,1,'RBOV, BHUBANESWAR','SBIN0013819','751002512','UNIT I,NEAR CAPITAL POLICE STATION,BHUBANESWAR,ORISSA 751009',1,1,'2021-09-25 13:17:29',NULL,NULL,0),
(1150,1,'RBOII, SAMBALPUR','SBIN0013820','768002557','HUSSAIN HOUSE,AINTHAPALI,SAMBALPUR,ORISSA 768004',1,1,'2021-09-25 13:17:29',NULL,NULL,0),
(1151,1,'SALEPALI','SBIN0013843','770002537','SALEPALI,AT BY PO SALEPALI,DIST SUNDARGARH,ODISHA,DIST SUNDARGARH 770022',1,1,'2021-09-25 13:17:29',NULL,NULL,0),
(1152,1,'RBO BOLANGIR','SBIN0014175','767002527','RBO BOLANGIR,AT BY PO RADHARANIPADA,DIST BOLANGIR,DIST BOLANGIR 767001',1,1,'2021-09-25 13:17:29',NULL,NULL,0),
(1153,1,'SPECIALISED CURRENCY ADMINISTRATION BRANCH','SBIN0014371','751002060','SPECIALISED CURRENCY ADMIN,NEAR CAPITAL POLICE STATION,UNITI,BHUBANESWAR,751009',1,1,'2021-09-25 13:17:29',NULL,NULL,0),
(1154,1,'DAMANA CHHAK','SBIN0014468','751002062','PLOT NO 414/2396 , DAMANA CHHAK, P.OCHANDRASEKHARPUR,  DIST  KHURDA, ORISSA 751016',1,1,'2021-09-25 13:17:29',NULL,NULL,0),
(1155,1,'JAGDA','SBIN0014469','769002024','AT/PO JAGDA,ROURKELA,DIST SUNDERGARH,ODISHA,PIN 769042.',1,1,'2021-09-25 13:17:29',NULL,NULL,0),
(1156,1,'F.M.SQUARE','SBIN0014470','756002008','SUBHRA PLAZA, O.T.ROAD, DIST  BALASORE,ORISSA 756001',1,1,'2021-09-25 13:17:29',NULL,NULL,0),
(1157,1,'BOLAGIR TOWN','SBIN0014471','767002005','CHANDRA SEKHAR NAGAR, PATNAGARH ROAD, DIST BOLANGIR, ORISSA 767002',1,1,'2021-09-25 13:17:29',NULL,NULL,0),
(1158,1,'BARGARH EVENING BRANCH','SBIN0014472','768002306','HOSPITAL ROAD,BARGARH,BARGARH, DIST BARGARH 768028',1,1,'2021-09-25 13:17:29',NULL,NULL,0),
(1159,1,'RURAL CENTRAL PROCESSING CENTRE, PHULBANI','SBIN0014477',NULL,'C/O  SBI, REGIONAL BUSINESS OFFICE, MADIKUNDA SQUARE, PHULBANI, KANDHAMAL DISTRICT, ODISHA762001',1,1,'2021-09-25 13:17:29',NULL,NULL,0),
(1160,1,'RCPC KHARIAR','SBIN0014478',NULL,'1ST FLOOR, STATE BANK OF INDIA, KHARIAR. AT/PO  KHARIAR. DISTT. NAWAPARA. ODISHA',1,1,'2021-09-25 13:17:29',NULL,NULL,0),
(1161,1,'RCPC, ANGUL','SBIN0014479',NULL,'RBO BUILDING, MIRANIA TOWER, GANDHI MARG, ANGUL759122',1,1,'2021-09-25 13:17:29',NULL,NULL,0),
(1162,1,'RCPC, KUCHINDA','SBIN0014480',NULL,'CHUDAMANI SMRUTI BHAWAN, RAJIV GANDHI ROAD,KUCHINDA, SAMBALPUR 768222',1,1,'2021-09-25 13:17:29',NULL,NULL,0),
(1163,1,'TUKLA','SBIN0014780','766002542','AT/PO  TUKLA , DIST  NAWAPARA, ODISHA 766107',1,1,'2021-09-25 13:17:29',NULL,NULL,0),
(1164,1,'NTPC  TTPS  CAMPUS, ANGUL','SBIN0014781','759002204','HOUSE NO 3R/2, SECTOR II, TTPS CAMPUS, TALCHER, DISTT.ANGUL. ODISHA 759101',1,1,'2021-09-25 13:17:29',NULL,NULL,0),
(1165,1,'BASANTI COLONY','SBIN0014915','769002023','AM11,BASANTI COLONY,ROURKELA,SUNDARGARH,DISTSUNDARGARH769012',1,1,'2021-09-25 13:17:29',NULL,NULL,0),
(1166,1,'RBO R VI , BHUBANESWAR','SBIN0015435','751002514','ZONAL OFFICE, UNIT I, BHUBANESWAR 751009',1,1,'2021-09-25 13:17:29',NULL,NULL,0),
(1167,1,'REGIONAL  BUSINESS OFFICE BARIPADA','SBIN0015436','757002525','REGIONAL BUSINESS OFFICE, NEAR TAKATPUR CHHAK, BARIPADA 757003 DIST  MAYURBHANJ ODISHA',1,1,'2021-09-25 13:17:29',NULL,NULL,0),
(1168,1,'REGIONAL BUSINESS OFFICE','SBIN0015437','758002519','MEDICAL ROAD, KEONJHAR DIST. KEONJHAR, ORISSA 758001',1,1,'2021-09-25 13:17:29',NULL,NULL,0),
(1169,1,'RBO BARGARH','SBIN0015438','768002561','HUSSAIN HOUSE,NEAR MADANABATI SCHOOL AINTHAPALI CHOWK, SAMBALPUR,PIN 768004',1,1,'2021-09-25 13:17:29',NULL,NULL,0),
(1170,1,'R. B. O. RAYAGADA','SBIN0015439','765002521','RBO,REGION V, RAYAGADA,  1ST FLOOR, RAYAGADA BRANCH BUILDING, NEAR OLD BUS STAND, MAIN ROAD, DIST RAYAGADA,ODISHA  765001',1,1,'2021-09-25 13:17:29',NULL,NULL,0),
(1171,1,'SMECCC, BERHAMPUR','SBIN0015606',NULL,'SMECCC, BRAHMA NAGAR, BERHAMPUR760001',1,1,'2021-09-25 13:17:29',NULL,NULL,0),
(1172,1,'SAHADEVKHUNTA','SBIN0016101','756002009','SAHADEVKHUNTA,NEAR P.S,SAHADEVKHUNTA,BALASORE,DISTT.BALASORE.ORISSA 756001',1,1,'2021-09-25 13:17:29',NULL,NULL,0),
(1173,1,'SRI JAGANNATH SANSKRIT VISWAVIDYALAYA','SBIN0016102','752002008','SRI VIHAR, AT/PO  PURI, DIST  PURI, ORRISA 752003',1,1,'2021-09-25 13:17:29',NULL,NULL,0),
(1174,1,'SISUPALGARH','SBIN0016103','751002063','PLOT NO. 348,S 7, INDIRA GANDHI CO OP HOUSING COLONY, P.O. LINGIPUR,BHUBANESWAR  DISTT. KHURDA, ORISSA751002',1,1,'2021-09-25 13:17:29',NULL,NULL,0),
(1175,1,'PBB MADHUPATNA, CUTTAK','SBIN0016104','753002031','MADHUPATNA CHHAKA, LINK ROAD, CUTTACK, DISTT.CUTTAK. ODISHA 753010',1,1,'2021-09-25 13:17:29',NULL,NULL,0),
(1176,1,'PBB CIVIL TOWNSHIP, ROURKELA','SBIN0016105','769002025','LL/2, CIVIL TOWNSHIP, ROURKELA,DIST  SUNDARGARH, ODISHA 769004',1,1,'2021-09-25 13:17:29',NULL,NULL,0),
(1177,1,'IOC REFINERY COLONY BRANCH','SBIN0016124','754002551','AT AND POSTPARADEEP,DISTT. JAGATSINGHPUR.ODISHA 754141',1,1,'2021-09-25 13:17:29',NULL,NULL,0),
(1178,1,'PATTAMUNDAI BAZAR','SBIN0016125','754002403','RAJALAXMI COMPLEX, PATTAMUNDAI,P.O. PATTAMUNDAI, DISTT.KENDRAPARA.OIDSHA 754215 MOB 9437356920',1,1,'2021-09-25 13:17:29',NULL,NULL,0),
(1179,1,'JHARSUGUDA MAIN ROAD','SBIN0016126','768002205','BESIDE INCOME TAX OFFICE,JHARSUGUDA, SARBAHAL ROAD, DIST JHARSUGUDA, ORISSA 768201',1,1,'2021-09-25 13:17:29',NULL,NULL,0),
(1180,1,'SWAMPATNA','SBIN0016127','758002520','SWAMPATNA,DIST. KEONJHAR, ORISSA 758030',1,1,'2021-09-25 13:17:29',NULL,NULL,0),
(1181,1,'BEHERAMAL, JHARSUGUDA','SBIN0016128','768002206','HOTA COMPLEX, GROUND FLOOR, BEHERAMAL, DISTT. JHARSUGUDA. ODISHA 768202 , MOB 9438242097',1,1,'2021-09-25 13:17:29',NULL,NULL,0),
(1182,1,'JUNAGARH ROAD','SBIN0016129','766002006','BHAWANIPTNA, KALAHANDI, DISTT. KALAHANDI. ODISHA 766001',1,1,'2021-09-25 13:17:29',NULL,NULL,0),
(1183,1,'DHARAMGARH BAZAR','SBIN0016130','766002544','DHARAMGARH BAZAR, DHARAMGARH,DISTT. KALAHANDI.  ODISHA766015',1,1,'2021-09-25 13:17:29',NULL,NULL,0),
(1184,1,'GUNUPUR BAZAR BRANCH','SBIN0016131','765002522','IN FRONT OF GANDHI PUBLIC SCHOOL,GUNUPUR,DIST.RAYAGADA, ODISHA 765022',1,1,'2021-09-25 13:17:29',NULL,NULL,0),
(1185,1,'KORAPUT EVENING','SBIN0016132','764002003','MALLA COMPLEX, POST OIFFICE ROAD, KORAPUT, DISTT.KORAPUT. ODISHA 764020',1,1,'2021-09-25 13:17:29',NULL,NULL,0),
(1186,1,'MALKANGIRI ROAD','SBIN0016133','764002303','INFRONT OF NAC OFFICE, MALKANGIRI, DISTT. MALKANGIRI. ODISHA 764045',1,1,'2021-09-25 13:17:29',NULL,NULL,0),
(1187,1,'UMERKOTE EVENING','SBIN0016134','764002525','OPPOSITE OF NEW BUS STAND, MAIN ROAD, UMERKOTE, DISTT.NOWRANGPUR. ODISHA 764073',1,1,'2021-09-25 13:17:29',NULL,NULL,0),
(1188,1,'PBB JAJPUR ROAD','SBIN0016135','755002103','AT BY UMAPADA,POST JAJPUR ROAD,DISTT.JAJPUR.ODISHA 755019',1,1,'2021-09-25 13:17:29',NULL,NULL,0),
(1189,1,'PERSONAL BANKING','SBIN0016136','755002004','AT GARIAPUR,POST JAJPUR TOWN,DISTT.JAJPUR.ODISHA 755001',1,1,'2021-09-25 13:17:29',NULL,NULL,0),
(1190,1,'ADMINISTRATIVE OFFICE II, BHUBANESWAR','SBIN0016400','751002515','RAJPATH, UNIT  1, NEAR CAPITAL POLICE STATION, BHUBANESWAR, DISTT  KHURDA, ORISSA 751009',1,1,'2021-09-25 13:17:29',NULL,NULL,0),
(1191,1,'AIIMS CAMPUS BRANCH  SIJUA','SBIN0016569','751002065','AT SIJUA, P.O.  PATRAPADA, DIST  KHURDA, ORISSA  751019',1,1,'2021-09-25 13:17:29',NULL,NULL,0),
(1192,1,'BRAHMANAGAR','SBIN0016583','760002016','BRAHMANAGAR,2ND LANE,BERHAMPUR,DISTT.GANJAM.ODISHA 760001',1,1,'2021-09-25 13:17:29',NULL,NULL,0),
(1193,1,'KHASPA STREET BERHAMPUR','SBIN0016584','760002017','KHASPA STREET,BERHAMPUR,DISTT.GANJAM,ODISHA 760002',1,1,'2021-09-25 13:17:29',NULL,NULL,0),
(1194,1,'HIGHTECH BERHAMPUR','SBIN0016585','760002018','TATABENZ SQUARE,ZANANA HOSPITAL ROAD,BERHAMPUR,DISTT.GANJAM,ODISHA 760001',1,1,'2021-09-25 13:17:29',NULL,NULL,0),
(1195,1,'PREMNAGAR','SBIN0016586','760002019','MAIN ROAD, PREMNAGAR, BERHAMPUR, DIST. GANJAM, ODISHA 760002',1,1,'2021-09-25 13:17:29',NULL,NULL,0),
(1196,1,'SUM HOSPITAL  KALINGANAGAR','SBIN0016587','751002067','PLOT NO. 799/2997, SUM HOSPITAL ROAD, SAMPUR, GHATIKIA, BHUBANESWAR DISTT.KHURDA. ORISSA 751003',1,1,'2021-09-25 13:17:29',NULL,NULL,0),
(1197,1,'SUNDARPADA','SBIN0016588','751002070','AT SUNDARPADA,VILL BOTANDA,POST KUHA,BHUBANESWAR,DISTT.KHURDA.ODISHA 751002',1,1,'2021-09-25 13:17:29',NULL,NULL,0),
(1198,1,'BHUBANESWAR','SBIN0016589','751002068','N 3 BY 437 IRC VILLAGE,P.O.I R C VILLAGE,BHUBANESWAR,DISTT.KHURDA.ODISHA 751015',1,1,'2021-09-25 13:17:29',NULL,NULL,0),
(1199,1,'HIGH COURT CAMPUS BRANCH','SBIN0016590','753002033','NEAR SBI MAIN BRANCH,COLLECTORATE COMPOUND,CHANDINI CHOWK,CUTTACK,DISTT.CUTTAK.ODISHA 753002',1,1,'2021-09-25 13:17:29',NULL,NULL,0),
(1200,1,'SAMBALPUR','SBIN0016591','768002015','SHOP F.F 08,1ST FLOOR,CITY CENTER MALL,FARM ROAD BRANCH,SAMBALPUR,DISTT.SAMBALPUR.ORISSA 768002',1,1,'2021-09-25 13:17:29',NULL,NULL,0),
(1201,1,'KALINGA VIHAR, ROURKELA','SBIN0016592','769002026','PLOT NO.C3M/159, KALINGA VIHAR, CHHEND, ROURKELA, DISTT.SUNDERGARH,  ODISHA 769015.',1,1,'2021-09-25 13:17:29',NULL,NULL,0),
(1202,1,'NRI BRANCH BHUBANESWAR','SBIN0016712','751002064','LOKANATH ENCLAVE, PLOT NO. 53, GANGA NAGAR SQUARE, DIST  KHURDA, ORISSA  751001',1,1,'2021-09-25 13:17:29',NULL,NULL,0),
(1203,1,'RAJGANGPUR BAZAR','SBIN0017195','770002103','NEAR GOPINATH MANDIR,MAIN ROAD,AT BY PO RAJGANGPUR,DISTT.SUNDERGARH.ODISHA 770017',1,1,'2021-09-25 13:17:29',NULL,NULL,0),
(1204,1,'PERSONAL BANKING BRANCH ANGUL','SBIN0017196','759002107','PLOT NO 925,6TH LINE,AMALAPADA,DISTT.ANGUL.ODISHA 759122',1,1,'2021-09-25 13:17:29',NULL,NULL,0),
(1205,1,'STATION BAZAR','SBIN0017197','759002005','PLOT NO 74 BY 7069,SHIVAM TOWERS,1ST FLOOR,MAIN ROAD,DHENKANAL,DISTT.DHENKANAL.ORISSA 759013',1,1,'2021-09-25 13:17:29',NULL,NULL,0),
(1206,1,'KHARIAR ROAD BAZAR BRANCH','SBIN0017198','766002545','AT BY PO KHARIAR ROAD,DISTT.NUAPADA.ODISHA 766104',1,1,'2021-09-25 13:17:29',NULL,NULL,0),
(1207,1,'UTTARKUL','SBIN0017199','754002552','SRI SRI NILAKANTHESWARA SAIBAPITHA TRUST,UTTARKUL,DISTT.CUTTACK.ORISSA 754134',1,1,'2021-09-25 13:17:29',NULL,NULL,0),
(1208,1,'MACHHAGAON','SBIN0017531','754002553','AT BY PO MACHHAGAON,DISTT JAGATSINGHPUR ORISSA 754113',1,1,'2021-09-25 13:17:29',NULL,NULL,0),
(1209,1,'JAISHAPATNA','SBIN0017532','752002539','AT JAISHAPATNA,VIA PIPILI,DISTT.PURI.ODISHA 752104',1,1,'2021-09-25 13:17:29',NULL,NULL,0),
(1210,1,'SARASKANA','SBIN0017533','757002527','AT BY P.O SARASKANA,DISTT.MAYURBHANJ,ODISHA 757051',1,1,'2021-09-25 13:17:29',NULL,NULL,0),
(1211,1,'BISRA','SBIN0017534','770002539','PLOT NO 97,MAIN ROAD,BISRA,DISTT SUNDERGARH ODISHA 770036',1,1,'2021-09-25 13:17:29',NULL,NULL,0),
(1212,1,'BHEDABAHAL','SBIN0017535','770002540','PLOT NO 1290 BY 4088,AT BY PO BHEDABAHAL,VIA SUNDERGARH,DISTT SUNDERGARH ODISHA 770073',1,1,'2021-09-25 13:17:29',NULL,NULL,0),
(1213,1,'MATHILI','SBIN0017536','764002526','RAJIV GANDHI SEVA KENDRA,MAIN ROAD,MATHILI,DISTT.MALKANGIRI.ODISHA 764044',1,1,'2021-09-25 13:17:29',NULL,NULL,0),
(1214,1,'MV 79','SBIN0017537','764002527','M.V.79,NEAR BUS STAND,MAIN ROAD,M.V.79,DISTT.MALKANGIRI.ODISHA 764087',1,1,'2021-09-25 13:17:29',NULL,NULL,0),
(1215,1,'PHASI','SBIN0017538','761002541','PHASI,VIA KODALA,DISTT.GANJAM.ODISHA 761032',1,1,'2021-09-25 13:17:29',NULL,NULL,0),
(1216,1,'MOHUPADAR','SBIN0017539','761002542','MOHUPADAR,VIA SHERAGADA,DISTT.GANJAM.ODISHA 761106',1,1,'2021-09-25 13:17:29',NULL,NULL,0),
(1217,1,'GADISESHKHAL BRANCH','SBIN0017540','765002523','AT BY PO GADISESHKHAL,BLOCK BY TAHASIL KOLONARA,VIA RIBALKANA,DISTT.RAYAGADA.ODISHA 765017',1,1,'2021-09-25 13:17:29',NULL,NULL,0),
(1218,1,'ANKOLA','SBIN0017541','752002540','VILL ANKOLA,PO ANKOLA CHATI,VIA BALUGAON,DISTT.KHURDA,ODISHA 752030',1,1,'2021-09-25 13:17:29',NULL,NULL,0),
(1219,1,'SAGARGAON','SBIN0017542','752002538','VILLAGE AND POST SAGARGAON,VIA BOLAGARH,DISTT.KHURDA.ODISHA 752066',1,1,'2021-09-25 13:17:29',NULL,NULL,0),
(1220,1,'SARIGANDA','SBIN0017543','752002537','VILL SARIGANDA,PO NELUGUDA,VIA DASAPALLA,DISTT.NAYAGARH.ODISHA 752084',1,1,'2021-09-25 13:17:29',NULL,NULL,0),
(1221,1,'GUALI','SBIN0017544','758002521','AT BY P.O.GUALI,VIA BARBIL,DISTT.KEONJHAR.ODISHA 758035',1,1,'2021-09-25 13:17:29',NULL,NULL,0),
(1222,1,'DALKI','SBIN0017545','770002538','C BY O BLOCK OFFICE,DALKI,VIA KUTRA,DISTT SUNDERGARH ODISHA 770033',1,1,'2021-09-25 13:17:29',NULL,NULL,0),
(1223,1,'DEOGAON','SBIN0017546','767002530','AT BY PO DEOGAON,DISTT.BOLANGIR.ODISHA 767029',1,1,'2021-09-25 13:17:29',NULL,NULL,0),
(1224,1,'MANUPALI','SBIN0017547','762002538','AT BY PO MANUPALI,VIA BAUNSUNI,DISTT.BOUDH.ODISHA 762015',1,1,'2021-09-25 13:17:29',NULL,NULL,0),
(1225,1,'BUGBUGA','SBIN0017548','768002562','AT BY PO BUGBUGA,VIA ATTABIRA,DISTT.BARGARH.ODISHA 768027',1,1,'2021-09-25 13:17:29',NULL,NULL,0),
(1226,1,'PHIRINGIMAL','SBIN0017549','768002563','AT BY PO PHIRINGIMAL,VIA GAISILET,DISTT.BARGARH.ODISHA 768037',1,1,'2021-09-25 13:17:29',NULL,NULL,0),
(1227,1,'NATIONAL LAW UNIVERSITY CAMPUS','SBIN0017678','753002034','NATIONAL LAW UNIVERSITY CAMPUS,SECTOR 13,CDA,MARKATANAGAR,DISTT.CUTTAK.ODISHA 753013',1,1,'2021-09-25 13:17:29',NULL,NULL,0),
(1228,1,'BAJRAKABATI ROAD CTC','SBIN0017679','753002032','STOWER MAHATAB ROAD IN FRONT OF BASANTI HOTEL DISTT CUTTACK ODISHA753001',1,1,'2021-09-25 13:17:29',NULL,NULL,0),
(1229,1,'SOUBHAGYANAGAR','SBIN0017680','751002071','PLOT NO.36,SOUBHAGYANAGAR,SBI COLONY,SIRIPUR,BARAMUNDA,DISTT.KHURDA.ODISHA 751003',1,1,'2021-09-25 13:17:29',NULL,NULL,0),
(1230,1,'PBB BERHAMPUR','SBIN0017681','760002020','FIRST FLOOR ANU TOWER RAMALINGAM TANK ROAD BERHAMPUR DISTTGANJAM ODISHA760001',1,1,'2021-09-25 13:17:29',NULL,NULL,0),
(1231,1,'TURUMUNGA','SBIN0017702','758002522','AT BY P.O.TURUMUNGA,DISTT.KEONJHAR.ODISHA 758046',1,1,'2021-09-25 13:17:29',NULL,NULL,0),
(1232,1,'SASON','SBIN0017703','768002566','AT BY PO SASON,DISTT.SAMBALPUR,ODISHA 768200',1,1,'2021-09-25 13:17:29',NULL,NULL,0),
(1233,1,'HUMA','SBIN0017704','761002543','MAIN ROAD,HUMA,DISTT.GANJAM.ODISHA 761027',1,1,'2021-09-25 13:17:29',NULL,NULL,0),
(1234,1,'AMBADALA BRANCH','SBIN0017705','765002524','AT BY PO AMBODALA,BLOCK BY TAHASIL MUNIGUDA,VIA MUNIGUDA,DISTT.RAYAGADA.ODISHA 765002',1,1,'2021-09-25 13:17:29',NULL,NULL,0),
(1235,1,'UDITNAGAR BAZAR BRANCH ROURKELA','SBIN0017768',NULL,'AT SUMITRA HEIGHTS,1ST FLOOR,KACHERY ROAD,UDITNAGAR,ROURKELA,DISTT.SUNDARGARH.ODISHA 769012',1,1,'2021-09-25 13:17:29',NULL,NULL,0),
(1236,1,'GIET GUNUPUR BRANCH','SBIN0017769','765002525','AT BY PO GIET GUNUPUR BRANCH,BLOCK BY TAHASIL GUNUPUR,DISTT.RAYAGADA.ODISHA 765022',1,1,'2021-09-25 13:17:29',NULL,NULL,0),
(1237,1,'SARDAR RAJAS MEDICAL COLLEGE','SBIN0017770','766002546','S R MEDICAL COLLEGE CAMPUS,JARING,PO NANDOL,DISTT.KALAHANDI.ODISHA 766002',1,1,'2021-09-25 13:17:29',NULL,NULL,0),
(1238,1,'SITHALO','SBIN0017771','754002554','AT BY PO SITHALO,PS.NIALI,DISTT.CUTTACK.ODISHA 754294',1,1,'2021-09-25 13:17:29',NULL,NULL,0),
(1239,1,'NEMALA','SBIN0017772','754002555','PADMABANAPITHA,B.N.R.G.SEVA KENDRA,NEMALA G.P.AT BY PO NEMALA,DISTT.CUTTACK.ODISHA 754293',1,1,'2021-09-25 13:17:29',NULL,NULL,0),
(1240,1,'SARADEIPUR JIRAL','SBIN0017773','759002531','PLOT NO 3361,JIRAL VILLAGE COMMITTEE,AT BY PO JIRAL,DISTT.DHENKANAL.ODISHA 759023',1,1,'2021-09-25 13:17:29',NULL,NULL,0),
(1241,1,'SATAPADA','SBIN0017774','752002541','AT SATAPADA,PO SATAPADA,DISTT.PURI.ODISHA 752011',1,1,'2021-09-25 13:17:29',NULL,NULL,0),
(1242,1,'NIZAGARH HINDOL','SBIN0017775','759002530','BIBHUTI COMPLEX,IN FRONT OF BUS STAND,AT BY PO HINDOL,DISTT.DHENKANAL.ODISHA 759022',1,1,'2021-09-25 13:17:29',NULL,NULL,0),
(1243,1,'SANDAPASIPATNA GONDIA','SBIN0017776','759002532','JANAKI MARKET,IST FLOOR,DHENKANAL MANDAR ROAD,GONDIA,AT BY PO GONDIA,DISTT.DHENKANAL.ODISHA 759016',1,1,'2021-09-25 13:17:29',NULL,NULL,0),
(1244,1,'DIMIRMUNDA KISHORENAGAR','SBIN0017777','759002533','AT BY PO KISHORENAGAR,ANGUL,DISTT.ANGUL.ODISHA 759126',1,1,'2021-09-25 13:17:29',NULL,NULL,0),
(1245,1,'BHABINIPUR','SBIN0017778','760002516','BHABINIPUR,BERHAMPUR,DISTT.GANJAM.ODISHA 760004',1,1,'2021-09-25 13:17:29',NULL,NULL,0),
(1246,1,'THEMRA','SBIN0017779','768002565','AT BHARAT NIRMAN RAJIV GANDHI SEVA KENDRA,AT BY PO THEMRA,PS SADAR,DISTT.SAMBALPUR.ODISHA 768005',1,1,'2021-09-25 13:17:29',NULL,NULL,0),
(1247,1,'GOTHAPATNA, BRANCH','SBIN0017941','751002075','GOTHAPATNA PO BARMUNDA DELTA DISTTKHURDA ODISHA751003',1,1,'2021-09-25 13:17:29',NULL,NULL,0),
(1248,1,'TANKAPANI ROAD','SBIN0017942','751002077','AT TANKAPANI ROAD POBARAGARH BRIT DISTTKHURDA ODISHA751018',1,1,'2021-09-25 13:17:29',NULL,NULL,0),
(1249,1,'PALASPALLI BRANCH','SBIN0017943','751002078','PLOT NOA20 PALASPALLI BRANCH POAIRFIELD DISTTKHURDA ODISHA751020',1,1,'2021-09-25 13:17:29',NULL,NULL,0),
(1250,1,'KESHURA','SBIN0017944','751002072','ATPO KESHURA PS SAHIDNAGAR DISTTKHURDA ODISHA751002',1,1,'2021-09-25 13:17:29',NULL,NULL,0),
(1251,1,'CHOUDWAR','SBIN0017945','753002035','ATLORDS TOWER KAPALESWARA PO CHOUDWAR CUTTAK DISTTCUTTACK ODISHA754071',1,1,'2021-09-25 13:17:29',NULL,NULL,0),
(1252,1,'TELENGAPENTHA','SBIN0017946','754002556','ATPOTELENGAPENTHA CUTTACK DISTTCUTTAK ODISHA753051',1,1,'2021-09-25 13:17:29',NULL,NULL,0),
(1253,1,'ATHGARH BAZAR','SBIN0017947','754002603','ATNAC MARKET COMPLEX OLD BUSTAND CUTTACK NARSINGHPUR ROAD ATHAGARH CUTTAKODISHA754029',1,1,'2021-09-25 13:17:29',NULL,NULL,0),
(1254,1,'PATIA','SBIN0017948','751002079','NEAR TRISHNA FILLING STATION (NANDAN KANAN ROAD) PATIA DISTTKHURDA ODISHA751024',1,1,'2021-09-25 13:17:29',NULL,NULL,0),
(1255,1,'GANDHI ENGINEERING COLLEGE CAMPUS','SBIN0017949','751002080','AT BADARAGHUNATHPUR PO MADANPUR VIA JANLA DISTT.KHURDA ODISHA 752054',1,1,'2021-09-25 13:17:29',NULL,NULL,0),
(1256,1,'RAGHUNATHPUR','SBIN0017950','751002073','ATPORAGHUNATHPUR PSNANDANKANAN DISTTKHURDA ODISHA754005',1,1,'2021-09-25 13:17:29',NULL,NULL,0),
(1257,1,'ATHAL','SBIN0017951','751002074','ATATALPANCHAMUKHI GREENS POBALIANTA DISTTKHURDA ODISHA752101',1,1,'2021-09-25 13:17:29',NULL,NULL,0),
(1258,1,'KOSALA','SBIN0017952','759002534','PLOT NO5929 ATCHANDAN NAGAR POKOSALA DISTTANGUL ODISHA759130',1,1,'2021-09-25 13:17:29',NULL,NULL,0),
(1259,1,'BADA TRIBIDA','SBIN0017953','759002535','BADA TRIBIDAPOSTBADA TRIBIDA DISTT ANGUL ODISHA759122',1,1,'2021-09-25 13:17:29',NULL,NULL,0),
(1260,1,'KUMUSI','SBIN0017954','759002536','PLOT NO8028 ATPOKUMUSIDISTTDHENKANAL ODISHA759019',1,1,'2021-09-25 13:17:29',NULL,NULL,0),
(1261,1,'DIHADOL','SBIN0017955','759002537','PLOT NO12 ATDIHADOL POPARJANG DISTTDHENKANAL ODISHA759120',1,1,'2021-09-25 13:17:29',NULL,NULL,0),
(1262,1,'BIRASAL','SBIN0017956','759002538','RAJIV GANDHI SEVA KENDRA ATPOBIRASAL DISTTDHENKANAL ODISHA759039',1,1,'2021-09-25 13:17:29',NULL,NULL,0),
(1263,1,'TALCHER BAZAR','SBIN0017957','759002205','ATSHARMA CHHAK POTALCHER DISTTANGUL ODISHA759100',1,1,'2021-09-25 13:17:29',NULL,NULL,0),
(1264,1,'BALIAPAL','SBIN0017958','756002545','ATPOBALIAPAL DISTTBALASORE ODISHA756026',1,1,'2021-09-25 13:17:29',NULL,NULL,0),
(1265,1,'KHELAR','SBIN0017959','752002542','AT AND POSTKHELAR DISTTPURI ODISHA752114',1,1,'2021-09-25 13:17:29',NULL,NULL,0),
(1266,1,'MEDICAL COLLEGE CAMPUS BARIPADA','SBIN0017960','757002006','AT RANGAMATIA POSTSANKHABHANGA VIA LAXMIPOSI DISTTMAYURBHANJ ODISHA757107',1,1,'2021-09-25 13:17:29',NULL,NULL,0),
(1267,1,'HARICHANDANPUR','SBIN0017961','758002523','ATPOHARICHANDANPUR KEONJHAR DISTTKEONJHAR ODISHA758028',1,1,'2021-09-25 13:17:29',NULL,NULL,0),
(1268,1,'MANESWAR','SBIN0017962','768002567','ATPOMANESWAR DISTTSAMBALPUR ODISHA768005',1,1,'2021-09-25 13:17:29',NULL,NULL,0),
(1269,1,'GOSHALA','SBIN0017963','768002568','ATBAIJAMUNDA POKALAMATI DISTTSAMBALPUR ODISHA768025',1,1,'2021-09-25 13:17:29',NULL,NULL,0),
(1270,1,'KINJIREKELA','SBIN0017964','770002541','ATPOKANJIREKELA VIABALISANKARA DISTTSUNDARGARH ODISHA770015',1,1,'2021-09-25 13:17:29',NULL,NULL,0),
(1271,1,'DHARUADIHI','SBIN0017965','770002542','ATPO DHARUADIHI DISTTSUNDARGARH ODISHA770022',1,1,'2021-09-25 13:17:29',NULL,NULL,0),
(1272,1,'KHAMESWARIPALI','SBIN0017966','767002531','AT KHAMESWARIPALI DISTT SONEPUR ODISHA767017',1,1,'2021-09-25 13:17:29',NULL,NULL,0),
(1273,1,'LATHORE','SBIN0017967','767002532','LATHOR DISTTBOLANGIR ODISHA767038',1,1,'2021-09-25 13:17:29',NULL,NULL,0),
(1274,1,'KADOBAHAL','SBIN0017968','768002569','ATPO KADOBAHAL VIAGODBHOGA DISTTBARGARH ODISHA768102',1,1,'2021-09-25 13:17:29',NULL,NULL,0),
(1275,1,'BUDHAPAL','SBIN0017969','768002570','ATPO BUDHAPAL DISTTDEOGARH ODISHA768109',1,1,'2021-09-25 13:17:29',NULL,NULL,0),
(1276,1,'DASMANTHPUR','SBIN0017970','764002529','BLOCK OFFICE COMPLEX DASMANTHPUR DISTTKORAPUT ODISHA764028',1,1,'2021-09-25 13:17:29',NULL,NULL,0),
(1277,1,'KHAIRPUT','SBIN0017971','764002530','BLOCK CONFERENCE HALL MAIN ROAD KHAIRPUT DISTTMALKANGIRI ODISHA764043',1,1,'2021-09-25 13:17:29',NULL,NULL,0),
(1278,1,'GOPALPUR-ON-SEA','SBIN0017972','761002402','GOPALPURONSEA MAIN ROAD GOPALPURONSEA DISTTGANJAM ODISHA761002',1,1,'2021-09-25 13:17:29',NULL,NULL,0),
(1279,1,'BALIGUDA BAZAR','SBIN0017973','762002539','BALIGUDA BAZAR MARKET CHHACK SQUARE BALIGUDA DISTTKANDHAMAL ODISHA762103',1,1,'2021-09-25 13:17:29',NULL,NULL,0),
(1280,1,'BADAGADA, SURADA','SBIN0017974','761002544','HIGH SCHOOL ROAD BADAGADA DISTTGANJAM ODISHA761109',1,1,'2021-09-25 13:17:29',NULL,NULL,0),
(1281,1,'PASTIGUDI','SBIN0017975','766002547','AT POSTPASTIGUDI DISTTKALAHANDI ODISHA766011',1,1,'2021-09-25 13:17:29',NULL,NULL,0),
(1282,1,'JAIPATNA BAZAR','SBIN0017976','766002548','ATJAIPATNA POSTJAIPATNA DISTT.KALAHANDI. ODISHA766018',1,1,'2021-09-25 13:17:29',NULL,NULL,0),
(1283,1,'DASIGAON','SBIN0017977','766002549','ATPOST DASIGAON DISTT KALAHANDI ODISHA766013',1,1,'2021-09-25 13:17:29',NULL,NULL,0),
(1284,1,'KOMATALAPETA BRANCH','SBIN0017978','765002526','HANUMANNAGAR1ST LINE ATPOKOMATALAPETA DISTTRAYAGADA ODISHA765013',1,1,'2021-09-25 13:17:29',NULL,NULL,0),
(1285,1,'UACTIKIRI','SBIN0017979','765002528','UTKALALUMINACAMPUSDORAGUDADISTTRAYAGADA765015ODISHA',1,1,'2021-09-25 13:17:29',NULL,NULL,0),
(1286,1,'NISER CAMPUS','SBIN0018242','751002081','NISER CAMPUS, SCHOOL OF CHEMICAL SCIENCES, JATNI, DIST KHURDA, ORISSA 752050',1,1,'2021-09-25 13:17:29',NULL,NULL,0),
(1287,1,'INDIC CAMPUS','SBIN0018243','751002082','AT-INDIC CAMPUS INDIC HEIGHTS, PO MUKTAPUR, DISTT.KHURDA, ODISHA-752055',1,1,'2021-09-25 13:17:29',NULL,NULL,0),
(1288,1,'RBO, JAGATSINGHPUR','SBIN0018296','753002505','REGIONAL BUSINESS OFFICE, JAGATSINGHPUR, REGION-V, PLOT NO. 98-432 MADHUPATNA, DIST.CUTTACK, ORISSA-753010',1,1,'2021-09-25 13:17:29',NULL,NULL,0),
(1289,1,'RBO, JHARSUGUDA','SBIN0018297','768002571','REGIONALBUSINESSOFFICE,REGIONI,MAINROAD,JHARSUGUDA,DISTT.JHARSUGUDA,ODISHA768201',1,1,'2021-09-25 13:17:29',NULL,NULL,0),
(1290,1,'RBO, BERHAMPUR-II','SBIN0018298','760002517','RBO,BERHAMPURII,REGIONVI,BRAHMANAGAR,2NDLANE,BERHAMPUR,DIST.GANJAM,ORISSA760001',1,1,'2021-09-25 13:17:29',NULL,NULL,0),
(1291,1,'KALINGA VIHAR','SBIN0018383','751002083','KALINGA VIHAR , DIST.KHURDA, ORISSA-751019',1,1,'2021-09-25 13:17:29',NULL,NULL,0),
(1292,1,'MADHUSUDAN NAGAR','SBIN0018384','751002084','MADHUSUDAN NAGAR, PLOT NO-10, BHOUMANAGAR, DISTT.KHURDA, ODISHA-751001',1,1,'2021-09-25 13:17:29',NULL,NULL,0),
(1293,1,'GGP COLONY','SBIN0018386','751002088','JAGANNATH NAGAR, POST-RASULGARH, BHUBANESWAR, DIST.KHURDA, ORISSA-751010',1,1,'2021-09-25 13:17:29',NULL,NULL,0),
(1294,1,'SECTOR SIX, ROURKELA','SBIN0018389','769002028','ROURKELA, DIST. SUNDARGARH, ORISSA-769002',1,1,'2021-09-25 13:17:29',NULL,NULL,0),
(1295,1,'SARB, BHADRAK','SBIN0018397','756002547','MASTERBABU COMPLEX, CHHAPULIA, BYPASS ROAD, BHADRAK, DISTT.BHADRAK. ODISHA-756100',1,1,'2021-09-25 13:17:29',NULL,NULL,0),
(1296,1,'SARB, SAMBALPUR','SBIN0018398','768002016','ADMIN UNIT, HUSSAIN HOUSE, NEAR MADANAWATI PUBLIC SCHOOL, AINTHAPALI,SAMBALPUR, ORISSA-768 004',1,1,'2021-09-25 13:17:29',NULL,NULL,0),
(1297,1,'PURUSOTTAMPUR BAZAR','SBIN0018463','761002545','PURUSOTTAMPUR BAZAR, MAIN ROAD, NEAR OLD BUSTAND, PURUSHOTTAMPUR, DIST.GANJAM, ORISSA-761018',1,1,'2021-09-25 13:17:29',NULL,NULL,0),
(1298,1,'GUMADERA','SBIN0018464','768002578','SUPER MARKET, LAIKERA, POST-LIKERA, DIST.JHARSUGUDA, ODISHA-7682015',1,1,'2021-09-25 13:17:29',NULL,NULL,0),
(1299,1,'BAZAR BRANCH, BRAJARAJNAGAR','SBIN0018465','768002405','KRISHNA BAZAR, GROUND FLOOR, BRAJRAJNAGAR, DIST.JHARSUGUDA, ORISSA-7682016',1,1,'2021-09-25 13:17:29',NULL,NULL,0),
(1300,1,'THAKURMUNDA','SBIN0018466','757002528','THAKURMUNDA, DISTT.MAYURBHANJ. ODISHA-757038',1,1,'2021-09-25 13:17:29',NULL,NULL,0),
(1301,1,'NAKTIDEUL','SBIN0018467','768002574','BLOCK DEVELOPMENT OFFICE PREMISES,NAKTIDEUL,RAIRAKHOL, DISTT.SAMBALPUR.ODISHA-768118',1,1,'2021-09-25 13:17:29',NULL,NULL,0),
(1302,1,'UCHKAPAT','SBIN0018468','768002575','RAJIV GANDHI SEVA KENDRA, POST-UCHKAPAT, VIA-BAMRA, DIST. SAMBALPUR, ORISSA-768221',1,1,'2021-09-25 13:17:29',NULL,NULL,0),
(1303,1,'DUMERJORE','SBIN0018469','770002544','DUMERJORE, GRAM PANCHAYAT OFFICE, PO DUMERJORE, DISTT.SUNDARGARH. ODISHA-770034',1,1,'2021-09-25 13:17:29',NULL,NULL,0),
(1304,1,'MURIBAHAL','SBIN0018470','767002534','MURIBAHAL, GRAM PANCHAYAT OFFICE, PO MURIBAHAL, DISTT BOLANGIR.ODISHA-767037',1,1,'2021-09-25 13:17:29',NULL,NULL,0),
(1305,1,'BELTUKRI','SBIN0018471','766002550','BELTUKURI GRAM PANCHAYAT OFFICE, PO BELTUKURI, DISTTNAWAPARA. ORISSA-766105',1,1,'2021-09-25 13:17:29',NULL,NULL,0),
(1306,1,'PAPANGA','SBIN0018472','768002573','POST-PAPANGA, DIST.BARGARH, ORISSA- 768104',1,1,'2021-09-25 13:17:29',NULL,NULL,0),
(1307,1,'KIANG SALIMI','SBIN0018473','764002531','RAJIV GANDHI SEVA KENDRA,POST- KIANG, VIA- MATHELI, DIST.MALKANGIRI, ORISSA-764044',1,1,'2021-09-25 13:17:29',NULL,NULL,0),
(1308,1,'ADAMUNDA, MALKANGIRI','SBIN0018474','764002532','RAJIV GANDHI SEVA KENDRA,ADAMUNDA MALKANGIRI, DIST. KORAPUT,ORISSA-764021',1,1,'2021-09-25 13:17:29',NULL,NULL,0),
(1309,1,'GOLONTHARA','SBIN0018475','761002546','GOLONTHARA, MAIN ROAD, GOLANTHARA CHATI, DIST.GANJAM, ORISSA-761008',1,1,'2021-09-25 13:17:29',NULL,NULL,0),
(1310,1,'BALIPADA','SBIN0018476','761002547','MAIN ROAD, NEAR BALIPADA CHHAKA, BALIPADA, DISTT.GANJAM. ODISHA-761054',1,1,'2021-09-25 13:17:29',NULL,NULL,0),
(1311,1,'RAYAGADA GAJAPATI','SBIN0018477','761002550','MAIN ROAD, RAYAGADA, DIST. GAJAPATI, ORISSA-761213',1,1,'2021-09-25 13:17:29',NULL,NULL,0),
(1312,1,'GARABANDHA','SBIN0018478','761002551','MAIN ROAD, GARABANDHA, IN FRONT OF POLICE STATION, DIST. GAJAPATI, ORISSA-761215',1,1,'2021-09-25 13:17:29',NULL,NULL,0),
(1313,1,'GHESS','SBIN0018479','768002572','ADMINISTRATIVE UNIT, HUSSAIN HOUSE, NEAR MADANAWATI PUBLIC SCHOOL, AINTHAPALI, SAMBALPUR.',1,1,'2021-09-25 13:17:29',NULL,NULL,0),
(1314,1,'TULASIPUR','SBIN0018480','754002560','BHARAT NIRMAN RAJIV GANDHI SEVA KENDRA,TULASIPUR,VIA-BANKI, DIST.CUTTACK, ORISSA-754008',1,1,'2021-09-25 13:17:29',NULL,NULL,0),
(1315,1,'NACHUNI','SBIN0018482','752002544','NACHUNI, DISTT.KHORDA. ORISSA-752034',1,1,'2021-09-25 13:17:29',NULL,NULL,0),
(1316,1,'LAIKERA','SBIN0018484','768002577','SUPER MARKET, LAIKERA, DIST.JHARSUGUDA, ORISSA-768215',1,1,'2021-09-25 13:17:29',NULL,NULL,0),
(1317,1,'PANCHGAON','SBIN0018485','768002576','AT BHARAT NIRMAN RAJIB SEVA KENDRA, PO PANCHGAON, BLOCK LAKHANPUR, JHARSUGUDA. ODISHA-768226',1,1,'2021-09-25 13:17:29',NULL,NULL,0),
(1318,1,'SAHARPARA','SBIN0018487','758002525','SAHARPARA,DISTT.KEONJHAR. ORISSA-758016',1,1,'2021-09-25 13:17:29',NULL,NULL,0),
(1319,1,'KHAIRA','SBIN0018488','756002546','AT AND POST-KHAIRA, DIST.BALASORE, ORISSA-756048',1,1,'2021-09-25 13:17:29',NULL,NULL,0),
(1320,1,'GOLARHAT','SBIN0018489','754002558','AT GOLARHAT, PO DERABIS, BLOCK DERABIS,DISTT.KENDRAPARA. ODISHA-754289',1,1,'2021-09-25 13:17:29',NULL,NULL,0),
(1321,1,'TRISULIA','SBIN0018490','754002559','NARANPUR, BELAGACHIA,BARANGA, DIST.CUTTACK, ORISSA-754005',1,1,'2021-09-25 13:17:29',NULL,NULL,0),
(1322,1,'KESHPUR','SBIN0018491','761002549','KESHPUR, MAIN ROAD, OPP. VEGETABLE MARKET, DIST.GANJAM, ORISSA-761029',1,1,'2021-09-25 13:17:29',NULL,NULL,0),
(1323,1,'KULAHADA','SBIN0018492','761002548','KULAHADA, MAIN ROAD, VIA-BHANJANAGAR, DISTT.GANJAM. ODISHA-761131',1,1,'2021-09-25 13:17:29',NULL,NULL,0),
(1324,1,'BIRKERA','SBIN0018493','770002543','BIRKERA GRAM PANCHAYAT OFFICE, POST. RANTO BIRKERA, DIST.SUNDARGARH, ORISSA-770037',1,1,'2021-09-25 13:17:29',NULL,NULL,0),
(1325,1,'NAYAHAT','SBIN0018535','752002543','NAYAHAT,VIA NIMAPARA, DISTT.PURI ODISHA-752107',1,1,'2021-09-25 13:17:29',NULL,NULL,0),
(1326,1,'JAMAPARA','SBIN0018801','754002564','JAMAPARA GRAM PANCHAYAT,AT-PO-JAMAPARA,DISTT.KENDRAPARA.ODISHA-754244',1,1,'2021-09-25 13:17:29',NULL,NULL,0),
(1327,1,'RUPSA','SBIN0018965','756002549','PO RUPSA DISTT BALESHWAR ODISHA-756028',1,1,'2021-09-25 13:17:29',NULL,NULL,0),
(1328,1,'SBIINTOUCH, BERHAMPUR','SBIN0019107','760002021','SUBASH PATI TOWER, ZANANA HOSPITAL ROAD, BERHAMPUR, DIST.GANJAM, ORISSA-760001',1,1,'2021-09-25 13:17:29',NULL,NULL,0),
(1329,1,'SBIINTOUCH BALASORE','SBIN0019108','756002548','NEAR POLICE LINE SQUARE, O.T.ROAD, BALASORE, DISTT.BALASORE. ODISHA-756001',1,1,'2021-09-25 13:17:29',NULL,NULL,0),
(1330,1,'SBIINTOUCH LITE, INFOCITY','SBIN0019138','751002516','NORTH VIEW, INFOCITY ROAD, PATIA, OPPOSITE CEB BHUBANESWAR, DIST.KHURDA, ORISSA-751024',1,1,'2021-09-25 13:17:29',NULL,NULL,0),
(1331,1,'SBIINTOUCH GE ROAD RAIPUR','SBIN0019150','492002057','GROUND FLOOR, NATIONAL CORPORATE PARK, GE ROAD,RAIPUR. CHHATISGARH-492001',1,1,'2021-09-25 13:17:29',NULL,NULL,0),
(1332,1,'SBIINTOUCH JANPATH','SBIN0019203','751002086','GROUND FLOOR BLOCK IV, OCHC COMPLEX, UNIT-III, KHARVELA NAGAR, KHORDHA, DISTT.KHORDHA. ORISSA-751001',1,1,'2021-09-25 13:17:29',NULL,NULL,0),
(1333,1,'SBIINTOUCH, ANGUL','SBIN0019223','759002108','PLOT NO-1448-2527, SANKAR CINEMA ROAD, ANGUL, DISTT.ANGUL. ODISHA-759122',1,1,'2021-09-25 13:17:29',NULL,NULL,0),
(1334,1,'SBIINTOUCH ROURKELA','SBIN0019224','769002029','TULASI COMPLEX, OPP TO AMRIT GANGA, PANPOSH ROAD, ROURKELA, DIST. SUNDARGARH, ORISSA- 769004',1,1,'2021-09-25 13:17:29',NULL,NULL,0),
(1335,1,'SBIINTOUCH SAMBALPUR','SBIN0019233','768002017','NEAR CHURCH CHOWK, FATAK, BUDHARAJA, SAMBALPUR, DIST.SAMBALPUR, ORISSA-768004',1,1,'2021-09-25 13:17:29',NULL,NULL,0),
(1336,1,'SBIINTOUCHCUTTACK','SBIN0019251','753002042','NEAR BUCKLY GIRLS HIGH SCHOOLMISSION ROADCUTTACK DISTT CUTTACK ODISHA753001',1,1,'2021-09-25 13:17:29',NULL,NULL,0),
(1337,1,'MAIN BR','SBIN0020549','751002099','6SHDNGRBHUBNESWRDSTPUR',1,1,'2021-09-25 13:17:29',NULL,NULL,0),
(1338,1,'BERHAMPUR','SBIN0020602','760002023','EPDII J',1,1,'2021-09-25 13:17:29',NULL,NULL,0),
(1339,1,'BIJUPATNAIK CHOWK','SBIN0020722','753002040','LTN68TULSIURBIJUATNAIKCHWKCUTTACK',1,1,'2021-09-25 13:17:29',NULL,NULL,0),
(1340,1,'GADA GOPINATH PRASAD','SBIN0020724','751002101','1JOIMOORSNEAROVERBRIDGEJHARAPADACUACKROADBHUBANESHWAR',1,1,'2021-09-25 13:17:29',NULL,NULL,0),
(1341,1,'JAGAMARA','SBIN0020725','751002095','LTN287JAGAMARABHUBANESHWARURIDIST',1,1,'2021-09-25 13:17:29',NULL,NULL,0),
(1342,1,'BADAMBADI','SBIN0021068',NULL,'AAA',1,1,'2021-09-25 13:17:29',NULL,NULL,0),
(1343,1,'CHANDRASEKHARPUR','SBIN0021187','751002100','N31IFLRHBPHASE1UNIT41CHANRASEKHARPURBHUBANESWAR',1,1,'2021-09-25 13:17:29',NULL,NULL,0),
(1344,1,'RAJMAHAL SQUARE','SBIN0021194','751002102','LTN7ASHKNAGARRAJMAHALSQUAREBHUBANESWAR',1,1,'2021-09-25 13:17:29',NULL,NULL,0),
(1345,1,'ANGUL','SBIN0021195',NULL,'SARALIA BHAVAN GANDHI ROADANGUL',1,1,'2021-09-25 13:17:29',NULL,NULL,0),
(1346,1,'BHOLA','SBIN0021853',NULL,'CHANDAKA MEADOWSPLOT NO 510512BHOLACHANDAKABHUBANESWAR',1,1,'2021-09-25 13:17:29',NULL,NULL,0),
(1347,1,'SIJUA   BHUBANESWAR','SBIN0021887',NULL,'DOON INTERNATIONAL SCHOOL CAMPUS NEAR AIIMS SIJUAPATRAPADA BHUBANESWAR',1,1,'2021-09-25 13:17:29',NULL,NULL,0),
(1348,1,'LINGIPUR','SBIN0021889',NULL,'PLOT NO 120 7863NEAR JANANI HOSPITALLINGIPURSISHUPALGARHBHUBANESWAR',1,1,'2021-09-25 13:17:29',NULL,NULL,0),
(1349,1,'PURI','SBIN0021890','752002009','LTN3371STFLRRESERVEOLICELINEUPSTAIROFHEROSHOWROOMVIROADURI',1,1,'2021-09-25 13:17:29',NULL,NULL,0),
(1350,1,'UTTARA','SBIN0021893','751002098','LTVIROSKUSYGNGDISURI',1,1,'2021-09-25 13:17:29',NULL,NULL,0),
(1351,1,'KANKADAPAL','SBIN0022027','759002540','AIADISEAKEDAPACAYATOFFICE',1,1,'2021-09-25 13:17:29',NULL,NULL,0),
(1352,1,'CUTTACK','SBIN0031537',NULL,'BAJRAKABATI ROAD, CUTTUCK 753001',1,1,'2021-09-25 13:17:29',NULL,NULL,0),
(1353,1,'BERHAMPUR','SBIN0031754',NULL,'BRAHANAGARSQUARE,NEWBUSSTANDROAD,BERHAMPUR 760001',1,1,'2021-09-25 13:17:29',NULL,NULL,0),
(1354,1,'BHUBANESWAR','SBIN0031864','751002089','OCHC COMPLEX,NEAR RAM MANDIR,JANPATH,BHUBANESWAR 750001',1,1,'2021-09-25 13:17:29',NULL,NULL,0),
(1355,1,'BALASORE','SBIN0032412',NULL,'FM GOLAI BHASKARGANJ,DIST BALASORE,ODISHA,PIN 756001',1,1,'2021-09-25 13:17:29',NULL,NULL,0),
(1356,1,'CHANDRASEKHARPUR','SBIN0032413',NULL,'PLOT NO 306 1710 4017, PATIA SIKHARCHANDI CHHAK, NEAR BIG BAZAR, BHUBANESWAR, ODISHA 751024',1,1,'2021-09-25 13:17:29',NULL,NULL,0),
(1357,1,'BHUBANESHWAR SHAHID NAGAR BRANCH','SBIN0032625',NULL,'MAHARISHI COLLEGE ROAD,SAHID NAGAR,BHUBANESHWAR 751007',1,1,'2021-09-25 13:17:29',NULL,NULL,0),
(1358,1,'CUTTAK-SANGARPUR','SBIN0032646','754002303','BHARAT NIRMAN RAJIV GANDHI SEVA KENDRA, SANKARPUR, TANGI-CHOUDWAR, CUTTACK-754028, ODISHA',1,1,'2021-09-25 13:17:29',NULL,NULL,0),
(1359,1,'CUTTAK-NAKHARA','SBIN0032647',NULL,'NAKHARA GRAMPANCHAYAT OFFICE (GROUND FLOOR), NAKHARA, CHOUDWAR, CUTTACK-754025, ODISHA',1,1,'2021-09-25 13:17:29',NULL,NULL,0),
(1360,1,'CUTTAK-BENTAPADA','SBIN0032648','754002404','NEAR PANCHAYAT OFFICE BUILDING-BHARATIYA RAJIV GANDHI SEBA KENDRA,BENTAPADA,ATHAGARH,CUTTACK-754029,ODISHA',1,1,'2021-09-25 13:17:29',NULL,NULL,0),
(1361,1,'CUTTACK','SBIN0032660',NULL,'IEHC BUILDING, INFRONT OF BUCKLEY GIRLS HIGH SCHOOL, MISSION ROAD, CUTTACK 753001',1,1,'2021-09-25 13:17:29',NULL,NULL,0),
(1362,1,'SAMBALPUR','SBIN0032710',NULL,'944, BHAGAWATI COMPLEX, BESIDE INCOME TAX OFFICE, NH6, SAMBALPUR, ODISHA, PIN 768004',1,1,'2021-09-25 13:17:29',NULL,NULL,0),
(1363,1,'BHUBANESWAR','SBIN0040535',NULL,'IDCOL HOUSE, UNIT II, BHUBANESWAR',1,1,'2021-09-25 13:17:29',NULL,NULL,0),
(1364,1,'BAJAPUR','SBIN0041069','752002545','SAMANTRAY BUILDING AT PO BAJAPUR KHURDA DIST ORISA',1,1,'2021-09-25 13:17:29',NULL,NULL,0),
(1365,1,'CUTTACK','SBIN0041081',NULL,'PLOT NO 2406 H GROUND FLOOR H NO 117 NEAR JP DAS HEART CLINIC RANIHAT CUTTACK 753001',1,1,'2021-09-25 13:17:29',NULL,NULL,0),
(1366,1,'BHUBANESWAR','SBIN0051302','751002092','PLOT NO 220CUTTACK TOADBHUBANESWARDISTKHURDAORISSA 751006',1,1,'2021-09-25 13:17:29',NULL,NULL,0),
(1367,1,'SHAHID NAGAR, BHUBANESWAR','SBIN0060430','751002043','474 SHAHEED NAGAR MARKET,BHUBANESWAR',1,1,'2021-09-25 13:17:29',NULL,NULL,0),
(1368,1,'BJB COLLEGE','SBIN0061037','751002105','BJBAUTONOMOUSCOLLEGECAMPUS,BJBNAGAR,DISTT.KHORDHA,BHUBANESWAR.ODISHA751014',1,1,'2021-09-25 13:17:29',NULL,NULL,0),
(1369,1,'S RAMPUR','SBIN0061163','767002535','AT-PO-S RAMPUR, DIST-SUBANAPUR, ODISHA, PIN-767045',1,1,'2021-09-25 13:17:29',NULL,NULL,0),
(1370,1,'COURT AREA DHENKANAL','SBIN0061164','759002007','AT-COURT AREA, PO-DHENKANAL, DISTT.DHENKANAL, ODISHA - 759001',1,1,'2021-09-25 13:17:29',NULL,NULL,0),
(1371,1,'IIT ARGUL','SBIN0061223','751002106','IIT CAMPUS, AT-PO ARGUL, DIST KHORDA, ODISHA - 752050',1,1,'2021-09-25 13:17:29',NULL,NULL,0),
(1372,1,'PAHALA','SBIN0061269',NULL,'EDEN GARDEN, AT-PO - PAHALA, BHUBANESWAR, PS PAHALA ,DIST KHURDA 752101, ODISHA',1,1,'2021-09-25 13:17:29',NULL,NULL,0),
(1373,1,'XAVIER UNIVERSITY, NIJIGARH','SBIN0061289',NULL,'NIJIGARH, KURKI, HARIRAJPUR DIST KHURDA 752050, ODISHA',1,1,'2021-09-25 13:17:29',NULL,NULL,0),
(1374,1,'PATAPUR','SBIN0061663',NULL,'IN FRONT OF BLOCK PANCHAYAT OFFICE, AT/PO. PATAPUR, DIST.GANJAM, PIN-761013',1,1,'2021-09-25 13:17:29',NULL,NULL,0),
(1375,1,'BEGUNIAPADA','SBIN0061664',NULL,'IN FRONT OF RAJIV GANDHI SEVA KENDRA, AT/PO. BEGUNIAPADA,DIST.GANJAM,PIN-761031',1,1,'2021-09-25 13:17:29',NULL,NULL,0),
(1376,1,'JINDAL STEEL CAMPUS','SBIN0061695',NULL,'AT/PO DANAGADI, DIST JAJPUR, PIN-755026',1,1,'2021-09-25 13:17:29',NULL,NULL,0),
(1377,1,'BEGUNIA','SBIN0061696',NULL,'SBI BEGUNIA KHURDA-752062',1,1,'2021-09-25 13:17:29',NULL,NULL,0),
(1378,1,'GHATIKIA BHUBANESWAR','SBIN0061697',NULL,'PLOT NO 461LANE-K3AK-8 GHATIKIA ROAD GHATIKIA-751029',1,1,'2021-09-25 13:17:29',NULL,NULL,0),
(1379,1,'RANGA BAZAR','SBIN0061698',NULL,'RANGA BAZAR,BHUBANESWAR-752100',1,1,'2021-09-25 13:17:29',NULL,NULL,0),
(1380,1,'SANTHA KABI BHIMA BHOI MEDICAL COLLEGE','SBIN0061699',NULL,'AT - SANTHA KABI BHIMA BHOI MEDICAL COLLEGE,LALTIKRA PO-DIST - BOLANGIR-767002',1,1,'2021-09-25 13:17:29',NULL,NULL,0),
(1381,1,'CAC NAYAGARH','SBIN0061918',NULL,'NAYAGARH - 752069',1,1,'2021-09-25 13:17:29',NULL,NULL,0),
(1382,1,'CAC PURI','SBIN0061919',NULL,'SBI PURI BRANCH BUILDING-752001',1,1,'2021-09-25 13:17:29',NULL,NULL,0),
(1383,1,'CAC JAGATSINGHPUR ADB','SBIN0061920',NULL,'SBI JAGATSINGHPUR ADB BR BUILDING-754103',1,1,'2021-09-25 13:17:29',NULL,NULL,0),
(1384,1,'CAC JHARSUGUDA','SBIN0061921',NULL,'SBI JHARSUGUDA TOWN BRANCH BUILDING-768201',1,1,'2021-09-25 13:17:29',NULL,NULL,0),
(1385,1,'CAC DEOGARH','SBIN0061922',NULL,'SBI DEOGARH BR BUILDING-768108',1,1,'2021-09-25 13:17:29',NULL,NULL,0),
(1386,1,'CAC BOLANGIR','SBIN0061923',NULL,'BHAGIRATHI CHOWK,BOLANGIR-767001',1,1,'2021-09-25 13:17:29',NULL,NULL,0),
(1387,1,'CAC NAWAPARA','SBIN0061924',NULL,'SBI NUAPADA BRANCH BUILDING-766105',1,1,'2021-09-25 13:17:29',NULL,NULL,0),
(1388,1,'CAC BARGARH','SBIN0061925',NULL,'SBI BARGARH MAIN BR BUILDING-768028',1,1,'2021-09-25 13:17:29',NULL,NULL,0),
(1389,1,'CAC SONEPUR','SBIN0061926',NULL,'SBI SONEPUR BAZAR BRANCH BUILDING-767017',1,1,'2021-09-25 13:17:29',NULL,NULL,0),
(1390,1,'CAC KORAPUT','SBIN0061927',NULL,'SBI KORAPUT BRANCH BUILDING-764020',1,1,'2021-09-25 13:17:29',NULL,NULL,0),
(1391,1,'CAC NOWRANGPUR','SBIN0061928',NULL,'SBI NOWRANGPUR BRANCH PREMISES BUILDING-764059',1,1,'2021-09-25 13:17:29',NULL,NULL,0),
(1392,1,'CAC MALKANGIRI','SBIN0061929',NULL,'SBI MALKANGIRI BRANCH-764045',1,1,'2021-09-25 13:17:29',NULL,NULL,0),
(1393,1,'CAC PHULBANI','SBIN0061930',NULL,'SBI PHULBANI BRANCH-762001',1,1,'2021-09-25 13:17:29',NULL,NULL,0),
(1394,1,'CAC BOUDH','SBIN0061931',NULL,'SBI BOUDH-762003',1,1,'2021-09-25 13:17:29',NULL,NULL,0),
(1395,1,'CAC BHAWANIPATNA','SBIN0061932',NULL,'SBI BHAWANIPATNA BRANCH BLDG-766001',1,1,'2021-09-25 13:17:29',NULL,NULL,0),
(1396,1,'CAC PARLAKHEMUNDI','SBIN0061933',NULL,'SBI PARLAKHEUNDI761200',1,1,'2021-09-25 13:17:29',NULL,NULL,0),
(1397,1,'CAC RAYAGADA','SBIN0061934',NULL,'SBI RAYAGADA BRANCH BUILDING-765001',1,1,'2021-09-25 13:17:29',NULL,NULL,0),
(1398,1,'CAC ANGUL','SBIN0061935',NULL,'SBI ANGUL BRANCH BLDG-759122',1,1,'2021-09-25 13:17:29',NULL,NULL,0),
(1399,1,'CAC DHENKANAL','SBIN0061936',NULL,'SBI DHENKANAL BR BUILDING-759001',1,1,'2021-09-25 13:17:29',NULL,NULL,0),
(1400,1,'CAC TALCHER','SBIN0061937',NULL,'SBI TALCHER BR BLDG-759145',1,1,'2021-09-25 13:17:29',NULL,NULL,0),
(1401,1,'CAC KEONJHAR','SBIN0061938',NULL,'SBI KEONJHAR BRANCH BUILDING-758001',1,1,'2021-09-25 13:17:29',NULL,NULL,0),
(1402,1,'CAC BALASORE','SBIN0061939',NULL,'I A,OT ROAD,BALASORE-756001',1,1,'2021-09-25 13:17:29',NULL,NULL,0),
(1403,1,'CAC BHADRAK','SBIN0061940',NULL,'SBI BHADRAK BRANCH BUILDING-756100',1,1,'2021-09-25 13:17:29',NULL,NULL,0),
(1404,1,'CAC JAJPUR TOWN','SBIN0061941',NULL,'SBI JAJPUR TOWN BR BLDG-755001',1,1,'2021-09-25 13:17:29',NULL,NULL,0),
(1405,1,'CAC KENDRAPARA','SBIN0061942',NULL,'SBI KENDRAPARA BRANCH BR BUILDING-754211',1,1,'2021-09-25 13:17:29',NULL,NULL,0),
(1406,1,'CAC JAJPUR ROAD','SBIN0061943',NULL,'UMAPADA,JAJPUR ROAD-755019',1,1,'2021-09-25 13:17:29',NULL,NULL,0),
(1407,1,'CAC BARIPADA','SBIN0061944',NULL,'SBI BARIPADA BR BLDNG-757003',1,1,'2021-09-25 13:17:29',NULL,NULL,0),
(1408,1,'CAC KARANJIA','SBIN0061945',NULL,'SBI KARANJIA BR BLDG-757037',1,1,'2021-09-25 13:17:29',NULL,NULL,0),
(1409,1,'MAHANADI VIHAR','SBIN0062271',NULL,'PLOT NO.2,DHANRAJ COMPLEX MAHANADI VIHAR-753004',1,1,'2021-09-25 13:17:29',NULL,NULL,0),
(1410,1,'BIJNORE FIMM DSH','SBIN0063119',NULL,'SBI, FIMM DSH , VARDHMAN TOWER , KEERATPUR ROAD , BIJNOR 246731',1,1,'2021-09-25 13:17:29',NULL,NULL,0),
(1411,1,'BIJNORE  FIMM  RACC','SBIN0063149',NULL,'SBI, FIMM RACC , VARDHMAN TOWER , KEERATPUR ROAD , BIJNOR 246731',1,1,'2021-09-25 13:17:29',NULL,NULL,0),
(1412,1,'FIMM RBO KHURDA','SBIN0063341',NULL,'SBI MAIN BRANCH BUILDING, RAJPATH UNIT 1',1,1,'2021-09-25 13:17:29',NULL,NULL,0),
(1413,1,'FIMM RBO KEONJHAR','SBIN0063342',NULL,'RBO KEONJHAR BUILDING',1,1,'2021-09-25 13:17:29',NULL,NULL,0),
(1414,1,'FIMM RBO JAJPUR ROAD','SBIN0063343',NULL,'UMAPADA, JAJPUR ROAD',1,1,'2021-09-25 13:17:29',NULL,NULL,0),
(1415,1,'FIMM RBO JHARSUGUDA','SBIN0063344',NULL,'RBO JHARSUGUDA BUILDING',1,1,'2021-09-25 13:17:29',NULL,NULL,0),
(1416,1,'FIMM RBO BOLANGIR','SBIN0063345',NULL,'RBO BOLANGIR BUILDING',1,1,'2021-09-25 13:17:29',NULL,NULL,0),
(1417,1,'FIMM RBO PHULBANI','SBIN0063346',NULL,'RBO PHULBANI',1,1,'2021-09-25 13:17:29',NULL,NULL,0),
(1418,1,'FIMM RBO BHAWANIPATNA','SBIN0063347',NULL,'RBO BHAWANIPATNA BUILDING',1,1,'2021-09-25 13:17:29',NULL,NULL,0),
(1419,1,'FIMM DSH BHUBANESWAR','SBIN0063348',NULL,'SBI MAIN BRANCH BUILDING, RAJPATH UNIT 1',1,1,'2021-09-25 13:17:29',NULL,NULL,0),
(1420,1,'FIMM DSH CUTTACK','SBIN0063349',NULL,'MADHUPATNA CUTTACK',1,1,'2021-09-25 13:17:29',NULL,NULL,0),
(1421,1,'FI DSH NAYAGARH','SBIN0063350',NULL,'NAYAGARH',1,1,'2021-09-25 13:17:29',NULL,NULL,0),
(1422,1,'FI DSH JAGATSINGHPUR','SBIN0063351',NULL,'BANK STREET, PARADEEP',1,1,'2021-09-25 13:17:29',NULL,NULL,0),
(1423,1,'FIMM DSH DHENKANAL','SBIN0063352',NULL,'SBI DHENKANAL BR BUILDING',1,1,'2021-09-25 13:17:29',NULL,NULL,0),
(1424,1,'FIMM DSH BARIPADA','SBIN0063353',NULL,'NEAR TAKATPUR CHHAK,BARIPADA',1,1,'2021-09-25 13:17:29',NULL,NULL,0),
(1425,1,'FI DSH ANGUL','SBIN0063354',NULL,'SBI KANDSAR BRANCH BUILDING',1,1,'2021-09-25 13:17:29',NULL,NULL,0),
(1426,1,'FI DSH KEONJHAR','SBIN0063355',NULL,'SBI KEONJHAR BRANCH BUILDING',1,1,'2021-09-25 13:17:29',NULL,NULL,0),
(1427,1,'FIMM DSH KENDRAPARA','SBIN0063356',NULL,'SBI KENDRAPARA BRANCH BR BUILDING',1,1,'2021-09-25 13:17:29',NULL,NULL,0),
(1428,1,'FIMM DSH BALASORE','SBIN0063357',NULL,'I A, OT ROAD, BALASORE',1,1,'2021-09-25 13:17:29',NULL,NULL,0),
(1429,1,'FIMM DSH JAJPUR ROAD','SBIN0063358',NULL,'UMAPADA, JAJPUR ROAD',1,1,'2021-09-25 13:17:29',NULL,NULL,0),
(1430,1,'FIMM DSH SUNDARGARH','SBIN0063360',NULL,'SBI SUNDARGARH BR BUILDING',1,1,'2021-09-25 13:17:29',NULL,NULL,0),
(1431,1,'FIMM DSH SAMBALPUR','SBIN0063361',NULL,'AO,HUSSAIN HOUSE,SAMBALPUR',1,1,'2021-09-25 13:17:29',NULL,NULL,0),
(1432,1,'FI DSH JHARSUGUDA','SBIN0063362',NULL,'SBI JHARSUGUDA TOWN BRANCH BUILDING',1,1,'2021-09-25 13:17:29',NULL,NULL,0),
(1433,1,'FIMM DSH BARGARH','SBIN0063363',NULL,'SBI BARGARH MAINBR BUILDING',1,1,'2021-09-25 13:17:29',NULL,NULL,0),
(1434,1,'FIMM DSH BOLANGIR','SBIN0063364',NULL,'BHAGIRATHI CHOWK,BOLANGIR',1,1,'2021-09-25 13:17:29',NULL,NULL,0),
(1435,1,'FI DSH SONEPUR','SBIN0063365',NULL,'SBI SONEPUR BAZAR BRANCH BUILDING',1,1,'2021-09-25 13:17:29',NULL,NULL,0),
(1436,1,'FIMM DSH GANJAM','SBIN0063367',NULL,'SBI CHATRAPUR BR BUILDING',1,1,'2021-09-25 13:17:29',NULL,NULL,0),
(1437,1,'FIMM DSH PHULBANI','SBIN0063368',NULL,'SBI PHULBANI BRANCH',1,1,'2021-09-25 13:17:29',NULL,NULL,0),
(1438,1,'FI DSH BOUDH','SBIN0063369',NULL,'SBI BOUDH',1,1,'2021-09-25 13:17:29',NULL,NULL,0),
(1439,1,'FI DSH GAJAPATI','SBIN0063370',NULL,'SBI PARLAKHEUNDI',1,1,'2021-09-25 13:17:29',NULL,NULL,0),
(1440,1,'FIMM DSH JEYPORE','SBIN0063371',NULL,'SBI JEYPORE BRANCH BUILDING',1,1,'2021-09-25 13:17:29',NULL,NULL,0),
(1441,1,'FIMM DSH BHAWANIPATNA','SBIN0063372',NULL,'FIMM RBO BUILDING',1,1,'2021-09-25 13:17:29',NULL,NULL,0),
(1442,1,'FI DSH MALKANGIRI','SBIN0063373',NULL,'SBI MALKANGIRI BRANCH',1,1,'2021-09-25 13:17:29',NULL,NULL,0),
(1443,1,'FI DSH RAYAGADA','SBIN0063374',NULL,'SBI RAYAGADA BRANCH',1,1,'2021-09-25 13:17:29',NULL,NULL,0),
(1444,1,'FI DSH NOWRANGPUR','SBIN0063375',NULL,'SBI NOWRANGPUR BAZAR BRANCH',1,1,'2021-09-25 13:17:29',NULL,NULL,0),
(1445,1,'RACC ANGUL R AND DB','SBIN0063377',NULL,'SBI ANGUL BRANCH PREMISES BUILDING',1,1,'2021-09-25 13:17:29',NULL,NULL,0),
(1446,1,'RACC BARIPADA R AND DB','SBIN0063378',NULL,'SBI BARIPADA BRANCH PREMISES BUILDING',1,1,'2021-09-25 13:17:29',NULL,NULL,0),
(1447,1,'RACC JAGATSINGHPUR R AND DB','SBIN0063379',NULL,'SBI JAGATSINGHPUR BRANCH PREMISES BUILDING',1,1,'2021-09-25 13:17:29',NULL,NULL,0),
(1448,1,'RACC JAJPUR TOWN R AND DB','SBIN0063380',NULL,'SBI JAJPUR TOWN BRANCH',1,1,'2021-09-25 13:17:29',NULL,NULL,0),
(1449,1,'RACC KHURDA R AND DB','SBIN0063381',NULL,'SBI KHURDA BRANCH',1,1,'2021-09-25 13:17:29',NULL,NULL,0),
(1450,1,'RACC BALASORE R AND DB','SBIN0063382',NULL,'SBI BALASORE BRANCH BUILDING',1,1,'2021-09-25 13:17:29',NULL,NULL,0),
(1451,1,'RACC PURI R AND DB','SBIN0063383',NULL,'SBI PURI BRANCH BUILDING',1,1,'2021-09-25 13:17:29',NULL,NULL,0),
(1452,1,'RACC NAYAGARH FIMM','SBIN0063384',NULL,'SBI NAYAGARH BRANCH BUILDING',1,1,'2021-09-25 13:17:29',NULL,NULL,0),
(1453,1,'RACC SALEPUR FIMM','SBIN0063386',NULL,'SBI SALEPUR BRANCH PREMISES BUILDING',1,1,'2021-09-25 13:17:29',NULL,NULL,0),
(1454,1,'RACC BARIPADA FIMM','SBIN0063387',NULL,'SBI BARIPADA BRANCH PREMISES BUILDING',1,1,'2021-09-25 13:17:29',NULL,NULL,0),
(1455,1,'RACC BHADRAK FIMM','SBIN0063388',NULL,'SBI BHADRAK BRANCH PREMISES BUILDING',1,1,'2021-09-25 13:17:29',NULL,NULL,0),
(1456,1,'RACC DHENKANAL FIMM','SBIN0063389',NULL,'SBI DHENKANAL BRANCH PREMISES BUILDING',1,1,'2021-09-25 13:17:29',NULL,NULL,0),
(1457,1,'RACC JAJPUR ROAD FIMM','SBIN0063390',NULL,'SBI JAJPUR ROAD BRANCH PREMISES BUILDING',1,1,'2021-09-25 13:17:29',NULL,NULL,0),
(1458,1,'RACC KENDRAPARA FIMM','SBIN0063391',NULL,'SBI KENDRAPARA BRANCH PREMISES BUILDING',1,1,'2021-09-25 13:17:29',NULL,NULL,0),
(1459,1,'RACC KEONJHAR FIMM','SBIN0063392',NULL,'SBI KEONJHAR BRANCH PREMISES BUILDING',1,1,'2021-09-25 13:17:29',NULL,NULL,0),
(1460,1,'RACC BOLANGIR R AND DB','SBIN0063393',NULL,'SBI BARGARH BRANCH PREMISES BUILDING',1,1,'2021-09-25 13:17:29',NULL,NULL,0),
(1461,1,'RACC JHARSUGUDA R AND DB','SBIN0063394',NULL,'SBI JHARSUGUDA BRANCH PREMISES BUILDING',1,1,'2021-09-25 13:17:29',NULL,NULL,0),
(1462,1,'RACC BARGARH R AND DB','SBIN0063395',NULL,'SBI BARGARH BRANCH PREMISES BUILDING',1,1,'2021-09-25 13:17:29',NULL,NULL,0),
(1463,1,'RACC ASKA R AND DB','SBIN0063396',NULL,'SBI ASKA BRANCH BUILDING',1,1,'2021-09-25 13:17:29',NULL,NULL,0),
(1464,1,'RACC BWANIPATNA R AND DB','SBIN0063397',NULL,'SBI BHWANIPATNA BRANCH BUILDING',1,1,'2021-09-25 13:17:29',NULL,NULL,0),
(1465,1,'RACC JEYPORE R AND DB','SBIN0063398',NULL,'SBI JEYPORE BRANCH BUILDING',1,1,'2021-09-25 13:17:29',NULL,NULL,0),
(1466,1,'RACC PHULBANI R AND DB','SBIN0063399',NULL,'SBI PHULBANI BRANCH BUILDING',1,1,'2021-09-25 13:17:29',NULL,NULL,0),
(1467,1,'RACC RAYAGADA R AND DB','SBIN0063400',NULL,'SBI RAYAGADA BRANCH BUILDING',1,1,'2021-09-25 13:17:29',NULL,NULL,0),
(1468,1,'RACC BARGARH FIMM','SBIN0063401',NULL,'SBI BARGARH BRANCH PREMISES BUILDING',1,1,'2021-09-25 13:17:29',NULL,NULL,0),
(1469,1,'RACC BOLANGIR FIMM','SBIN0063402',NULL,'SBI BOLANGIR BRANCH PREMISES BUILDING',1,1,'2021-09-25 13:17:29',NULL,NULL,0),
(1470,1,'RACC BONAI FIMM','SBIN0063403',NULL,'SBI BONAI BRANCH PREMISES BUILDING',1,1,'2021-09-25 13:17:29',NULL,NULL,0),
(1471,1,'RACC KALUNGA FIMM','SBIN0063404',NULL,'SBI KALUNGA BRANCH PREMISES BUILDING',1,1,'2021-09-25 13:17:29',NULL,NULL,0),
(1472,1,'RACC KHARIAR FIMM','SBIN0063405',NULL,'SBI KHARIAR BRANCH PREMISES BUILDING',1,1,'2021-09-25 13:17:29',NULL,NULL,0),
(1473,1,'RACC KUCHINDA FIMM','SBIN0063406',NULL,'SBI KUCHINDA BRANCH PREMISES BUILDING',1,1,'2021-09-25 13:17:29',NULL,NULL,0),
(1474,1,'RACC SUNDARGARH FIMM','SBIN0063407',NULL,'SBI SUNDARGARH BRANCH PREMISES BUILDING',1,1,'2021-09-25 13:17:29',NULL,NULL,0),
(1475,1,'RACC PADAMPUR FIMM','SBIN0063408',NULL,'SBI PADAMPUR BRANCH PREMISES BUILDING',1,1,'2021-09-25 13:17:29',NULL,NULL,0),
(1476,1,'RACC BHANJANAGAR FIMM','SBIN0063409',NULL,'SBI BHANJANAGAR BRANCH PREMISES BUILDING',1,1,'2021-09-25 13:17:29',NULL,NULL,0),
(1477,1,'RACC BOUDH FIMM','SBIN0063410',NULL,'SBI BOUDH BRANCH PREMISES BUILDING',1,1,'2021-09-25 13:17:29',NULL,NULL,0),
(1478,1,'RACC GANJAM FIMM','SBIN0063411',NULL,'SBI GANJAM BRANCH PREMISES BUILDING',1,1,'2021-09-25 13:17:29',NULL,NULL,0),
(1479,1,'RACC GUNUPUR FIMM','SBIN0063412',NULL,'SBI GUNUPUR BRANCH PREMISES BUILDING',1,1,'2021-09-25 13:17:29',NULL,NULL,0),
(1480,1,'RACC NOWRANGPUR FIMM','SBIN0063414',NULL,'SBI NOWRANGPUR BRANCH PREMISES BUILDING',1,1,'2021-09-25 13:17:29',NULL,NULL,0),
(1481,1,'SME RBO BHUBANESWAR I','SBIN0063545',NULL,'SBI MAIN BRANCH BUILDING, RAJPATH UNIT 1',1,1,'2021-09-25 13:17:29',NULL,NULL,0),
(1482,1,'SME RBO BHUBANESWAR II','SBIN0063546',NULL,'SBI MAIN BRANCH BUILDING, RAJPATH UNIT 1',1,1,'2021-09-25 13:17:29',NULL,NULL,0),
(1483,1,'SME RBO SAMBALPUR','SBIN0063547',NULL,'AO,HUSSAIN HOUSE,SAMBALPUR',1,1,'2021-09-25 13:17:29',NULL,NULL,0),
(1484,1,'SME RBO BERHAMPUR','SBIN0063548',NULL,'AO BERHAMPUR',1,1,'2021-09-25 13:17:29',NULL,NULL,0),
(1485,1,'SME BHUBANESWAR','SBIN0063560',NULL,'SBI MAIN BRANCH BUILDING, RAJPATH UNIT 1',1,1,'2021-09-25 13:17:29',NULL,NULL,0),
(1486,1,'SME ASKA','SBIN0063561',NULL,'ASKA BRANCH BUILDING',1,1,'2021-09-25 13:17:29',NULL,NULL,0),
(1487,1,'SME RAYAGADA','SBIN0063562',NULL,'RAYAGADA BRANCH BUILDING',1,1,'2021-09-25 13:17:29',NULL,NULL,0),
(1488,1,'SME BRANCH CHANDAKA IIC','SBIN0063834',NULL,'SBI CHANDAKA IIC BRANCH BUILDING-751010',1,1,'2021-09-25 13:17:29',NULL,NULL,0),
(1489,1,'SME BRANCH LINK ROAD CUTTACK','SBIN0063835',NULL,'SBI LINK ROAD BRANCH BUILDING-CUTTAK -753012',1,1,'2021-09-25 13:17:29',NULL,NULL,0),
(1490,1,'SME BRANCH BARBIL','SBIN0063836',NULL,'AT-SUNDARA,JODA-BARBIL HIGHWAY,BARBIL,KEONJHAR-758035',1,1,'2021-09-25 13:17:29',NULL,NULL,0),
(1491,1,'RASMEC BALASORE','SBIN0063945',NULL,'I A,OT ROAD,BALASORE-756001',1,1,'2021-09-25 13:17:29',NULL,NULL,0),
(1492,1,'BHUBANESWAR','SBIN0070611',NULL,'VILLAGE, NAYAPALLI PO, BHUBANESWAR 751015 BHUBANESWARATSBTCOIN',1,1,'2021-09-25 13:17:29',NULL,NULL,0),
(1493,1,'UTKAL GRAMYA BANK RRB','SBIN0RRUKGB',NULL,'AT. RUGUDIPADA CHHAK, PO-BOLANGIR, DIST-BOLANGIR,  PIN-767001',1,1,'2021-09-25 13:17:29',NULL,NULL,0);

/*Table structure for table `optcl_bank_master` */

DROP TABLE IF EXISTS `optcl_bank_master`;

CREATE TABLE `optcl_bank_master` (
  `id` int(11) NOT NULL AUTO_INCREMENT,
  `bank_type_id` int(11) DEFAULT NULL,
  `bank_name` varchar(50) DEFAULT NULL,
  `status` tinyint(1) DEFAULT 1,
  `created_by` int(11) DEFAULT NULL,
  `created_at` datetime DEFAULT NULL,
  `modified_by` int(11) DEFAULT NULL,
  `modfied_at` datetime DEFAULT NULL,
  `deleted` tinyint(1) DEFAULT 0,
  PRIMARY KEY (`id`)
) ENGINE=InnoDB AUTO_INCREMENT=21 DEFAULT CHARSET=utf8;

/*Data for the table `optcl_bank_master` */

insert  into `optcl_bank_master`(`id`,`bank_type_id`,`bank_name`,`status`,`created_by`,`created_at`,`modified_by`,`modfied_at`,`deleted`) values 
(1,1,'State Bank of India',1,1,'2021-09-25 12:39:05',NULL,NULL,0),
(2,1,'Punjab National',1,1,'2021-09-25 12:39:05',NULL,NULL,0),
(3,1,'Bank of Baroda',1,1,'2021-09-25 12:39:05',NULL,NULL,0),
(4,1,'Bank of India',1,1,'2021-09-25 12:39:05',NULL,NULL,0),
(5,1,'Bank of Maharashtra',1,1,'2021-09-25 12:39:05',NULL,NULL,0),
(6,1,'Canara Bank',1,1,'2021-09-25 12:39:05',NULL,NULL,0),
(7,1,'Central Bank of India',1,1,'2021-09-25 12:39:05',NULL,NULL,0),
(8,1,'Indian Overseas Bank',1,1,'2021-09-25 12:39:05',NULL,NULL,0),
(9,1,'UCO Bank',1,1,'2021-09-25 12:39:05',NULL,NULL,0),
(10,1,'Union Bank of India',1,1,'2021-09-25 12:39:05',NULL,NULL,0),
(11,1,'IDBI Bank',1,1,'2021-09-25 12:39:05',NULL,NULL,0),
(12,1,'Andhra Bank',1,1,'2021-09-25 12:39:05',NULL,NULL,0),
(13,2,'Kotak Mahindra Bank',1,1,'2021-09-25 12:39:05',NULL,NULL,0),
(14,2,'AXIS Bank',1,1,'2021-09-25 12:39:05',NULL,NULL,0),
(15,2,'HDFC Bank',1,1,'2021-09-25 12:39:05',NULL,NULL,0),
(16,2,'ICICI Bank',1,1,'2021-09-25 12:39:05',NULL,NULL,0),
(17,3,'Odisha State Coperative Bank',1,1,'2021-09-25 12:39:05',NULL,NULL,0),
(18,3,'Odisha Gramya Bank',1,1,'2021-09-25 12:39:05',NULL,NULL,0),
(19,3,'Utkal Gramya Bank',1,1,'2021-09-25 12:39:05',NULL,NULL,0),
(20,3,'Rushikulya Gramya Bank',1,1,'2021-09-25 12:39:05',NULL,NULL,0);

/*Table structure for table `optcl_bank_type_master` */

DROP TABLE IF EXISTS `optcl_bank_type_master`;

CREATE TABLE `optcl_bank_type_master` (
  `id` int(11) NOT NULL AUTO_INCREMENT,
  `bank_type` varchar(20) DEFAULT NULL,
  `status` tinyint(1) DEFAULT 1,
  `created_by` int(11) DEFAULT NULL,
  `created_at` datetime DEFAULT NULL,
  `modified_by` int(11) DEFAULT NULL,
  `modified_at` datetime DEFAULT NULL,
  `deleted` tinyint(1) DEFAULT 0,
  PRIMARY KEY (`id`)
) ENGINE=InnoDB AUTO_INCREMENT=5 DEFAULT CHARSET=utf8;

/*Data for the table `optcl_bank_type_master` */

insert  into `optcl_bank_type_master`(`id`,`bank_type`,`status`,`created_by`,`created_at`,`modified_by`,`modified_at`,`deleted`) values 
(1,'Nationalised',1,1,'2021-09-25 12:30:27',NULL,NULL,0),
(2,'Corporate',1,1,'2021-09-25 12:30:29',NULL,NULL,0),
(3,'Co-operative',1,1,'2021-09-25 12:30:31',NULL,NULL,0);

/*Table structure for table `optcl_calculation_rule_master` */

DROP TABLE IF EXISTS `optcl_calculation_rule_master`;

CREATE TABLE `optcl_calculation_rule_master` (
  `id` int(11) NOT NULL AUTO_INCREMENT,
  `pension_type_id` int(11) DEFAULT NULL,
  `calculation_type_id` int(11) DEFAULT NULL,
  `rule_name` text DEFAULT NULL,
  `rule_description` text DEFAULT NULL,
  `status` tinyint(1) DEFAULT 1,
  `created_by` int(11) DEFAULT NULL,
  `created_at` datetime DEFAULT NULL,
  `modified_by` int(11) DEFAULT NULL,
  `modified_at` datetime DEFAULT NULL,
  `deleted` tinyint(1) DEFAULT 0,
  PRIMARY KEY (`id`)
) ENGINE=InnoDB AUTO_INCREMENT=14 DEFAULT CHARSET=utf8;

/*Data for the table `optcl_calculation_rule_master` */

insert  into `optcl_calculation_rule_master`(`id`,`pension_type_id`,`calculation_type_id`,`rule_name`,`rule_description`,`status`,`created_by`,`created_at`,`modified_by`,`modified_at`,`deleted`) values 
(1,1,1,'Rule 1','Normal Retirement / VRS / CRS (Based on the application of the Service Pensioner. Last Basic X 1/2 X (completed Half Years. Max 50)/ 50 (To be Rounded upto next higher rupee)',1,1,'2021-10-13 03:06:09',NULL,NULL,0),
(2,1,2,'Rule 1','Normal Retirement / VRS / CRS (Based on the application of the Service Pensioner). Commutation Pensoin = Commuted Value X 12 X Commutation Ratio from Commutation Table based on Age',1,1,'2021-10-13 03:06:09',NULL,NULL,0),
(3,1,6,'Rule 1','Normal Retirement / VRS / CRS (Based on the application of the Service Pensioner). Commuted Value = Service Pension X 40% (To be Rounded down to nearest ruppe)',1,1,'2021-10-13 03:06:09',NULL,NULL,0),
(4,1,7,'Rule 1','Normal Retirement / VRS / CRS (Based on the application of the Service Pensioner). Reduced Service Pension = Sevice Pension - Commuted value\r\n',1,1,'2021-10-13 03:06:09',NULL,NULL,0),
(5,1,3,'Rule 1','Normal Retirement / VRS / CRS (Based on the application of the Service Pensioner). Full Family Pension = Last Basic Pay X 50%\r\n(To be Rounded up to next rupee)\r\n(This Family pension allowed till the service pensioner complete the 65 years if alive or for a period of 7(seven) years which ever is earlier and there after 30% as below)',1,1,'2021-10-13 03:06:09',NULL,NULL,0),
(6,1,8,'Rule 1','Normal Retirement / VRS / CRS (Based on the application of the Service Pensioner). Reduced Family Pension = Last Basic X 30%\r\n(To be Rounded up to next rupee)\r\n(This family pension allowed after the service pensioner complete 65 years)\r\n',1,1,'2021-10-13 03:06:09',NULL,NULL,0),
(7,1,4,'Rule 1','Normal Retirement / VRS / CRS (Based on the application of the Service Pensioner). 1/4 X (Last Basic + DA Prevailing at the DOR) X Completed Half Years (Max 66 half years)\r\n(To be Rounded up to nearest rupee)',1,1,'2021-10-13 03:06:09',NULL,NULL,0),
(8,1,3,'Rule 2','Death of Service pensioner during service (Based on the application of the Spouce/Child eligible for FP)\r\nLast Basic X 50% ( To be Rounded up to next rupee)',1,1,'2021-10-13 03:06:09',NULL,NULL,0),
(9,1,3,'Rule 3','Death of Service pensioner after Retirement  but before sanction of pension & Spouse allive.\r\nLast Basic X 50% ( To be Rounded up to next rupee)',1,1,'2021-10-13 03:06:09',NULL,NULL,0),
(10,1,3,'Rule 4','Death of Service pensioner after Retirement & Spouse not allive but legal heir elligible for FP.\r\nLast Basic X 50% ( To be Rounded up to next rupee)',1,1,'2021-10-13 03:06:09',NULL,NULL,0),
(11,1,3,'Rule 5','Death of Service pensioner after Retirement & Spouse recives FP but expired and  legal heir elligible for FP.\r\nLast Basic X 30% ( To be Rounded up to next rupee)',1,1,'2021-10-13 03:06:09',NULL,NULL,0),
(12,1,4,'Rule 2','Death of Service pensioner during service (Based on the application of the Spouce/Child eligible for FP). 1/2( Last Basic + DA prevailing at the DOD )X Completed Half Years\r\n( To be Rounded up to nearest rupee)',1,1,'2021-10-13 03:06:09',NULL,NULL,0),
(13,1,3,'Rule 6','Service Pensioner died within in 7 Years of Service.\r\nLast Basic X 30% OR 8300 whichever is higher. ( To be Rounded up to next rupee)',1,1,'2021-10-13 03:06:09',NULL,NULL,0);

/*Table structure for table `optcl_calculation_type_master` */

DROP TABLE IF EXISTS `optcl_calculation_type_master`;

CREATE TABLE `optcl_calculation_type_master` (
  `id` int(11) NOT NULL AUTO_INCREMENT,
  `calculation_type` varchar(255) DEFAULT NULL,
  `status` tinyint(1) DEFAULT NULL,
  `created_by` int(11) DEFAULT NULL,
  `created_at` datetime DEFAULT NULL,
  `modified_by` int(11) DEFAULT NULL,
  `modified_at` datetime DEFAULT NULL,
  `deleted` tinyint(1) DEFAULT NULL,
  PRIMARY KEY (`id`)
) ENGINE=InnoDB AUTO_INCREMENT=10 DEFAULT CHARSET=utf8 COMMENT='Table to store calculation type master';

/*Data for the table `optcl_calculation_type_master` */

insert  into `optcl_calculation_type_master`(`id`,`calculation_type`,`status`,`created_by`,`created_at`,`modified_by`,`modified_at`,`deleted`) values 
(1,'Service Pension',1,1,'2021-10-09 15:33:05',NULL,NULL,0),
(2,'Commutation Pension',1,1,'2021-10-09 15:33:07',NULL,NULL,0),
(3,'Family Pension',1,1,'2021-10-09 15:33:11',NULL,NULL,0),
(4,'DCR Gratuity',1,1,'2021-10-09 15:33:09',NULL,NULL,0),
(5,'Arrear',1,1,'2021-10-09 15:33:14',NULL,NULL,0),
(6,'Commuted Value',1,1,'2021-10-12 12:29:32',NULL,NULL,0),
(7,'Reduced Service Pension',1,1,'2021-10-12 12:29:35',NULL,NULL,0),
(8,'Reduced Family Pension',1,1,'2021-10-12 12:40:03',NULL,NULL,0);

/*Table structure for table `optcl_change_data_additional_pension` */

DROP TABLE IF EXISTS `optcl_change_data_additional_pension`;

CREATE TABLE `optcl_change_data_additional_pension` (
  `id` int(11) NOT NULL AUTO_INCREMENT,
  `ppo_no` varchar(50) DEFAULT NULL,
  `pensioner_emp_no` varchar(50) DEFAULT NULL,
  `pensioner_name` varchar(150) DEFAULT NULL,
  `dob` date DEFAULT NULL,
  `effective_date` date DEFAULT NULL,
  `additional_rate` double(18,2) DEFAULT NULL,
  `created_by` int(11) DEFAULT NULL,
  `created_at` datetime DEFAULT NULL,
  `updated_by` int(11) DEFAULT NULL,
  `updated_at` datetime DEFAULT NULL,
  `status` tinyint(1) DEFAULT 1,
  `deleted` tinyint(1) DEFAULT 0,
  PRIMARY KEY (`id`)
) ENGINE=InnoDB AUTO_INCREMENT=2 DEFAULT CHARSET=utf8mb4;

/*Data for the table `optcl_change_data_additional_pension` */

insert  into `optcl_change_data_additional_pension`(`id`,`ppo_no`,`pensioner_emp_no`,`pensioner_name`,`dob`,`effective_date`,`additional_rate`,`created_by`,`created_at`,`updated_by`,`updated_at`,`status`,`deleted`) values 
(1,'8974/89/8795','987645','Test Name','1973-05-01','2022-05-06',12000.00,17,'2022-05-06 17:36:36',17,'2022-05-07 12:10:37',1,0);

/*Table structure for table `optcl_change_data_addl_family_pensioner` */

DROP TABLE IF EXISTS `optcl_change_data_addl_family_pensioner`;

CREATE TABLE `optcl_change_data_addl_family_pensioner` (
  `id` int(11) NOT NULL AUTO_INCREMENT,
  `ppo_no` varchar(50) DEFAULT NULL,
  `pension_emp_no` varchar(50) DEFAULT NULL,
  `dod_sp_fp` date DEFAULT NULL,
  `name_family_pensioner` varchar(150) DEFAULT NULL,
  `end_date_enhan_fam_pension` date DEFAULT NULL,
  `sb_bank_ac_number` varchar(30) DEFAULT NULL,
  `bank_branch_id` int(11) DEFAULT NULL COMMENT 'optcl_bank_branch_master',
  `noc_from_pre_bank` tinyint(1) DEFAULT NULL,
  `noc_document` text DEFAULT NULL,
  `is_taxable_amount_generated` tinyint(1) DEFAULT 0,
  `created_by` int(11) DEFAULT NULL,
  `created_at` datetime DEFAULT NULL,
  `modified_by` int(11) DEFAULT NULL,
  `modified_at` datetime DEFAULT NULL,
  `status` tinyint(1) DEFAULT 1,
  `deleted` tinyint(1) DEFAULT 0,
  PRIMARY KEY (`id`)
) ENGINE=InnoDB AUTO_INCREMENT=11 DEFAULT CHARSET=utf8mb4;

/*Data for the table `optcl_change_data_addl_family_pensioner` */

insert  into `optcl_change_data_addl_family_pensioner`(`id`,`ppo_no`,`pension_emp_no`,`dod_sp_fp`,`name_family_pensioner`,`end_date_enhan_fam_pension`,`sb_bank_ac_number`,`bank_branch_id`,`noc_from_pre_bank`,`noc_document`,`is_taxable_amount_generated`,`created_by`,`created_at`,`modified_by`,`modified_at`,`status`,`deleted`) values 
(2,'9874/05/7894','987487','2022-02-26','Test User','2022-12-22','8796451321',400,0,NULL,0,17,'2022-04-25 11:54:35',NULL,NULL,1,0),
(3,'9874/05/7894','987487','2022-02-26','Test User','2022-12-22','8796451321',400,0,NULL,0,17,'2022-04-25 11:54:35',NULL,NULL,1,0),
(4,'7984/78/8974','789456','2022-05-10','test name','2023-02-27','789456798546',400,1,'1652191624-1983948793.pdf',0,17,'2022-05-10 19:37:04',NULL,NULL,1,0),
(5,'8794/78/5644','231431','2022-05-10','test name','2023-06-27','2346564324',400,1,'uploads/add_family_noc_attachment/1652194188-1181861264.pdf',0,17,'2022-05-10 19:38:50',17,'2022-05-10 20:19:48',1,0),
(6,'8794/78/5644','231431','2022-05-10','test name','2023-06-27','2346564324',400,1,'uploads/add_family_noc_attachment/1652192645-1134017489.pdf',0,17,'2022-05-10 19:54:05',NULL,NULL,1,0),
(7,'8794/78/5644','231431','2022-05-10','test name','2023-06-27','2346564324',400,1,'uploads/add_family_noc_attachment/1652192732-1824007891.pdf',0,17,'2022-05-10 19:55:32',NULL,NULL,1,0),
(8,'8794/78/5644','231431','2022-05-10','test name','2023-06-27','2346564324',400,1,'uploads/add_family_noc_attachment/1652192785-1434341312.pdf',0,17,'2022-05-10 19:56:25',NULL,NULL,1,0),
(9,'8794/78/5644','231431','2022-05-10','test name','2023-06-27','2346564324',400,1,'uploads/add_family_noc_attachment/1652192856-1431697989.pdf',0,17,'2022-05-10 19:57:36',NULL,NULL,1,0),
(10,'8794/78/5644','231431','2022-05-10','test name','2023-06-27','2346564324',400,1,'uploads/add_family_noc_attachment/1652192962-1814355770.pdf',0,17,'2022-05-10 19:59:22',NULL,NULL,1,0);

/*Table structure for table `optcl_change_data_bank_change` */

DROP TABLE IF EXISTS `optcl_change_data_bank_change`;

CREATE TABLE `optcl_change_data_bank_change` (
  `id` int(11) NOT NULL AUTO_INCREMENT,
  `ppo_no` varchar(50) DEFAULT NULL,
  `pensioner_emp_no` varchar(50) DEFAULT NULL,
  `pensioner_name` varchar(150) DEFAULT NULL,
  `sb_acc_no` varchar(20) DEFAULT NULL,
  `bank_branch_id` int(11) DEFAULT NULL,
  `noc_from_pre_bank` tinyint(1) DEFAULT NULL,
  `noc_document` text DEFAULT NULL,
  `created_by` int(11) DEFAULT NULL,
  `created_at` datetime DEFAULT NULL,
  `updated_by` int(11) DEFAULT NULL,
  `updated_at` datetime DEFAULT NULL,
  `status` tinyint(1) DEFAULT 1,
  `deleted` tinyint(1) DEFAULT 0,
  PRIMARY KEY (`id`)
) ENGINE=InnoDB AUTO_INCREMENT=5 DEFAULT CHARSET=utf8mb4;

/*Data for the table `optcl_change_data_bank_change` */

insert  into `optcl_change_data_bank_change`(`id`,`ppo_no`,`pensioner_emp_no`,`pensioner_name`,`sb_acc_no`,`bank_branch_id`,`noc_from_pre_bank`,`noc_document`,`created_by`,`created_at`,`updated_by`,`updated_at`,`status`,`deleted`) values 
(1,'9874/44/6547','789879','User name','89789778987',400,1,NULL,17,'2022-05-07 16:00:09',NULL,NULL,1,0),
(2,'8974/87/1000','879546','User Three','7898745654',400,1,NULL,17,'2022-05-07 16:27:31',17,'2022-05-07 17:09:52',1,0),
(3,'8794/78/7845','879789','test name','42343242323',399,1,NULL,17,'2022-05-10 20:30:53',NULL,NULL,1,0),
(4,'2434/78/7887','455455','test name','322133113',400,1,'uploads/bank_change_noc_attachment/1652195495-1119300408.pdf',17,'2022-05-10 20:33:33',17,'2022-05-10 20:41:35',1,0);

/*Table structure for table `optcl_change_data_dropped_death_case` */

DROP TABLE IF EXISTS `optcl_change_data_dropped_death_case`;

CREATE TABLE `optcl_change_data_dropped_death_case` (
  `id` int(11) NOT NULL AUTO_INCREMENT,
  `ppo_no` varchar(50) DEFAULT NULL,
  `pensioner_emp_no` varchar(50) DEFAULT NULL,
  `pensioner_name` varchar(150) DEFAULT NULL,
  `dod` date DEFAULT NULL,
  `remark_value` text DEFAULT NULL,
  `created_by` int(11) DEFAULT NULL,
  `created_at` datetime DEFAULT NULL,
  `updated_by` int(11) DEFAULT NULL,
  `updated_at` datetime DEFAULT NULL,
  `status` tinyint(1) DEFAULT 1,
  `deleted` tinyint(1) DEFAULT 0,
  PRIMARY KEY (`id`)
) ENGINE=InnoDB AUTO_INCREMENT=2 DEFAULT CHARSET=utf8mb4;

/*Data for the table `optcl_change_data_dropped_death_case` */

insert  into `optcl_change_data_dropped_death_case`(`id`,`ppo_no`,`pensioner_emp_no`,`pensioner_name`,`dod`,`remark_value`,`created_by`,`created_at`,`updated_by`,`updated_at`,`status`,`deleted`) values 
(1,'7984/78/0001','798564','test name','2022-05-09','test user remark updated',17,'2022-05-09 16:44:29',17,'2022-05-09 17:58:40',1,0);

/*Table structure for table `optcl_change_data_life_certificate` */

DROP TABLE IF EXISTS `optcl_change_data_life_certificate`;

CREATE TABLE `optcl_change_data_life_certificate` (
  `id` int(11) NOT NULL AUTO_INCREMENT,
  `year` int(11) DEFAULT NULL,
  `month` int(11) DEFAULT NULL,
  `ppo_number` varchar(50) DEFAULT NULL,
  `bank_account` varchar(25) DEFAULT NULL,
  `authentication_date` date DEFAULT NULL,
  `praman_id` varchar(50) DEFAULT NULL,
  `aadhar_number` varchar(20) DEFAULT NULL,
  `mobile_number` varchar(15) DEFAULT NULL,
  `name` varchar(150) DEFAULT NULL,
  `submit_type` varchar(20) DEFAULT NULL,
  `created_by` int(11) DEFAULT NULL,
  `created_at` datetime DEFAULT NULL,
  `updated_by` int(11) DEFAULT NULL,
  `updated_at` datetime DEFAULT NULL,
  `status` tinyint(1) DEFAULT 1,
  `deleted` tinyint(1) DEFAULT 0,
  PRIMARY KEY (`id`)
) ENGINE=InnoDB AUTO_INCREMENT=7 DEFAULT CHARSET=utf8mb4;

/*Data for the table `optcl_change_data_life_certificate` */

insert  into `optcl_change_data_life_certificate`(`id`,`year`,`month`,`ppo_number`,`bank_account`,`authentication_date`,`praman_id`,`aadhar_number`,`mobile_number`,`name`,`submit_type`,`created_by`,`created_at`,`updated_by`,`updated_at`,`status`,`deleted`) values 
(6,2022,12,'7894/879','7988798794','2022-12-22','123','231564978456','8798795464','abcd','online',17,'2022-05-12 19:25:51',NULL,NULL,1,0);

/*Table structure for table `optcl_change_data_list` */

DROP TABLE IF EXISTS `optcl_change_data_list`;

CREATE TABLE `optcl_change_data_list` (
  `id` int(11) NOT NULL AUTO_INCREMENT,
  `change_data_id` int(11) DEFAULT NULL COMMENT 'optcl_change_data_master',
  `cr_number` varchar(50) DEFAULT NULL COMMENT 'Changed Request Number',
  `cr_application_id` int(11) DEFAULT NULL COMMENT 'Application id depends on the changed data id. It could be duplicate',
  `status_id` int(11) DEFAULT NULL COMMENT 'optcl_application_status_master',
  `created_by` int(11) DEFAULT NULL,
  `created_at` datetime DEFAULT NULL,
  `modified_by` int(11) DEFAULT NULL,
  `modified_at` datetime DEFAULT NULL,
  `status` tinyint(1) DEFAULT 1,
  `deleted` tinyint(1) DEFAULT 0,
  PRIMARY KEY (`id`)
) ENGINE=InnoDB AUTO_INCREMENT=27 DEFAULT CHARSET=utf8mb4;

/*Data for the table `optcl_change_data_list` */

insert  into `optcl_change_data_list`(`id`,`change_data_id`,`cr_number`,`cr_application_id`,`status_id`,`created_by`,`created_at`,`modified_by`,`modified_at`,`status`,`deleted`) values 
(1,1,'CR202200001',3,59,17,'2022-04-21 19:20:32',NULL,NULL,1,0),
(7,2,'CR202200007',1,59,17,'2022-04-27 15:57:20',NULL,NULL,1,0),
(8,4,'CR202200008',1,59,17,'2022-05-06 17:36:36',NULL,NULL,1,0),
(9,NULL,'CR202200009',1,59,17,'2022-05-07 16:00:09',NULL,NULL,1,0),
(10,5,'CR202200010',2,59,17,'2022-05-07 16:27:31',NULL,NULL,1,0),
(11,7,'CR202200011',1,59,17,'2022-05-09 16:44:29',NULL,NULL,1,0),
(12,3,'CR202200012',1,59,17,'2022-05-09 20:46:19',NULL,NULL,1,0),
(13,6,'CR202200013',1,59,17,'2022-05-10 17:37:38',NULL,NULL,1,0),
(15,1,'CR202200015',4,59,17,'2022-05-10 19:37:04',NULL,NULL,1,0),
(16,1,'CR202200016',5,59,17,'2022-05-10 19:38:50',17,'2022-05-10 20:19:48',1,0),
(17,NULL,'CR202200017',6,59,17,'2022-05-10 19:54:05',NULL,NULL,1,0),
(18,NULL,'CR202200018',7,59,17,'2022-05-10 19:55:32',NULL,NULL,1,0),
(19,NULL,'CR202200019',8,59,17,'2022-05-10 19:56:25',NULL,NULL,1,0),
(20,NULL,'CR202200020',9,59,17,'2022-05-10 19:57:36',NULL,NULL,1,0),
(21,NULL,'CR202200021',10,59,17,'2022-05-10 19:59:22',NULL,NULL,1,0),
(22,5,'CR202200022',3,59,17,'2022-05-10 20:30:53',NULL,NULL,1,0),
(23,5,'CR202200023',4,59,17,'2022-05-10 20:33:33',NULL,NULL,1,0),
(24,8,'CR202200024',1,59,17,'2022-05-11 19:46:34',NULL,NULL,1,0),
(25,2,'CR202200025',2,59,17,'2022-05-17 19:56:40',NULL,NULL,1,0),
(26,2,'CR202200026',3,59,17,'2022-05-17 20:01:16',NULL,NULL,1,0);

/*Table structure for table `optcl_change_data_master` */

DROP TABLE IF EXISTS `optcl_change_data_master`;

CREATE TABLE `optcl_change_data_master` (
  `id` int(11) NOT NULL AUTO_INCREMENT,
  `change_type` varchar(150) DEFAULT NULL,
  `created_by` int(11) DEFAULT NULL,
  `created_at` datetime DEFAULT NULL,
  `updated_by` int(11) DEFAULT NULL,
  `updated_at` datetime DEFAULT NULL,
  `status` tinyint(1) DEFAULT 1,
  `deleted` tinyint(1) DEFAULT 0,
  PRIMARY KEY (`id`)
) ENGINE=InnoDB AUTO_INCREMENT=10 DEFAULT CHARSET=utf8mb4;

/*Data for the table `optcl_change_data_master` */

insert  into `optcl_change_data_master`(`id`,`change_type`,`created_by`,`created_at`,`updated_by`,`updated_at`,`status`,`deleted`) values 
(1,'Addition of Pensioner New Pensioner',1,'2022-04-02 15:48:58',NULL,NULL,1,0),
(2,'Revision of Basic Pension',1,'2022-04-02 15:48:58',NULL,NULL,1,0),
(3,'Restoration of Commutation',1,'2022-04-02 15:48:58',NULL,NULL,1,0),
(4,'Additional Pension',1,'2022-04-02 15:48:58',NULL,NULL,1,0),
(5,'Bank Change',1,'2022-04-02 15:48:58',NULL,NULL,1,0),
(6,'Unit Change for Receiving Unit (Only)',1,'2022-04-02 15:48:58',NULL,NULL,1,0),
(7,'Dropped Case/Death Case',1,'2022-04-02 15:48:58',NULL,NULL,1,0),
(8,'TDS Information',1,'2022-04-02 15:48:58',NULL,NULL,1,0),
(9,'Life Certificate',1,'2022-04-02 15:48:58',NULL,NULL,1,0);

/*Table structure for table `optcl_change_data_revision_basic_pension` */

DROP TABLE IF EXISTS `optcl_change_data_revision_basic_pension`;

CREATE TABLE `optcl_change_data_revision_basic_pension` (
  `id` int(11) NOT NULL AUTO_INCREMENT,
  `ppo_no` varchar(50) DEFAULT NULL,
  `pensioner_emp_no` varchar(50) DEFAULT NULL,
  `pensioner_name` varchar(150) DEFAULT NULL,
  `pensioner_basic_amount` double(18,2) DEFAULT NULL,
  `oo_no` varchar(50) DEFAULT NULL,
  `oo_no_date` date DEFAULT NULL,
  `created_by` int(11) DEFAULT NULL,
  `created_at` datetime DEFAULT NULL,
  `updated_by` int(11) DEFAULT NULL,
  `updated_at` datetime DEFAULT NULL,
  `status` tinyint(1) DEFAULT 1,
  `deleted` tinyint(1) DEFAULT 0,
  PRIMARY KEY (`id`)
) ENGINE=InnoDB AUTO_INCREMENT=4 DEFAULT CHARSET=utf8mb4;

/*Data for the table `optcl_change_data_revision_basic_pension` */

insert  into `optcl_change_data_revision_basic_pension`(`id`,`ppo_no`,`pensioner_emp_no`,`pensioner_name`,`pensioner_basic_amount`,`oo_no`,`oo_no_date`,`created_by`,`created_at`,`updated_by`,`updated_at`,`status`,`deleted`) values 
(1,'4561/54/5462','798465','Test User',85000.00,'789978897','2022-04-30',17,'2022-04-27 15:57:20',17,'2022-05-07 13:02:08',1,0),
(2,'2022/05/0016','NA','PENSIONER NAME',5900.00,'7896545','2022-01-04',17,'2022-05-17 19:56:40',NULL,NULL,1,0),
(3,'2022/05/0016','NA','PENSIONER NAME',56000.00,'987546','2022-03-09',17,'2022-05-17 20:01:16',NULL,NULL,1,0);

/*Table structure for table `optcl_change_data_status_history` */

DROP TABLE IF EXISTS `optcl_change_data_status_history`;

CREATE TABLE `optcl_change_data_status_history` (
  `id` int(11) NOT NULL AUTO_INCREMENT,
  `change_data_id` int(11) DEFAULT NULL COMMENT 'optcl_change_data_master',
  `cr_status_id` int(11) DEFAULT NULL COMMENT 'optcl_application_status_master',
  `cr_application_id` int(11) DEFAULT NULL COMMENT 'Respective table ID according changed type',
  `created_by` int(11) DEFAULT NULL,
  `created_at` datetime DEFAULT NULL,
  `status` tinyint(1) DEFAULT 1,
  `deleted` tinyint(1) DEFAULT 0,
  PRIMARY KEY (`id`)
) ENGINE=InnoDB AUTO_INCREMENT=27 DEFAULT CHARSET=utf8mb4;

/*Data for the table `optcl_change_data_status_history` */

insert  into `optcl_change_data_status_history`(`id`,`change_data_id`,`cr_status_id`,`cr_application_id`,`created_by`,`created_at`,`status`,`deleted`) values 
(1,1,59,3,17,'2022-04-21 19:20:32',1,0),
(2,NULL,59,2,17,'2022-04-25 11:53:59',1,0),
(3,NULL,59,2,17,'2022-04-25 11:54:21',1,0),
(4,NULL,59,2,17,'2022-04-25 11:54:35',1,0),
(5,2,59,0,17,'2022-04-27 13:34:20',1,0),
(6,2,59,0,17,'2022-04-27 15:51:48',1,0),
(7,2,59,1,17,'2022-04-27 15:57:20',1,0),
(8,4,59,1,17,'2022-05-06 17:36:36',1,0),
(9,NULL,59,1,17,'2022-05-07 16:00:09',1,0),
(10,5,59,2,17,'2022-05-07 16:27:31',1,0),
(11,7,59,1,17,'2022-05-09 16:44:29',1,0),
(12,3,59,1,17,'2022-05-09 20:46:19',1,0),
(13,NULL,59,1,17,'2022-05-10 17:37:38',1,0),
(14,6,59,2,17,'2022-05-10 17:40:00',1,0),
(15,1,59,4,17,'2022-05-10 19:37:04',1,0),
(16,1,59,5,17,'2022-05-10 19:38:50',1,0),
(17,NULL,59,6,17,'2022-05-10 19:54:05',1,0),
(18,NULL,59,7,17,'2022-05-10 19:55:32',1,0),
(19,NULL,59,8,17,'2022-05-10 19:56:25',1,0),
(20,NULL,59,9,17,'2022-05-10 19:57:36',1,0),
(21,NULL,59,10,17,'2022-05-10 19:59:22',1,0),
(22,5,59,3,17,'2022-05-10 20:30:53',1,0),
(23,5,59,4,17,'2022-05-10 20:33:33',1,0),
(24,8,59,1,17,'2022-05-11 19:46:34',1,0),
(25,NULL,59,2,17,'2022-05-17 19:56:40',1,0),
(26,2,59,3,17,'2022-05-17 20:01:16',1,0);

/*Table structure for table `optcl_change_data_tds_information` */

DROP TABLE IF EXISTS `optcl_change_data_tds_information`;

CREATE TABLE `optcl_change_data_tds_information` (
  `id` int(11) NOT NULL AUTO_INCREMENT,
  `application_id` int(11) DEFAULT NULL COMMENT 'optcl_pension_application_form/ 	optcl_existing_user',
  `application_type` int(11) DEFAULT NULL COMMENT 'optcl_application_type',
  `pensioner_type` int(11) DEFAULT NULL COMMENT 'optcl_pension_type_master',
  `ppo_no` varchar(50) DEFAULT NULL COMMENT 'optcl_ppo_no_list',
  `total_income` double(18,2) DEFAULT NULL,
  `amount_80c` double(18,2) DEFAULT NULL COMMENT '80C (LIC/ PPFA/ HB Principal)',
  `amount_80d` double(18,2) DEFAULT NULL COMMENT '80D (Health Insurance)',
  `amount_8dd` double(18,2) DEFAULT NULL COMMENT '80DD (Dependent Disability)',
  `amount_80e` double(18,2) DEFAULT NULL COMMENT '80E (Higher Education Interest)',
  `amount_80u` double(18,2) DEFAULT NULL COMMENT '80U (Self Disability)',
  `amount_24b` double(18,2) DEFAULT NULL COMMENT '24B (House Building Interest)',
  `others_amount` double(18,2) DEFAULT NULL COMMENT 'Others',
  `taxable_amount` double(18,2) DEFAULT NULL COMMENT 'Taxable Amount',
  `declaration_status` tinyint(1) DEFAULT 0,
  `created_by` int(11) DEFAULT NULL,
  `created_at` datetime DEFAULT NULL,
  `updated_by` int(11) DEFAULT NULL,
  `updated_at` datetime DEFAULT NULL,
  `status` tinyint(1) DEFAULT 1,
  `deleted` tinyint(1) DEFAULT 0,
  PRIMARY KEY (`id`)
) ENGINE=InnoDB AUTO_INCREMENT=2 DEFAULT CHARSET=utf8mb4;

/*Data for the table `optcl_change_data_tds_information` */

insert  into `optcl_change_data_tds_information`(`id`,`application_id`,`application_type`,`pensioner_type`,`ppo_no`,`total_income`,`amount_80c`,`amount_80d`,`amount_8dd`,`amount_80e`,`amount_80u`,`amount_24b`,`others_amount`,`taxable_amount`,`declaration_status`,`created_by`,`created_at`,`updated_by`,`updated_at`,`status`,`deleted`) values 
(1,30,1,2,'2022/05/0016',713280.00,2000.00,0.00,0.00,0.00,0.00,0.00,0.00,711280.00,1,17,'2022-05-11 19:46:34',17,'2022-05-12 12:38:01',1,0);

/*Table structure for table `optcl_change_unit_change_receiving_unit_only` */

DROP TABLE IF EXISTS `optcl_change_unit_change_receiving_unit_only`;

CREATE TABLE `optcl_change_unit_change_receiving_unit_only` (
  `id` int(11) NOT NULL AUTO_INCREMENT,
  `ppo_no` varchar(50) DEFAULT NULL,
  `pensioner_emp_no` varchar(50) DEFAULT NULL,
  `pensioner_name` varchar(150) DEFAULT NULL,
  `urcuo_name_prev_pension_unit` int(11) DEFAULT NULL,
  `urcuo_name_new_pension_unit` int(11) DEFAULT NULL,
  `ucruo_letter_no_above_changes` text DEFAULT NULL,
  `ucruo_date_for_above_changes` date DEFAULT NULL,
  `created_at` datetime DEFAULT NULL,
  `created_by` int(11) DEFAULT NULL,
  `updated_at` datetime DEFAULT NULL,
  `updated_by` int(11) DEFAULT NULL,
  `status` tinyint(1) DEFAULT 1,
  `deleted` tinyint(1) DEFAULT 0,
  PRIMARY KEY (`id`)
) ENGINE=InnoDB AUTO_INCREMENT=3 DEFAULT CHARSET=utf8mb4;

/*Data for the table `optcl_change_unit_change_receiving_unit_only` */

insert  into `optcl_change_unit_change_receiving_unit_only`(`id`,`ppo_no`,`pensioner_emp_no`,`pensioner_name`,`urcuo_name_prev_pension_unit`,`urcuo_name_new_pension_unit`,`ucruo_letter_no_above_changes`,`ucruo_date_for_above_changes`,`created_at`,`created_by`,`updated_at`,`updated_by`,`status`,`deleted`) values 
(1,'7984/78/2000','897645','test name',1,2,'uploads/letter_no_for_above_changes/1652184458-1595670243.pdf','2022-05-11','2022-05-10 17:37:38',17,'2022-05-10 18:53:15',17,1,0);

/*Table structure for table `optcl_changed_data_restoration_commutation` */

DROP TABLE IF EXISTS `optcl_changed_data_restoration_commutation`;

CREATE TABLE `optcl_changed_data_restoration_commutation` (
  `id` int(11) NOT NULL AUTO_INCREMENT,
  `ppo_no` varchar(50) DEFAULT NULL,
  `pensioner_emp_no` varchar(50) DEFAULT NULL,
  `pensioner_name` varchar(150) DEFAULT NULL,
  `rev_comm_amount` double(18,2) DEFAULT NULL,
  `date_restoration` date DEFAULT NULL,
  `created_by` int(11) DEFAULT NULL,
  `created_at` datetime DEFAULT NULL,
  `updated_by` int(11) DEFAULT NULL,
  `updated_at` datetime DEFAULT NULL,
  `status` tinyint(1) DEFAULT 1,
  `deleted` tinyint(1) DEFAULT 0,
  PRIMARY KEY (`id`)
) ENGINE=InnoDB AUTO_INCREMENT=2 DEFAULT CHARSET=utf8mb4;

/*Data for the table `optcl_changed_data_restoration_commutation` */

insert  into `optcl_changed_data_restoration_commutation`(`id`,`ppo_no`,`pensioner_emp_no`,`pensioner_name`,`rev_comm_amount`,`date_restoration`,`created_by`,`created_at`,`updated_by`,`updated_at`,`status`,`deleted`) values 
(1,'7894/87/0001','798645','test user',45500.00,'2022-05-25',17,'2022-05-09 20:46:19',17,'2022-05-10 12:30:33',1,0);

/*Table structure for table `optcl_changed_data_type_master` */

DROP TABLE IF EXISTS `optcl_changed_data_type_master`;

CREATE TABLE `optcl_changed_data_type_master` (
  `id` int(11) NOT NULL AUTO_INCREMENT,
  `changed_data_type` varchar(150) DEFAULT NULL,
  `created_by` int(11) DEFAULT NULL,
  `created_at` datetime DEFAULT NULL,
  `status` tinyint(1) DEFAULT 1,
  `deleted` tinyint(1) DEFAULT 0,
  PRIMARY KEY (`id`)
) ENGINE=InnoDB AUTO_INCREMENT=7 DEFAULT CHARSET=utf8mb4;

/*Data for the table `optcl_changed_data_type_master` */

insert  into `optcl_changed_data_type_master`(`id`,`changed_data_type`,`created_by`,`created_at`,`status`,`deleted`) values 
(1,'Additional Family Pensioner After Death of SP/ FP',NULL,NULL,1,0),
(2,'Revision of Besic Pension',NULL,NULL,1,0),
(3,'Restoration of Commutation',NULL,NULL,1,0),
(4,'Additional Pension',NULL,NULL,1,0),
(5,'Bank Change',NULL,NULL,1,0),
(6,'Unit Change for Receiving Unit (Only)',NULL,NULL,1,0);

/*Table structure for table `optcl_commutation_master` */

DROP TABLE IF EXISTS `optcl_commutation_master`;

CREATE TABLE `optcl_commutation_master` (
  `id` int(11) NOT NULL AUTO_INCREMENT,
  `age_as_next_birthday` int(3) DEFAULT NULL,
  `commutation_ratio` float DEFAULT NULL,
  `status` tinyint(1) DEFAULT NULL,
  `created_by` int(11) DEFAULT NULL,
  `created_at` datetime DEFAULT NULL,
  `modified_by` int(11) DEFAULT NULL,
  `modified_at` datetime DEFAULT NULL,
  `deleted` tinyint(1) DEFAULT NULL,
  PRIMARY KEY (`id`)
) ENGINE=InnoDB AUTO_INCREMENT=58 DEFAULT CHARSET=utf8 COMMENT='Table to store all the commutation master values.';

/*Data for the table `optcl_commutation_master` */

insert  into `optcl_commutation_master`(`id`,`age_as_next_birthday`,`commutation_ratio`,`status`,`created_by`,`created_at`,`modified_by`,`modified_at`,`deleted`) values 
(1,25,9.183,1,NULL,NULL,NULL,NULL,0),
(2,26,9.182,1,NULL,NULL,NULL,NULL,0),
(3,27,9.18,1,NULL,NULL,NULL,NULL,0),
(4,28,9.178,1,NULL,NULL,NULL,NULL,0),
(5,29,9.176,1,NULL,NULL,NULL,NULL,0),
(6,30,9.173,1,NULL,NULL,NULL,NULL,0),
(7,31,9.169,1,NULL,NULL,NULL,NULL,0),
(8,32,9.164,1,NULL,NULL,NULL,NULL,0),
(9,33,9.159,1,NULL,NULL,NULL,NULL,0),
(10,34,9.152,1,NULL,NULL,NULL,NULL,0),
(11,35,9.145,1,NULL,NULL,NULL,NULL,0),
(12,36,9.136,1,NULL,NULL,NULL,NULL,0),
(13,37,9.126,1,NULL,NULL,NULL,NULL,0),
(14,38,9.116,1,NULL,NULL,NULL,NULL,0),
(15,39,9.103,1,NULL,NULL,NULL,NULL,0),
(16,40,9.09,1,NULL,NULL,NULL,NULL,0),
(17,41,9.075,1,NULL,NULL,NULL,NULL,0),
(18,42,9.059,1,NULL,NULL,NULL,NULL,0),
(19,43,9.04,1,NULL,NULL,NULL,NULL,0),
(20,44,9.019,1,NULL,NULL,NULL,NULL,0),
(21,45,8.996,1,NULL,NULL,NULL,NULL,0),
(22,46,8.971,1,NULL,NULL,NULL,NULL,0),
(23,47,8.943,1,NULL,NULL,NULL,NULL,0),
(24,48,8.913,1,NULL,NULL,NULL,NULL,0),
(25,49,8.881,1,NULL,NULL,NULL,NULL,0),
(26,50,8.846,1,NULL,NULL,NULL,NULL,0),
(27,51,8.808,1,NULL,NULL,NULL,NULL,0),
(28,52,8.768,1,NULL,NULL,NULL,NULL,0),
(29,53,8.724,1,NULL,NULL,NULL,NULL,0),
(30,54,8.678,1,NULL,NULL,NULL,NULL,0),
(31,55,8.627,1,NULL,NULL,NULL,NULL,0),
(32,56,8.572,1,NULL,NULL,NULL,NULL,0),
(33,57,8.512,1,NULL,NULL,NULL,NULL,0),
(34,58,8.446,1,NULL,NULL,NULL,NULL,0),
(35,59,8.371,1,NULL,NULL,NULL,NULL,0),
(36,60,8.287,1,NULL,NULL,NULL,NULL,0),
(37,61,8.194,1,NULL,NULL,NULL,NULL,0),
(38,62,8.093,1,NULL,NULL,NULL,NULL,0),
(39,63,7.982,1,NULL,NULL,NULL,NULL,0),
(40,64,7.862,1,NULL,NULL,NULL,NULL,0),
(41,65,7.731,1,NULL,NULL,NULL,NULL,0),
(42,66,7.591,1,NULL,NULL,NULL,NULL,0),
(43,67,7.431,1,NULL,NULL,NULL,NULL,0),
(44,68,7.262,1,NULL,NULL,NULL,NULL,0),
(45,69,7.083,1,NULL,NULL,NULL,NULL,0),
(46,70,6.897,1,NULL,NULL,NULL,NULL,0),
(47,71,6.703,1,NULL,NULL,NULL,NULL,0),
(48,72,6.502,1,NULL,NULL,NULL,NULL,0),
(49,73,6.296,1,NULL,NULL,NULL,NULL,0),
(50,74,6.085,1,NULL,NULL,NULL,NULL,0),
(51,75,5.872,1,NULL,NULL,NULL,NULL,0),
(52,76,5.657,1,NULL,NULL,NULL,NULL,0),
(53,77,5.443,1,NULL,NULL,NULL,NULL,0),
(54,78,5.229,1,NULL,NULL,NULL,NULL,0),
(55,79,5.018,1,NULL,NULL,NULL,NULL,0),
(56,80,4.812,1,NULL,NULL,NULL,NULL,0),
(57,81,4.611,1,NULL,NULL,NULL,NULL,0);

/*Table structure for table `optcl_country_master` */

DROP TABLE IF EXISTS `optcl_country_master`;

CREATE TABLE `optcl_country_master` (
  `id` int(11) NOT NULL AUTO_INCREMENT,
  `country_name` varchar(50) DEFAULT NULL,
  `status` tinyint(1) DEFAULT 1,
  `created_by` int(11) DEFAULT NULL,
  `created_at` datetime DEFAULT NULL,
  `modified_by` int(11) DEFAULT NULL,
  `modified_at` datetime DEFAULT NULL,
  `deleted` tinyint(1) DEFAULT 0,
  PRIMARY KEY (`id`)
) ENGINE=InnoDB AUTO_INCREMENT=3 DEFAULT CHARSET=utf8;

/*Data for the table `optcl_country_master` */

insert  into `optcl_country_master`(`id`,`country_name`,`status`,`created_by`,`created_at`,`modified_by`,`modified_at`,`deleted`) values 
(1,'India',1,1,'2021-09-25 11:58:26',NULL,NULL,0),
(2,'Nepal',1,1,'2021-09-25 11:58:29',NULL,NULL,0);

/*Table structure for table `optcl_da_master` */

DROP TABLE IF EXISTS `optcl_da_master`;

CREATE TABLE `optcl_da_master` (
  `id` int(11) NOT NULL AUTO_INCREMENT,
  `start_date` date DEFAULT NULL,
  `end_date` date DEFAULT NULL,
  `percentage_of_basic_pay` double DEFAULT NULL,
  `is_latest` tinyint(1) DEFAULT NULL,
  `status` tinyint(1) DEFAULT 1,
  `created_by` int(11) DEFAULT NULL,
  `created_at` datetime DEFAULT NULL,
  `modified_by` int(11) DEFAULT NULL,
  `modified_at` datetime DEFAULT NULL,
  `deleted` tinyint(1) DEFAULT 0,
  PRIMARY KEY (`id`)
) ENGINE=InnoDB AUTO_INCREMENT=13 DEFAULT CHARSET=utf8;

/*Data for the table `optcl_da_master` */

insert  into `optcl_da_master`(`id`,`start_date`,`end_date`,`percentage_of_basic_pay`,`is_latest`,`status`,`created_by`,`created_at`,`modified_by`,`modified_at`,`deleted`) values 
(1,'2016-01-01','2016-06-30',0,NULL,1,NULL,NULL,NULL,NULL,0),
(2,'2016-07-01','2016-12-31',2,NULL,1,NULL,NULL,NULL,NULL,0),
(3,'2017-01-01','2017-06-30',4,NULL,1,NULL,NULL,NULL,NULL,0),
(4,'2017-07-01','2017-12-31',5,NULL,1,NULL,NULL,NULL,NULL,0),
(5,'2018-01-01','2018-06-30',7,NULL,1,NULL,NULL,NULL,NULL,0),
(6,'2018-07-01','2018-12-31',9,NULL,1,NULL,NULL,NULL,NULL,0),
(7,'2019-01-01','2019-06-30',12,NULL,1,NULL,NULL,NULL,NULL,0),
(8,'2019-07-01','2019-12-31',17,NULL,1,NULL,NULL,NULL,NULL,0),
(9,'2020-01-01','2020-06-30',17,NULL,1,NULL,NULL,NULL,NULL,0),
(10,'2020-07-01','2020-12-31',17,NULL,1,NULL,NULL,NULL,NULL,0),
(11,'2021-01-01','2021-06-30',17,NULL,1,NULL,NULL,NULL,NULL,0),
(12,'2021-07-01','2021-12-31',28,NULL,1,NULL,NULL,NULL,NULL,0);

/*Table structure for table `optcl_district_master` */

DROP TABLE IF EXISTS `optcl_district_master`;

CREATE TABLE `optcl_district_master` (
  `id` int(11) NOT NULL AUTO_INCREMENT,
  `state_id` int(11) DEFAULT NULL,
  `district_name` varchar(50) DEFAULT NULL,
  `status` tinyint(1) DEFAULT 1,
  `created_by` int(11) DEFAULT NULL,
  `created_at` datetime DEFAULT NULL,
  `modified_by` int(11) DEFAULT NULL,
  `modified_at` datetime DEFAULT NULL,
  `deleted` tinyint(1) DEFAULT 0,
  PRIMARY KEY (`id`),
  KEY `state_id` (`state_id`),
  CONSTRAINT `optcl_district_master_ibfk_1` FOREIGN KEY (`state_id`) REFERENCES `optcl_state_master` (`id`)
) ENGINE=InnoDB AUTO_INCREMENT=31 DEFAULT CHARSET=utf8;

/*Data for the table `optcl_district_master` */

insert  into `optcl_district_master`(`id`,`state_id`,`district_name`,`status`,`created_by`,`created_at`,`modified_by`,`modified_at`,`deleted`) values 
(1,27,'Angul',1,1,'2021-09-25 12:07:43',NULL,NULL,0),
(2,27,'Balangir',1,1,'2021-09-25 12:07:43',NULL,NULL,0),
(3,27,'Balasore',1,1,'2021-09-25 12:07:43',NULL,NULL,0),
(4,27,'Bargarh',1,1,'2021-09-25 12:07:43',NULL,NULL,0),
(5,27,'Bhadrak',1,1,'2021-09-25 12:07:43',NULL,NULL,0),
(6,27,'Boudh',1,1,'2021-09-25 12:07:43',NULL,NULL,0),
(7,27,'Cuttack',1,1,'2021-09-25 12:07:43',NULL,NULL,0),
(8,27,'Debagarh',1,1,'2021-09-25 12:07:43',NULL,NULL,0),
(9,27,'Dhenkanal',1,1,'2021-09-25 12:07:43',NULL,NULL,0),
(10,27,'Gajapati',1,1,'2021-09-25 12:07:43',NULL,NULL,0),
(11,27,'Ganjam',1,1,'2021-09-25 12:07:43',NULL,NULL,0),
(12,27,'Jagatsinghpur',1,1,'2021-09-25 12:07:43',NULL,NULL,0),
(13,27,'Jajpur',1,1,'2021-09-25 12:07:43',NULL,NULL,0),
(14,27,'Jharsuguda',1,1,'2021-09-25 12:07:43',NULL,NULL,0),
(15,27,'Kalahandi',1,1,'2021-09-25 12:07:43',NULL,NULL,0),
(16,27,'Kandhamal',1,1,'2021-09-25 12:07:43',NULL,NULL,0),
(17,27,'Kendrapara',1,1,'2021-09-25 12:07:43',NULL,NULL,0),
(18,27,'Kendujhar',1,1,'2021-09-25 12:07:43',NULL,NULL,0),
(19,27,'Khordha',1,1,'2021-09-25 12:07:43',NULL,NULL,0),
(20,27,'Koraput',1,1,'2021-09-25 12:07:43',NULL,NULL,0),
(21,27,'Malkangiri',1,1,'2021-09-25 12:07:43',NULL,NULL,0),
(22,27,'Mayurbhanj',1,1,'2021-09-25 12:07:43',NULL,NULL,0),
(23,27,'Nabarangpur',1,1,'2021-09-25 12:07:43',NULL,NULL,0),
(24,27,'Nayagarh',1,1,'2021-09-25 12:07:43',NULL,NULL,0),
(25,27,'Nuapada',1,1,'2021-09-25 12:07:43',NULL,NULL,0),
(26,27,'Puri',1,1,'2021-09-25 12:07:43',NULL,NULL,0),
(27,27,'Rayagada',1,1,'2021-09-25 12:07:43',NULL,NULL,0),
(28,27,'Sambalpur',1,1,'2021-09-25 12:07:43',NULL,NULL,0),
(29,27,'Subarnapur',1,1,'2021-09-25 12:07:43',NULL,NULL,0),
(30,27,'Sundergarh',1,1,'2021-09-25 12:07:43',NULL,NULL,0);

/*Table structure for table `optcl_employee_add_recovery` */

DROP TABLE IF EXISTS `optcl_employee_add_recovery`;

CREATE TABLE `optcl_employee_add_recovery` (
  `id` int(11) NOT NULL AUTO_INCREMENT,
  `application_id` int(11) DEFAULT NULL,
  `employee_id` int(11) DEFAULT NULL,
  `recovery_label` varchar(255) COLLATE utf8mb4_unicode_ci DEFAULT NULL,
  `recovery_value` varchar(255) COLLATE utf8mb4_unicode_ci DEFAULT NULL,
  `status` tinyint(1) DEFAULT 1,
  `created_at` datetime DEFAULT NULL,
  `created_by` int(11) DEFAULT NULL,
  `modified_at` datetime DEFAULT NULL,
  `modified_by` int(11) DEFAULT NULL,
  `deleted` tinyint(1) DEFAULT 0,
  PRIMARY KEY (`id`),
  KEY `application_id` (`application_id`),
  KEY `employee_id` (`employee_id`)
) ENGINE=InnoDB AUTO_INCREMENT=8 DEFAULT CHARSET=utf8mb4 COLLATE=utf8mb4_unicode_ci;

/*Data for the table `optcl_employee_add_recovery` */

insert  into `optcl_employee_add_recovery`(`id`,`application_id`,`employee_id`,`recovery_label`,`recovery_value`,`status`,`created_at`,`created_by`,`modified_at`,`modified_by`,`deleted`) values 
(1,9,5,'recovery name','2500',1,'2022-02-01 13:27:31',10,NULL,NULL,0),
(2,2,3,'recovery name','4500',1,'2022-02-01 18:30:59',10,'2022-02-01 21:02:39',11,0),
(3,10,6,'recovery name test 2','4502',1,'2022-02-02 10:04:32',10,'2022-02-02 13:04:43',23,0),
(4,11,7,'recovery label','4500',1,'2022-02-02 18:20:55',10,'2022-02-02 19:03:19',23,0),
(5,13,8,'recovery name','4520',1,'2022-02-04 12:28:32',10,'2022-02-07 15:13:04',11,0),
(6,14,9,'recovery one','4501',1,'2022-02-04 12:56:46',10,NULL,NULL,0),
(7,15,10,'Recovery Name','4500',1,'2022-02-08 13:07:39',10,NULL,NULL,0);

/*Table structure for table `optcl_employee_add_recovery_history` */

DROP TABLE IF EXISTS `optcl_employee_add_recovery_history`;

CREATE TABLE `optcl_employee_add_recovery_history` (
  `id` int(11) NOT NULL AUTO_INCREMENT,
  `recovery_id` int(11) DEFAULT NULL,
  `application_id` int(11) DEFAULT NULL,
  `employee_id` int(11) DEFAULT NULL,
  `recovery_label` varchar(255) CHARACTER SET utf8mb4 COLLATE utf8mb4_unicode_ci DEFAULT NULL,
  `recovery_value` varchar(255) CHARACTER SET utf8mb4 COLLATE utf8mb4_unicode_ci DEFAULT NULL,
  `status` tinyint(1) DEFAULT 1,
  `modified_at` datetime DEFAULT NULL,
  `modified_by` int(11) DEFAULT NULL,
  `deleted` tinyint(1) DEFAULT 0,
  PRIMARY KEY (`id`),
  KEY `application_id` (`application_id`),
  KEY `employee_id` (`employee_id`)
) ENGINE=InnoDB AUTO_INCREMENT=18 DEFAULT CHARSET=utf8mb4;

/*Data for the table `optcl_employee_add_recovery_history` */

insert  into `optcl_employee_add_recovery_history`(`id`,`recovery_id`,`application_id`,`employee_id`,`recovery_label`,`recovery_value`,`status`,`modified_at`,`modified_by`,`deleted`) values 
(1,1,3,1,'recovery label','10000',1,'2022-01-21 16:49:01',11,0),
(2,3,4,1,'testing label one changes','5400',1,'2022-01-21 18:48:07',11,0),
(3,1,9,5,'recovery name','2500',1,'2022-02-01 13:27:31',10,0),
(4,2,2,3,'recovery name','4500',1,'2022-02-01 18:30:59',10,0),
(5,2,2,3,'recovery name','4500',1,'2022-02-01 21:02:39',11,0),
(6,3,10,6,'recovery name','4500',1,'2022-02-02 10:04:32',10,0),
(7,3,10,6,'recovery name','4500',1,'2022-02-02 10:24:45',11,0),
(8,3,10,6,'recovery name test 1','4501',1,'2022-02-02 11:23:08',15,0),
(9,3,10,6,'recovery name test 2','4502',1,'2022-02-02 13:04:43',23,0),
(10,4,11,7,'recovery label','4500',1,'2022-02-02 18:20:55',10,0),
(11,4,11,7,'recovery label','4500',1,'2022-02-02 18:47:23',11,0),
(12,4,11,7,'recovery label','4500',1,'2022-02-02 18:54:34',15,0),
(13,4,11,7,'recovery label','4500',1,'2022-02-02 19:03:19',23,0),
(14,5,13,8,'recovery name','4520',1,'2022-02-04 12:28:32',10,0),
(15,6,14,9,'recovery one','4501',1,'2022-02-04 12:56:46',10,0),
(16,5,13,8,'recovery name','4520',1,'2022-02-07 15:13:04',11,0),
(17,7,15,10,'Recovery Name','4500',1,'2022-02-08 13:07:39',10,0);

/*Table structure for table `optcl_employee_designation_master` */

DROP TABLE IF EXISTS `optcl_employee_designation_master`;

CREATE TABLE `optcl_employee_designation_master` (
  `id` int(11) NOT NULL AUTO_INCREMENT,
  `designation_name` varchar(50) CHARACTER SET utf8mb4 DEFAULT NULL,
  `status` tinyint(1) DEFAULT 1,
  `created_by` int(11) DEFAULT NULL,
  `created_at` datetime DEFAULT NULL,
  `modified_by` int(11) DEFAULT NULL,
  `modified_at` datetime DEFAULT NULL,
  `deleted` tinyint(1) DEFAULT 0,
  PRIMARY KEY (`id`)
) ENGINE=InnoDB AUTO_INCREMENT=47 DEFAULT CHARSET=utf8;

/*Data for the table `optcl_employee_designation_master` */

insert  into `optcl_employee_designation_master`(`id`,`designation_name`,`status`,`created_by`,`created_at`,`modified_by`,`modified_at`,`deleted`) values 
(1,'Sr OA',1,1,'2021-09-25 13:28:23',NULL,NULL,0),
(2,'OA GRADE-I',1,1,'2021-09-25 13:28:23',NULL,NULL,0),
(3,'OA GRADE-II',1,1,'2021-09-25 13:28:23',NULL,NULL,0),
(4,'OA GRADE-III',1,1,'2021-09-25 13:28:23',NULL,NULL,0),
(5,'OA GRADE-III(TRAINEE)',1,1,'2021-09-25 13:28:23',NULL,NULL,0),
(6,'DIARIST',1,1,'2021-09-25 13:28:23',NULL,NULL,0),
(7,'SR. STENOGRAPHER',1,1,'2021-09-25 13:28:23',NULL,NULL,0),
(8,'STENO GRADE-I',1,1,'2021-09-25 13:28:23',NULL,NULL,0),
(9,'STENO GRADE-II',1,1,'2021-09-25 13:28:23',NULL,NULL,0),
(10,'STENO GRADE-III',1,1,'2021-09-25 13:28:23',NULL,NULL,0),
(11,'INSTRUCTOR',1,1,'2021-09-25 13:28:23',NULL,NULL,0),
(12,'FOREMAN',1,1,'2021-09-25 13:28:23',NULL,NULL,0),
(13,'SR CHARGEMAN',1,1,'2021-09-25 13:28:23',NULL,NULL,0),
(14,'TECHNICIAN GR-I',1,1,'2021-09-25 13:28:23',NULL,NULL,0),
(15,'TECHNICIAN GR-II',1,1,'2021-09-25 13:28:23',NULL,NULL,0),
(16,'TECHNICIAN GR-III',1,1,'2021-09-25 13:28:23',NULL,NULL,0),
(17,'JR TECHNICIAN',1,1,'2021-09-25 13:28:23',NULL,NULL,0),
(18,'JMOT',1,1,'2021-09-25 13:28:23',NULL,NULL,0),
(19,'HELPER (UNSKILLED / SSB/ VEHICLE)',1,1,'2021-09-25 13:28:23',NULL,NULL,0),
(20,'FOREMAN/ SR TECHNICIAN',1,1,'2021-09-25 13:28:23',NULL,NULL,0),
(21,'TECHNICIAN GR-I',1,1,'2021-09-25 13:28:23',NULL,NULL,0),
(22,'TECHNICIAN GR-II',1,1,'2021-09-25 13:28:23',NULL,NULL,0),
(23,'TECHNICIAN GR-III+AC OPERATOR',1,1,'2021-09-25 13:28:23',NULL,NULL,0),
(24,'JR TECHNICIAN',1,1,'2021-09-25 13:28:23',NULL,NULL,0),
(25,'HELPER (UNSKILLED)',1,1,'2021-09-25 13:28:23',NULL,NULL,0),
(26,'ASST. RI, RI GR-III, RI GR-II, RI GR-I,SR. RI-II, ',1,1,'2021-09-25 13:28:23',NULL,NULL,0),
(27,'AMIN',1,1,'2021-09-25 13:28:23',NULL,NULL,0),
(28,'PHARMACIST/ LAB TECHNICIAN',1,1,'2021-09-25 13:28:23',NULL,NULL,0),
(29,'NURSE',1,1,'2021-09-25 13:28:23',NULL,NULL,0),
(30,'DRESSER',1,1,'2021-09-25 13:28:23',NULL,NULL,0),
(31,'ATTENDANT',1,1,'2021-09-25 13:28:23',NULL,NULL,0),
(32,'DRIVER HSKA',1,1,'2021-09-25 13:28:23',NULL,NULL,0),
(33,'DRIVER HSKB',1,1,'2021-09-25 13:28:23',NULL,NULL,0),
(34,'DRIVER-A',1,1,'2021-09-25 13:28:23',NULL,NULL,0),
(35,'DRIVER-B',1,1,'2021-09-25 13:28:23',NULL,NULL,0),
(36,'WORKSARKAR',1,1,'2021-09-25 13:28:23',NULL,NULL,0),
(37,'MASSON',1,1,'2021-09-25 13:28:23',NULL,NULL,0),
(38,'CARPENTER',1,1,'2021-09-25 13:28:23',NULL,NULL,0),
(39,'PLUMBER',1,1,'2021-09-25 13:28:23',NULL,NULL,0),
(40,'HELPER',1,1,'2021-09-25 13:28:23',NULL,NULL,0),
(41,'TYPIST/ ISSUE SUPT',1,1,'2021-09-25 13:28:23',NULL,NULL,0),
(42,'DRAFTSMAN/ DRAW. SUPT.',1,1,'2021-09-25 13:28:23',NULL,NULL,0),
(43,'HEAD TEL. OPT / TEL. OPT/ TELC. OPT',1,1,'2021-09-25 13:28:23',NULL,NULL,0),
(44,'HD MALI/ HD SWEEPER/ SWEEPER/ JAMADAR',1,1,'2021-09-25 13:28:23',NULL,NULL,0),
(45,'PEON & OTHERS(ATTENDANT/ WATCHMAN/ GARDENER)',1,1,'2021-09-25 13:28:23',NULL,NULL,0),
(46,'MISC ( IT ASST. GR-II, IT ASST. GR-I, SR.IT ASST. ',1,1,'2021-09-25 13:28:23',NULL,NULL,0);

/*Table structure for table `optcl_employee_document_details` */

DROP TABLE IF EXISTS `optcl_employee_document_details`;

CREATE TABLE `optcl_employee_document_details` (
  `id` int(11) NOT NULL AUTO_INCREMENT,
  `employee_id` int(11) DEFAULT NULL,
  `attached_recent_passport` varchar(255) DEFAULT NULL,
  `attached_dob_certificate` varchar(255) DEFAULT NULL,
  `attached_undertaking_declaration` varchar(255) DEFAULT NULL,
  `attached_bank_passbook` varchar(255) DEFAULT NULL,
  `attached_cancelled_chqeue` varchar(255) DEFAULT NULL,
  `attached_indemnity_bond` varchar(255) DEFAULT NULL,
  `attached_descriptive_roll_slips` varchar(255) DEFAULT NULL,
  `created_by` int(11) DEFAULT NULL,
  `created_at` datetime DEFAULT NULL,
  `modified_by` int(11) DEFAULT NULL,
  `modified_at` datetime DEFAULT NULL,
  `status` tinyint(1) DEFAULT 1,
  `deleted` tinyint(1) DEFAULT 0,
  PRIMARY KEY (`id`),
  KEY `employee_id` (`employee_id`)
) ENGINE=InnoDB AUTO_INCREMENT=10 DEFAULT CHARSET=utf8mb4;

/*Data for the table `optcl_employee_document_details` */

insert  into `optcl_employee_document_details`(`id`,`employee_id`,`attached_recent_passport`,`attached_dob_certificate`,`attached_undertaking_declaration`,`attached_bank_passbook`,`attached_cancelled_chqeue`,`attached_indemnity_bond`,`attached_descriptive_roll_slips`,`created_by`,`created_at`,`modified_by`,`modified_at`,`status`,`deleted`) values 
(1,2,'uploads/documents/1642050729-1883149132.jpg','uploads/documents/1642050775-1129338941.jpg','uploads/documents/1642050792-1518372721.jpg','uploads/documents/1642050822-1969677682.jpg','uploads/documents/1642050918-1994377455.jpg','uploads/documents/1642050889-1350435161.jpg','uploads/documents/1642050853-1166671256.jpg',20,'2022-01-13 10:46:18',20,'2022-01-13 10:46:18',1,0),
(2,3,'uploads/documents/1642059423-1486191024.jpg','uploads/documents/1642059431-1503276324.jpg','uploads/documents/1642059448-1640379046.jpg','uploads/documents/1642059458-1833153648.jpg','uploads/documents/1642059471-1948875952.jpg','uploads/documents/1642059479-1906056056.jpg','uploads/documents/1642059494-1948824575.jpg',21,'2022-01-13 13:16:38',21,'2022-01-13 13:16:38',1,0),
(3,4,'uploads/documents/1643636736-1700867847.jpg','uploads/documents/1643636741-1668379799.jpg','uploads/documents/1643636747-1303915707.jpg','uploads/documents/1643636752-1669311216.jpg','uploads/documents/1643636758-149169798.jpg','uploads/documents/1643636763-1706376365.jpg','uploads/documents/1643636769-1368499474.jpg',8,'2022-01-31 19:55:20',8,'2022-01-31 19:55:20',1,0),
(4,5,'uploads/documents/1643699487-1114255519.jpg','uploads/documents/1643699494-150614120.jpg','uploads/documents/1643699514-1573941271.jpg','uploads/documents/1643699521-1328828476.jpg','uploads/documents/1643699528-1203564200.jpg','uploads/documents/1643699534-142047729.jpg','uploads/documents/1643699541-1399923332.jpg',22,'2022-02-01 12:42:39',22,'2022-02-01 12:42:39',1,0),
(5,6,'uploads/documents/1643737897-1761611494.jpg','uploads/documents/1643737906-181000270.jpg','uploads/documents/1643737912-1142708530.jpg','uploads/documents/1643737920-1954099002.jpg','uploads/documents/1643737930-1705918574.jpg','uploads/documents/1643737936-1262682056.jpg','uploads/documents/1643737943-1233501138.jpg',24,'2022-02-01 23:22:27',24,'2022-02-01 23:22:27',1,0),
(6,7,'uploads/documents/1643806068-1382308268.jpg','uploads/documents/1643806074-1797060954.jpg','uploads/documents/1643806079-1653676014.jpg','uploads/documents/1643806086-1585886516.jpg','uploads/documents/1643806091-1934314934.jpg','uploads/documents/1643806096-1182324802.jpg','uploads/documents/1643806102-1873495435.jpg',30,'2022-02-02 18:18:25',30,'2022-02-02 18:18:25',1,0),
(7,8,'uploads/documents/1643953462-1187197744.jpg','uploads/documents/1643953470-1131631531.jpg','uploads/documents/1643953484-1633647396.jpg','uploads/documents/1643953495-1112682943.jpg','uploads/documents/1643953509-1183538136.jpg','uploads/documents/1643953528-1808697526.jpg','uploads/documents/1643953550-145673688.jpg',29,'2022-02-04 12:39:27',29,'2022-02-04 12:39:27',1,0),
(8,9,'uploads/documents/1643959409-1901366645.jpg','uploads/documents/1643959417-1432827135.jpg','uploads/documents/1643959423-1104827942.jpg','uploads/documents/1643959429-1726192917.jpg','uploads/documents/1643959435-1601873859.jpg','uploads/documents/1643959442-1994912009.jpg','uploads/documents/1643959449-1425305052.jpg',27,'2022-02-04 12:54:17',27,'2022-02-04 12:54:17',1,0),
(9,10,'uploads/documents/1644302644-1832859148.jpg','uploads/documents/1644302648-1513181270.jpg','uploads/documents/1644302654-1230599309.jpg','uploads/documents/1644302686-1316978827.jpg','uploads/documents/1644302694-1610731552.jpg','uploads/documents/1644302702-1860403101.jpg','uploads/documents/1644302719-1597436377.jpg',13,'2022-02-08 12:15:21',13,'2022-02-08 12:15:21',1,0);

/*Table structure for table `optcl_employee_gender_master` */

DROP TABLE IF EXISTS `optcl_employee_gender_master`;

CREATE TABLE `optcl_employee_gender_master` (
  `id` int(11) NOT NULL AUTO_INCREMENT,
  `gender_name` varchar(20) DEFAULT NULL,
  `status` tinyint(1) DEFAULT 1,
  `created_by` int(11) DEFAULT NULL,
  `created_at` datetime DEFAULT NULL,
  `modified_by` int(11) DEFAULT NULL,
  `modified_at` datetime DEFAULT NULL,
  `deleted` tinyint(1) DEFAULT 0,
  PRIMARY KEY (`id`)
) ENGINE=InnoDB AUTO_INCREMENT=3 DEFAULT CHARSET=utf8;

/*Data for the table `optcl_employee_gender_master` */

insert  into `optcl_employee_gender_master`(`id`,`gender_name`,`status`,`created_by`,`created_at`,`modified_by`,`modified_at`,`deleted`) values 
(1,'Male',1,1,'2021-09-25 12:19:48',NULL,NULL,0),
(2,'Female',1,1,'2021-09-25 12:19:50',NULL,NULL,0);

/*Table structure for table `optcl_employee_master` */

DROP TABLE IF EXISTS `optcl_employee_master`;

CREATE TABLE `optcl_employee_master` (
  `id` int(11) NOT NULL AUTO_INCREMENT,
  `application_no` varchar(30) DEFAULT NULL,
  `employee_code` varchar(15) DEFAULT NULL,
  `ppo_no` varchar(10) DEFAULT NULL,
  `aadhaar_no` varchar(12) DEFAULT NULL,
  `employee_name` varchar(50) CHARACTER SET utf8mb4 DEFAULT NULL,
  `designation_id` int(11) DEFAULT NULL,
  `date_of_birth` date DEFAULT NULL,
  `father_name` varchar(50) CHARACTER SET utf8mb4 DEFAULT NULL,
  `gender_id` int(11) DEFAULT NULL,
  `marital_status_id` int(11) DEFAULT NULL,
  `husband_name` varchar(50) CHARACTER SET utf8mb4 DEFAULT NULL,
  `religion_id` int(11) DEFAULT NULL,
  `pf_account_type_id` int(11) DEFAULT NULL,
  `pf_account_no` bigint(10) DEFAULT NULL,
  `optcl_unit_id` int(11) DEFAULT NULL,
  `date_of_joining` date DEFAULT NULL,
  `date_of_retirement` date DEFAULT NULL,
  `status` tinyint(1) NOT NULL DEFAULT 1,
  `created_by` int(11) DEFAULT NULL,
  `created_at` datetime DEFAULT NULL,
  `modified_by` int(11) DEFAULT NULL,
  `modified_at` datetime DEFAULT NULL,
  `deleted` tinyint(1) NOT NULL DEFAULT 0,
  PRIMARY KEY (`id`)
) ENGINE=InnoDB AUTO_INCREMENT=12 DEFAULT CHARSET=utf8;

/*Data for the table `optcl_employee_master` */

insert  into `optcl_employee_master`(`id`,`application_no`,`employee_code`,`ppo_no`,`aadhaar_no`,`employee_name`,`designation_id`,`date_of_birth`,`father_name`,`gender_id`,`marital_status_id`,`husband_name`,`religion_id`,`pf_account_type_id`,`pf_account_no`,`optcl_unit_id`,`date_of_joining`,`date_of_retirement`,`status`,`created_by`,`created_at`,`modified_by`,`modified_at`,`deleted`) values 
(1,'OPTCL-00001-2022','42600',NULL,'999999999102','BRAJABANDHU SAMAL',14,'1961-04-18','Test Father A',1,1,NULL,1,1,88102,1,'1982-08-21','2021-04-30',1,1,'2022-01-12 12:14:05',1,'2022-05-10 15:43:01',0),
(2,NULL,'42610',NULL,'999999999103','GOPAL SAHOO B',15,'1970-01-01','Brajabandhu sahoo A',1,1,'',1,1,88104,1,'1970-01-01','1970-01-01',1,20,'2022-01-12 13:28:22',20,'2022-01-12 18:16:19',0),
(3,'OPTCL-00003-2022','42611',NULL,'999999999104','GHANASYAMA SAHOO',14,'1961-04-18','Test father name',1,1,'',1,1,88105,1,'1982-08-21','2021-04-30',1,21,'2022-01-13 12:20:30',21,'2022-02-01 19:16:40',0),
(4,'OPTCL-00004-2022','56586',NULL,'758475775557','GOPAL MOHANTY',1,'1979-01-01','Gopal Swain',1,2,'',1,1,74587,1,'1970-01-01','2022-05-02',1,8,'2022-01-31 19:05:32',8,'2022-01-31 19:45:19',0),
(5,'OPTCL-00005-2022','42612',NULL,'333333333444','GOBINDA MOHANTY',1,'1979-01-01','Gopala Behera',1,2,'',1,1,45632,1,'1999-12-30','2022-03-12',1,22,'2022-02-01 12:33:02',22,'2022-02-01 12:46:44',0),
(6,'OPTCL-00006-2022','42614',NULL,'987465465487','GOPAL BEHERA',1,'1977-09-26','Gopal Behera',1,2,'',1,1,41256,1,'1997-09-30','2022-03-12',1,24,'2022-02-01 23:16:38',NULL,NULL,0),
(7,'OPTCL-00007-2022','42619',NULL,'874654987984','APPLICANT NMAE',1,'1969-01-05','Applicant Father',1,2,'',1,1,54657,1,'1989-02-07','2022-03-12',1,30,'2022-02-02 18:14:47',NULL,NULL,0),
(8,'OPTCL-00008-2022','42618',NULL,'798746431232','GOBINDA MOHANTY',1,'1979-01-01','Father Mohanty',1,2,'',1,1,74589,1,'1999-01-04','2022-03-05',1,29,'2022-02-04 11:11:10',29,'2022-02-04 12:39:20',0),
(9,'OPTCL-00009-2022','42617',NULL,'241234134123','GOBINDA SETHI',1,'1969-01-06','Father Sethi',1,2,'',1,1,97946,1,'1989-02-14','2022-03-12',1,27,'2022-02-04 12:49:09',NULL,NULL,0),
(10,'OPTCL-00010-2022','38906',NULL,'523423423423','GOPALA MOHANTY',1,'1979-01-01','Fathere Mohanty',1,2,'',1,1,78965,1,'1999-01-04','2022-03-12',1,13,'2022-02-08 12:10:42',13,'2022-02-08 13:26:01',0),
(11,NULL,'42650',NULL,'123654789101','APPLICANT ONE',1,'1989-01-01','Applicant Father',2,1,'Husband Name',1,1,78966,1,'1990-12-26','2022-03-12',1,10,'2022-02-14 12:58:22',68,'2022-02-14 13:04:39',0);

/*Table structure for table `optcl_employee_nominee_details` */

DROP TABLE IF EXISTS `optcl_employee_nominee_details`;

CREATE TABLE `optcl_employee_nominee_details` (
  `id` int(11) NOT NULL AUTO_INCREMENT,
  `employee_id` int(11) DEFAULT NULL,
  `employee_code` varchar(15) DEFAULT NULL,
  `employee_aadhaar_no` varchar(12) DEFAULT NULL,
  `nominee_name` varchar(50) CHARACTER SET utf8mb4 DEFAULT NULL,
  `date_of_birth` date DEFAULT NULL,
  `dob_attachment_path` tinytext CHARACTER SET utf8mb4 DEFAULT NULL,
  `gender_id` int(11) DEFAULT NULL,
  `nominee_preference_id` int(11) DEFAULT NULL,
  `relationship_id` int(11) DEFAULT NULL,
  `is_spouse` tinyint(1) DEFAULT 0 COMMENT '1 for Yes, 0 for No',
  `is_2nd_spouse` tinyint(1) DEFAULT 0 COMMENT '2 for 2nd Spouse, 1 for 1st Spouse',
  `1st_spouse_death_date` date DEFAULT NULL COMMENT 'if spouse type is 2nd Spouse, then need to provide data',
  `1st_spouse_death_certificate_path` tinytext CHARACTER SET utf8mb4 DEFAULT NULL COMMENT 'if spouse type is 2nd Spouse, then need to provide data',
  `marital_status_id` int(11) DEFAULT NULL,
  `nominee_aadhaar_no` bigint(12) DEFAULT NULL,
  `mobile_no` bigint(10) DEFAULT NULL,
  `savings_bank_account_no` bigint(20) DEFAULT NULL,
  `bank_id` int(11) DEFAULT NULL,
  `bank_branch_id` int(11) DEFAULT NULL,
  `employement_status` tinyint(1) DEFAULT 0 COMMENT '1 for employed, 0 for unemployed',
  `total_income_per_annum` double(10,2) DEFAULT NULL,
  `is_physically_handicapped` tinyint(1) DEFAULT 0,
  `disability_certificate_path` tinytext CHARACTER SET utf8mb4 DEFAULT NULL,
  `disability_percentage` int(11) DEFAULT NULL,
  `pension_amount_share_percentage` double(10,2) DEFAULT NULL,
  `is_minor` tinyint(1) DEFAULT 0,
  `legal_guardian_name` varchar(50) CHARACTER SET utf8mb4 DEFAULT NULL,
  `legal_guardian_age` int(3) DEFAULT NULL,
  `legal_guardian_addr` tinytext CHARACTER SET utf8mb4 DEFAULT NULL,
  `legal_guardian_attachment_path` tinytext CHARACTER SET utf8mb4 DEFAULT NULL,
  `status` tinyint(1) DEFAULT 1,
  `created_by` int(11) DEFAULT NULL,
  `created_at` datetime DEFAULT NULL,
  `modified_by` int(11) DEFAULT NULL,
  `modified_at` datetime DEFAULT NULL,
  `deleted` tinyint(1) DEFAULT 0,
  PRIMARY KEY (`id`)
) ENGINE=InnoDB AUTO_INCREMENT=12 DEFAULT CHARSET=utf8;

/*Data for the table `optcl_employee_nominee_details` */

insert  into `optcl_employee_nominee_details`(`id`,`employee_id`,`employee_code`,`employee_aadhaar_no`,`nominee_name`,`date_of_birth`,`dob_attachment_path`,`gender_id`,`nominee_preference_id`,`relationship_id`,`is_spouse`,`is_2nd_spouse`,`1st_spouse_death_date`,`1st_spouse_death_certificate_path`,`marital_status_id`,`nominee_aadhaar_no`,`mobile_no`,`savings_bank_account_no`,`bank_id`,`bank_branch_id`,`employement_status`,`total_income_per_annum`,`is_physically_handicapped`,`disability_certificate_path`,`disability_percentage`,`pension_amount_share_percentage`,`is_minor`,`legal_guardian_name`,`legal_guardian_age`,`legal_guardian_addr`,`legal_guardian_attachment_path`,`status`,`created_by`,`created_at`,`modified_by`,`modified_at`,`deleted`) values 
(1,2,'42610','999999999103','Pinaki sahoo A','1997-05-21','uploads/documents/1641998447-1642890091.png',1,1,2,NULL,0,NULL,NULL,2,777777777102,6666666602,11111111102,3,190,1,80000.00,1,'uploads/documents/1641998447-1308750649.png',30,60.00,1,'Test Legal guardian Name A',50,'Test address A','uploads/documents/1641998447-145440440.png',1,20,'2022-01-12 20:10:46',20,'2022-01-12 20:10:46',0),
(2,2,'42610','999999999103','Maya Hood','1997-05-20','uploads/documents/1641985153-1782224936.png',1,2,2,NULL,0,NULL,NULL,1,909099888099,6776767676,98989899090,1,927,2,0.00,1,'uploads/documents/1641985153-1898352408.png',40,50.00,1,'Test name',55,'Test address','uploads/documents/1641985153-147432621.png',1,20,'2022-01-12 16:42:29',20,'2022-01-12 16:42:29',1),
(3,2,'42610','999999999103','Test name','1997-05-20','uploads/documents/1641985440-1839557181.png',1,3,1,1,0,NULL,NULL,1,987678966767,8787878787,8878898998,1,927,1,80000.00,1,'uploads/documents/1641985440-1307070909.png',40,50.00,1,'test name',66,'Test address','uploads/documents/1641985440-1556701506.png',1,20,'2022-01-12 16:34:00',20,'2022-01-12 16:34:00',1),
(4,3,'42611','999999999104','Test Nominee name','1997-05-20','uploads/documents/1642059168-1809686864.png',1,1,1,1,0,NULL,NULL,1,777777777103,6666666603,11111111103,1,515,1,51100.00,2,NULL,NULL,40.00,NULL,NULL,NULL,NULL,NULL,1,21,'2022-02-01 18:29:04',21,'2022-02-01 18:29:04',0),
(5,4,'56586','758475775557','nominee name','2009-02-17','uploads/documents/1643636722-1143008894.png',1,1,2,NULL,0,NULL,NULL,2,785477878455,7845121596,7854214563,1,399,2,0.00,2,NULL,NULL,55.00,NULL,NULL,NULL,NULL,NULL,1,8,'2022-02-01 10:47:18',8,'2022-02-01 10:47:18',0),
(6,5,'42612','333333333444','nominee Name','2019-01-22','uploads/documents/1643699380-1667341995.png',1,1,2,NULL,0,NULL,NULL,2,654654987983,7878748555,7845124257,1,399,2,0.00,2,NULL,NULL,54.00,0,NULL,NULL,NULL,NULL,1,22,'2022-02-01 12:39:40',22,'2022-02-01 12:39:40',0),
(7,6,'42614','987465465487','Nominee name','2019-01-07','uploads/documents/1643737878-1974639856.png',1,1,2,NULL,0,NULL,NULL,2,789654123654,7845785965,741741741714,1,401,2,0.00,2,NULL,NULL,55.00,0,NULL,NULL,NULL,NULL,1,24,'2022-02-01 23:21:17',24,'2022-02-01 23:21:17',0),
(8,7,'42619','874654987984','Nominee Name','2009-01-26','uploads/documents/1643806056-1689219495.png',1,1,2,NULL,0,NULL,NULL,2,417752524245,8746498794,74114141144,1,400,2,0.00,2,NULL,NULL,45.00,0,NULL,NULL,NULL,NULL,1,30,'2022-02-02 18:17:35',30,'2022-02-02 18:17:35',0),
(9,8,'42618','798746431232','Nominee Name','1999-03-10','uploads/documents/1643953449-1764613045.png',1,1,2,NULL,0,NULL,NULL,2,132124123442,7485968959,4534532324243,1,399,2,0.00,2,NULL,NULL,55.00,NULL,NULL,NULL,NULL,NULL,1,29,'2022-02-04 12:26:16',29,'2022-02-04 12:26:16',0),
(10,9,'42617','241234134123','nominee name','2000-02-01','uploads/documents/1643959390-1466043362.png',1,1,2,NULL,0,NULL,NULL,2,546363546356,8746541231,657567567567,1,399,2,0.00,2,NULL,NULL,56.00,0,NULL,NULL,NULL,NULL,1,27,'2022-02-04 12:53:10',27,'2022-02-04 12:53:10',0),
(11,10,'38906','523423423423','Nominee Name','2019-01-15','uploads/documents/1644302631-1126091364.png',1,1,2,NULL,0,NULL,NULL,2,567856785678,7478787877,7474757878787,1,400,2,0.00,2,NULL,NULL,75.00,NULL,NULL,NULL,NULL,NULL,1,13,'2022-02-08 15:20:16',13,'2022-02-08 15:20:16',0);

/*Table structure for table `optcl_employee_pension_sanction_order` */

DROP TABLE IF EXISTS `optcl_employee_pension_sanction_order`;

CREATE TABLE `optcl_employee_pension_sanction_order` (
  `id` int(11) NOT NULL AUTO_INCREMENT,
  `application_id` int(11) DEFAULT NULL,
  `employee_id` int(11) DEFAULT NULL,
  `sanction_order_to_name` varchar(255) COLLATE utf8_unicode_ci DEFAULT NULL,
  `sanction_faithfully` varchar(255) COLLATE utf8_unicode_ci DEFAULT NULL,
  `status` tinyint(1) DEFAULT 1,
  `created_at` datetime DEFAULT NULL,
  `created_by` int(11) DEFAULT NULL,
  `modified_at` datetime DEFAULT NULL,
  `modified_by` int(11) DEFAULT NULL,
  `deleted` tinyint(1) DEFAULT 0,
  PRIMARY KEY (`id`),
  KEY `application_id` (`application_id`),
  KEY `employee_id` (`employee_id`)
) ENGINE=InnoDB AUTO_INCREMENT=3 DEFAULT CHARSET=utf8 COLLATE=utf8_unicode_ci;

/*Data for the table `optcl_employee_pension_sanction_order` */

insert  into `optcl_employee_pension_sanction_order`(`id`,`application_id`,`employee_id`,`sanction_order_to_name`,`sanction_faithfully`,`status`,`created_at`,`created_by`,`modified_at`,`modified_by`,`deleted`) values 
(1,10,6,'ERD','ERD',1,'2022-02-02 16:54:13',19,NULL,NULL,0),
(2,11,7,'EDT','edt',1,'2022-02-02 19:06:06',19,NULL,NULL,0);

/*Table structure for table `optcl_employee_pension_service_form` */

DROP TABLE IF EXISTS `optcl_employee_pension_service_form`;

CREATE TABLE `optcl_employee_pension_service_form` (
  `id` int(11) NOT NULL AUTO_INCREMENT,
  `application_id` int(11) DEFAULT NULL,
  `employee_id` int(11) DEFAULT NULL,
  `is_service_period_duly` tinyint(1) DEFAULT 0,
  `service_period_duly_from` date DEFAULT NULL,
  `service_period_duly_to` date DEFAULT NULL,
  `is_period_of_absence` tinyint(1) DEFAULT 0,
  `service_period_absence_from` date DEFAULT NULL,
  `service_period_absence_to` date DEFAULT NULL,
  `is_departmental_or_judicial` tinyint(1) DEFAULT 0,
  `scale_of_pay` varchar(255) COLLATE utf8_unicode_ci DEFAULT NULL,
  `last_basic_pay` double(10,2) DEFAULT NULL,
  `is_no_demand_certificate` tinyint(1) DEFAULT 0,
  `reason_of_no_demand_certificate` varchar(255) COLLATE utf8_unicode_ci DEFAULT NULL,
  `is_recommended_provisional_pension` tinyint(1) DEFAULT 0,
  `gross_years` int(11) DEFAULT NULL,
  `gross_months` int(11) DEFAULT NULL,
  `gross_days` int(11) DEFAULT NULL,
  `non_qualifying_years` int(11) DEFAULT NULL,
  `non_qualifying_months` int(11) DEFAULT NULL,
  `non_qualifying_days` int(11) DEFAULT NULL,
  `net_qualifying_years` int(11) DEFAULT NULL,
  `net_qualifying_months` int(11) DEFAULT NULL,
  `net_qualifying_days` int(11) DEFAULT NULL,
  `non_qualifying_period_from` date DEFAULT NULL,
  `non_qualifying_period_to` date DEFAULT NULL,
  `status` tinyint(1) DEFAULT 1,
  `created_at` datetime DEFAULT NULL,
  `created_by` int(11) DEFAULT NULL,
  `modified_at` datetime DEFAULT NULL,
  `modified_by` int(11) DEFAULT NULL,
  `deleted` tinyint(1) DEFAULT 0,
  PRIMARY KEY (`id`),
  KEY `application_id` (`application_id`),
  KEY `employee_id` (`employee_id`)
) ENGINE=InnoDB AUTO_INCREMENT=7 DEFAULT CHARSET=utf8 COLLATE=utf8_unicode_ci;

/*Data for the table `optcl_employee_pension_service_form` */

insert  into `optcl_employee_pension_service_form`(`id`,`application_id`,`employee_id`,`is_service_period_duly`,`service_period_duly_from`,`service_period_duly_to`,`is_period_of_absence`,`service_period_absence_from`,`service_period_absence_to`,`is_departmental_or_judicial`,`scale_of_pay`,`last_basic_pay`,`is_no_demand_certificate`,`reason_of_no_demand_certificate`,`is_recommended_provisional_pension`,`gross_years`,`gross_months`,`gross_days`,`non_qualifying_years`,`non_qualifying_months`,`non_qualifying_days`,`net_qualifying_years`,`net_qualifying_months`,`net_qualifying_days`,`non_qualifying_period_from`,`non_qualifying_period_to`,`status`,`created_at`,`created_by`,`modified_at`,`modified_by`,`deleted`) values 
(1,2,3,0,NULL,NULL,1,NULL,NULL,0,'pay',51100.00,0,'test',0,2,3,29,0,0,0,2,3,29,NULL,NULL,1,'2022-02-01 18:52:40',10,'2022-02-01 21:03:01',11,0),
(2,10,6,0,NULL,NULL,1,NULL,NULL,0,'Pay',56000.00,1,NULL,0,24,5,10,0,0,0,24,5,10,NULL,NULL,1,'2022-02-02 10:06:24',10,'2022-02-02 13:25:22',23,0),
(3,11,7,0,NULL,NULL,1,NULL,NULL,1,'pay',54000.00,0,'Cretificate Name',0,30,5,29,0,0,0,30,5,29,NULL,NULL,1,'2022-02-02 18:43:27',10,'2022-02-02 19:03:34',23,0),
(4,13,8,0,NULL,NULL,1,NULL,NULL,1,'Pay',45000.00,0,'Certificate',0,23,1,21,0,0,0,23,1,21,NULL,NULL,1,'2022-02-04 12:29:29',10,'2022-02-07 15:13:24',11,0),
(5,14,9,0,NULL,NULL,1,NULL,NULL,1,'Basic Pay',56000.00,1,NULL,0,33,0,26,0,0,0,33,0,26,NULL,NULL,1,'2022-02-04 12:57:35',10,NULL,NULL,0),
(6,15,10,0,NULL,NULL,1,NULL,NULL,1,'Pay',45000.00,1,NULL,0,23,1,10,0,0,0,23,1,10,NULL,NULL,1,'2022-02-08 13:08:38',10,NULL,NULL,0);

/*Table structure for table `optcl_employee_pension_service_form_history` */

DROP TABLE IF EXISTS `optcl_employee_pension_service_form_history`;

CREATE TABLE `optcl_employee_pension_service_form_history` (
  `id` int(11) NOT NULL AUTO_INCREMENT,
  `service_form_id` int(11) DEFAULT NULL,
  `application_id` int(11) DEFAULT NULL,
  `employee_id` int(11) DEFAULT NULL,
  `is_service_period_duly` tinyint(1) DEFAULT 0,
  `service_period_duly_from` date DEFAULT NULL,
  `service_period_duly_to` date DEFAULT NULL,
  `is_period_of_absence` tinyint(1) DEFAULT 0,
  `service_period_absence_from` date DEFAULT NULL,
  `service_period_absence_to` date DEFAULT NULL,
  `is_departmental_or_judicial` tinyint(1) DEFAULT 0,
  `scale_of_pay` varchar(255) CHARACTER SET utf8 COLLATE utf8_unicode_ci DEFAULT NULL,
  `last_basic_pay` double(10,2) DEFAULT NULL,
  `is_no_demand_certificate` tinyint(1) DEFAULT 0,
  `reason_of_no_demand_certificate` varchar(255) CHARACTER SET utf8 COLLATE utf8_unicode_ci DEFAULT NULL,
  `is_recommended_provisional_pension` tinyint(1) DEFAULT 0,
  `gross_years` int(11) DEFAULT NULL,
  `gross_months` int(11) DEFAULT NULL,
  `gross_days` int(11) DEFAULT NULL,
  `non_qualifying_years` int(11) DEFAULT NULL,
  `non_qualifying_months` int(11) DEFAULT NULL,
  `non_qualifying_days` int(11) DEFAULT NULL,
  `net_qualifying_years` int(11) DEFAULT NULL,
  `net_qualifying_months` int(11) DEFAULT NULL,
  `net_qualifying_days` int(11) DEFAULT NULL,
  `non_qualifying_period_from` date DEFAULT NULL,
  `non_qualifying_period_to` date DEFAULT NULL,
  `status_id` int(11) DEFAULT NULL,
  `status` tinyint(1) DEFAULT 1,
  `modified_at` datetime DEFAULT NULL,
  `modified_by` int(11) DEFAULT NULL,
  `deleted` tinyint(1) DEFAULT 0,
  PRIMARY KEY (`id`),
  KEY `application_id` (`application_id`),
  KEY `employee_id` (`employee_id`)
) ENGINE=InnoDB AUTO_INCREMENT=15 DEFAULT CHARSET=utf8mb4;

/*Data for the table `optcl_employee_pension_service_form_history` */

insert  into `optcl_employee_pension_service_form_history`(`id`,`service_form_id`,`application_id`,`employee_id`,`is_service_period_duly`,`service_period_duly_from`,`service_period_duly_to`,`is_period_of_absence`,`service_period_absence_from`,`service_period_absence_to`,`is_departmental_or_judicial`,`scale_of_pay`,`last_basic_pay`,`is_no_demand_certificate`,`reason_of_no_demand_certificate`,`is_recommended_provisional_pension`,`gross_years`,`gross_months`,`gross_days`,`non_qualifying_years`,`non_qualifying_months`,`non_qualifying_days`,`net_qualifying_years`,`net_qualifying_months`,`net_qualifying_days`,`non_qualifying_period_from`,`non_qualifying_period_to`,`status_id`,`status`,`modified_at`,`modified_by`,`deleted`) values 
(1,1,2,3,0,NULL,NULL,1,NULL,NULL,0,'pay',51100.00,0,'test',0,2,3,29,0,0,0,2,3,29,NULL,NULL,13,1,'2022-02-01 18:52:40',10,0),
(2,1,2,3,0,NULL,NULL,1,NULL,NULL,0,'pay',51100.00,0,'test',0,2,3,29,0,0,0,2,3,29,NULL,NULL,19,1,'2022-02-01 21:03:01',11,0),
(3,2,10,6,0,NULL,NULL,1,NULL,NULL,0,'Pay',56000.00,1,NULL,0,21,4,29,0,0,0,21,4,29,NULL,NULL,13,1,'2022-02-02 10:06:24',10,0),
(4,2,10,6,0,NULL,NULL,1,NULL,NULL,0,'Pay',56000.00,1,NULL,0,21,4,29,0,0,0,21,4,29,NULL,NULL,19,1,'2022-02-02 10:25:06',11,0),
(5,2,10,6,0,NULL,NULL,1,NULL,NULL,0,'Pay',56000.00,1,NULL,0,24,5,10,0,0,0,24,5,10,NULL,NULL,22,1,'2022-02-02 11:40:22',15,0),
(6,2,10,6,0,NULL,NULL,1,NULL,NULL,0,'Pay',56000.00,1,NULL,0,24,5,10,0,0,0,24,5,10,NULL,NULL,33,1,'2022-02-02 13:25:22',23,0),
(7,3,11,7,0,NULL,NULL,1,NULL,NULL,1,'pay',54000.00,0,'Cretificate Name',0,30,5,29,0,0,0,30,5,29,NULL,NULL,13,1,'2022-02-02 18:43:27',10,0),
(8,3,11,7,0,NULL,NULL,1,NULL,NULL,1,'pay',54000.00,0,'Cretificate Name',0,30,5,29,0,0,0,30,5,29,NULL,NULL,19,1,'2022-02-02 18:47:43',11,0),
(9,3,11,7,0,NULL,NULL,1,NULL,NULL,1,'pay',54000.00,0,'Cretificate Name',0,30,5,29,0,0,0,30,5,29,NULL,NULL,22,1,'2022-02-02 18:59:48',15,0),
(10,3,11,7,0,NULL,NULL,1,NULL,NULL,1,'pay',54000.00,0,'Cretificate Name',0,30,5,29,0,0,0,30,5,29,NULL,NULL,33,1,'2022-02-02 19:03:34',23,0),
(11,4,13,8,0,NULL,NULL,1,NULL,NULL,1,'Pay',45000.00,0,'Certificate',0,23,1,21,0,0,0,23,1,21,NULL,NULL,13,1,'2022-02-04 12:29:29',10,0),
(12,5,14,9,0,NULL,NULL,1,NULL,NULL,1,'Basic Pay',56000.00,1,NULL,0,33,0,26,0,0,0,33,0,26,NULL,NULL,13,1,'2022-02-04 12:57:35',10,0),
(13,4,13,8,0,NULL,NULL,1,NULL,NULL,1,'Pay',45000.00,0,'Certificate',0,23,1,21,0,0,0,23,1,21,NULL,NULL,19,1,'2022-02-07 15:13:24',11,0),
(14,6,15,10,0,NULL,NULL,1,NULL,NULL,1,'Pay',45000.00,1,NULL,0,23,1,10,0,0,0,23,1,10,NULL,NULL,13,1,'2022-02-08 13:08:38',10,0);

/*Table structure for table `optcl_employee_pension_service_form_three` */

DROP TABLE IF EXISTS `optcl_employee_pension_service_form_three`;

CREATE TABLE `optcl_employee_pension_service_form_three` (
  `id` int(11) NOT NULL AUTO_INCREMENT,
  `application_id` int(11) DEFAULT NULL,
  `employee_id` int(11) DEFAULT NULL,
  `interruption_service_from` date DEFAULT NULL,
  `interruption_service_to` date DEFAULT NULL,
  `interruption_service_years` int(11) DEFAULT 0,
  `interruption_service_months` int(11) DEFAULT 0,
  `interruption_service_days` int(11) DEFAULT 0,
  `extraordinary_leave_from` date DEFAULT NULL,
  `extraordinary_leave_to` date DEFAULT NULL,
  `extraordinary_leave_years` int(11) DEFAULT 0,
  `extraordinary_leave_months` int(11) DEFAULT 0,
  `extraordinary_leave_days` int(11) DEFAULT 0,
  `period_of_suspension_from` date DEFAULT NULL,
  `period_of_suspension_to` date DEFAULT NULL,
  `period_of_suspension_years` int(11) DEFAULT 0,
  `period_of_suspension_months` int(11) DEFAULT 0,
  `period_of_suspension_days` int(11) DEFAULT 0,
  `work_charged_service_from` date DEFAULT NULL,
  `work_charged_service_to` date DEFAULT NULL,
  `work_charged_service_years` int(11) DEFAULT 0,
  `work_charged_service_months` int(11) DEFAULT 0,
  `work_charged_service_days` int(11) DEFAULT 0,
  `boy_service_from` date DEFAULT NULL,
  `boy_service_to` date DEFAULT NULL,
  `boy_service_years` int(11) DEFAULT 0,
  `boy_service_months` int(11) DEFAULT 0,
  `boy_service_days` int(11) DEFAULT 0,
  `any_other_service_from` date DEFAULT NULL,
  `any_other_service_to` date DEFAULT NULL,
  `any_other_service_years` int(11) DEFAULT 0,
  `any_other_service_months` int(11) DEFAULT 0,
  `any_other_service_days` int(11) DEFAULT 0,
  `total_non_qualifying_years` int(11) DEFAULT 0,
  `total_non_qualifying_months` int(11) DEFAULT 0,
  `total_non_qualifying_days` int(11) DEFAULT 0,
  `total_qualifying_years` int(11) DEFAULT 0,
  `total_qualifying_months` int(11) DEFAULT 0,
  `total_qualifying_days` int(11) DEFAULT 0,
  `addition_of_qualifying_service_from` date DEFAULT NULL,
  `addition_of_qualifying_service_to` date DEFAULT NULL,
  `total_addition_qualifying_years` int(11) DEFAULT 0,
  `total_addition_qualifying_months` int(11) DEFAULT 0,
  `total_addition_qualifying_days` int(11) DEFAULT 0,
  `total_net_qualifying_years` int(11) DEFAULT 0,
  `total_net_qualifying_months` int(11) DEFAULT 0,
  `total_net_qualifying_days` int(11) DEFAULT 0,
  `total_qualifying_half_years` int(11) DEFAULT 0,
  `emolument_last_basic_pay` double(10,2) DEFAULT 0.00,
  `service_pension` double(10,2) DEFAULT 0.00,
  `date_of_commencement_pension` date DEFAULT NULL,
  `date_of_acknowlegement_commutation` date DEFAULT NULL,
  `age_on_next_birthday` int(11) DEFAULT 0,
  `commuted_amount_of_pension` double(10,2) DEFAULT 0.00,
  `commuted_value_of_pension` double(10,2) DEFAULT 0.00,
  `residuary_pension_commutation` double(10,2) DEFAULT 0.00,
  `total_da_amount` double(10,2) DEFAULT 0.00,
  `amount_of_dcrg` double(10,2) DEFAULT 0.00,
  `enhanced_family_pension` double(10,2) DEFAULT 0.00,
  `normal_family_pension` double(10,2) DEFAULT 0.00,
  `life_time_arrear_from` date DEFAULT NULL,
  `life_time_arrear_to` date DEFAULT NULL,
  `life_time_arrear_amount` double(10,2) DEFAULT 0.00,
  `status` tinyint(1) DEFAULT 1,
  `created_at` datetime DEFAULT NULL,
  `created_by` int(11) DEFAULT NULL,
  `modified_at` datetime DEFAULT NULL,
  `modified_by` int(11) DEFAULT NULL,
  `deleted` tinyint(1) DEFAULT NULL,
  PRIMARY KEY (`id`)
) ENGINE=InnoDB AUTO_INCREMENT=11 DEFAULT CHARSET=utf8 COLLATE=utf8_unicode_ci;

/*Data for the table `optcl_employee_pension_service_form_three` */

insert  into `optcl_employee_pension_service_form_three`(`id`,`application_id`,`employee_id`,`interruption_service_from`,`interruption_service_to`,`interruption_service_years`,`interruption_service_months`,`interruption_service_days`,`extraordinary_leave_from`,`extraordinary_leave_to`,`extraordinary_leave_years`,`extraordinary_leave_months`,`extraordinary_leave_days`,`period_of_suspension_from`,`period_of_suspension_to`,`period_of_suspension_years`,`period_of_suspension_months`,`period_of_suspension_days`,`work_charged_service_from`,`work_charged_service_to`,`work_charged_service_years`,`work_charged_service_months`,`work_charged_service_days`,`boy_service_from`,`boy_service_to`,`boy_service_years`,`boy_service_months`,`boy_service_days`,`any_other_service_from`,`any_other_service_to`,`any_other_service_years`,`any_other_service_months`,`any_other_service_days`,`total_non_qualifying_years`,`total_non_qualifying_months`,`total_non_qualifying_days`,`total_qualifying_years`,`total_qualifying_months`,`total_qualifying_days`,`addition_of_qualifying_service_from`,`addition_of_qualifying_service_to`,`total_addition_qualifying_years`,`total_addition_qualifying_months`,`total_addition_qualifying_days`,`total_net_qualifying_years`,`total_net_qualifying_months`,`total_net_qualifying_days`,`total_qualifying_half_years`,`emolument_last_basic_pay`,`service_pension`,`date_of_commencement_pension`,`date_of_acknowlegement_commutation`,`age_on_next_birthday`,`commuted_amount_of_pension`,`commuted_value_of_pension`,`residuary_pension_commutation`,`total_da_amount`,`amount_of_dcrg`,`enhanced_family_pension`,`normal_family_pension`,`life_time_arrear_from`,`life_time_arrear_to`,`life_time_arrear_amount`,`status`,`created_at`,`created_by`,`modified_at`,`modified_by`,`deleted`) values 
(4,10,6,NULL,NULL,0,0,0,NULL,NULL,0,0,0,NULL,NULL,0,0,0,NULL,NULL,0,0,0,NULL,NULL,0,0,0,NULL,NULL,0,0,0,0,0,0,0,0,0,NULL,NULL,0,0,0,24,5,10,49,56000.00,27440.00,'2022-03-13','2022-02-01',45,0.00,0.00,0.00,0.00,686000.00,27440.00,0.00,NULL,NULL,0.00,1,'2022-02-02 12:56:40',15,NULL,NULL,0),
(8,10,6,NULL,NULL,0,0,0,NULL,NULL,0,0,0,NULL,NULL,0,0,0,NULL,NULL,0,0,0,NULL,NULL,0,0,0,NULL,NULL,0,0,0,0,0,0,0,0,0,NULL,NULL,0,0,0,24,5,10,49,56000.00,27440.00,'2022-03-13','2022-02-01',45,0.00,0.00,0.00,0.00,686000.00,27440.00,0.00,NULL,NULL,0.00,1,'2022-02-02 16:14:18',23,NULL,NULL,0),
(9,11,7,NULL,NULL,0,0,0,NULL,NULL,0,0,0,NULL,NULL,0,0,0,NULL,NULL,0,0,0,NULL,NULL,0,0,0,NULL,NULL,0,0,0,0,0,0,0,0,0,NULL,NULL,0,0,0,30,5,29,61,54000.00,27000.00,'2022-03-13','2022-02-02',54,12150.00,1265253.00,14850.00,0.00,823500.00,27000.00,14850.00,NULL,NULL,0.00,1,'2022-02-02 19:00:04',15,NULL,NULL,0),
(10,11,7,NULL,NULL,0,0,0,NULL,NULL,0,0,0,NULL,NULL,0,0,0,NULL,NULL,0,0,0,NULL,NULL,0,0,0,NULL,NULL,0,0,0,0,0,0,0,0,0,NULL,NULL,0,0,0,30,5,29,61,54000.00,27000.00,'2022-03-13','2022-02-02',54,12150.00,1265253.00,14850.00,0.00,823500.00,27000.00,14850.00,NULL,NULL,0.00,1,'2022-02-02 19:03:57',23,NULL,NULL,0);

/*Table structure for table `optcl_employee_pension_service_form_three_history` */

DROP TABLE IF EXISTS `optcl_employee_pension_service_form_three_history`;

CREATE TABLE `optcl_employee_pension_service_form_three_history` (
  `id` int(11) NOT NULL AUTO_INCREMENT,
  `form_three_id` int(11) DEFAULT NULL,
  `application_id` int(11) DEFAULT NULL,
  `employee_id` int(11) DEFAULT NULL,
  `interruption_service_from` date DEFAULT NULL,
  `interruption_service_to` date DEFAULT NULL,
  `interruption_service_years` int(11) DEFAULT 0,
  `interruption_service_months` int(11) DEFAULT 0,
  `interruption_service_days` int(11) DEFAULT 0,
  `extraordinary_leave_from` date DEFAULT NULL,
  `extraordinary_leave_to` date DEFAULT NULL,
  `extraordinary_leave_years` int(11) DEFAULT 0,
  `extraordinary_leave_months` int(11) DEFAULT 0,
  `extraordinary_leave_days` int(11) DEFAULT 0,
  `period_of_suspension_from` date DEFAULT NULL,
  `period_of_suspension_to` date DEFAULT NULL,
  `period_of_suspension_years` int(11) DEFAULT 0,
  `period_of_suspension_months` int(11) DEFAULT 0,
  `period_of_suspension_days` int(11) DEFAULT 0,
  `work_charged_service_from` date DEFAULT NULL,
  `work_charged_service_to` date DEFAULT NULL,
  `work_charged_service_years` int(11) DEFAULT 0,
  `work_charged_service_months` int(11) DEFAULT 0,
  `work_charged_service_days` int(11) DEFAULT 0,
  `boy_service_from` date DEFAULT NULL,
  `boy_service_to` date DEFAULT NULL,
  `boy_service_years` int(11) DEFAULT 0,
  `boy_service_months` int(11) DEFAULT 0,
  `boy_service_days` int(11) DEFAULT 0,
  `any_other_service_from` date DEFAULT NULL,
  `any_other_service_to` date DEFAULT NULL,
  `any_other_service_years` int(11) DEFAULT 0,
  `any_other_service_months` int(11) DEFAULT 0,
  `any_other_service_days` int(11) DEFAULT 0,
  `total_non_qualifying_years` int(11) DEFAULT 0,
  `total_non_qualifying_months` int(11) DEFAULT 0,
  `total_non_qualifying_days` int(11) DEFAULT 0,
  `total_qualifying_years` int(11) DEFAULT 0,
  `total_qualifying_months` int(11) DEFAULT 0,
  `total_qualifying_days` int(11) DEFAULT 0,
  `addition_of_qualifying_service_from` date DEFAULT NULL,
  `addition_of_qualifying_service_to` date DEFAULT NULL,
  `total_addition_qualifying_years` int(11) DEFAULT 0,
  `total_addition_qualifying_months` int(11) DEFAULT 0,
  `total_addition_qualifying_days` int(11) DEFAULT 0,
  `total_net_qualifying_years` int(11) DEFAULT 0,
  `total_net_qualifying_months` int(11) DEFAULT 0,
  `total_net_qualifying_days` int(11) DEFAULT 0,
  `total_qualifying_half_years` int(11) DEFAULT 0,
  `emolument_last_basic_pay` double(10,2) DEFAULT 0.00,
  `service_pension` double(10,2) DEFAULT 0.00,
  `date_of_commencement_pension` date DEFAULT NULL,
  `date_of_acknowlegement_commutation` date DEFAULT NULL,
  `age_on_next_birthday` int(11) DEFAULT 0,
  `commuted_amount_of_pension` double(10,2) DEFAULT 0.00,
  `commuted_value_of_pension` double(10,2) DEFAULT 0.00,
  `residuary_pension_commutation` double(10,2) DEFAULT 0.00,
  `total_da_amount` double(10,2) DEFAULT 0.00,
  `amount_of_dcrg` double(10,2) DEFAULT 0.00,
  `enhanced_family_pension` double(10,2) DEFAULT 0.00,
  `normal_family_pension` double(10,2) DEFAULT 0.00,
  `life_time_arrear_from` date DEFAULT NULL,
  `life_time_arrear_to` date DEFAULT NULL,
  `life_time_arrear_amount` double(10,2) DEFAULT 0.00,
  `status` tinyint(1) DEFAULT 1,
  `created_at` datetime DEFAULT NULL,
  `created_by` int(11) DEFAULT NULL,
  `modified_at` datetime DEFAULT NULL,
  `modified_by` int(11) DEFAULT NULL,
  `deleted` tinyint(1) DEFAULT NULL,
  PRIMARY KEY (`id`)
) ENGINE=InnoDB AUTO_INCREMENT=11 DEFAULT CHARSET=utf8 COLLATE=utf8_unicode_ci;

/*Data for the table `optcl_employee_pension_service_form_three_history` */

insert  into `optcl_employee_pension_service_form_three_history`(`id`,`form_three_id`,`application_id`,`employee_id`,`interruption_service_from`,`interruption_service_to`,`interruption_service_years`,`interruption_service_months`,`interruption_service_days`,`extraordinary_leave_from`,`extraordinary_leave_to`,`extraordinary_leave_years`,`extraordinary_leave_months`,`extraordinary_leave_days`,`period_of_suspension_from`,`period_of_suspension_to`,`period_of_suspension_years`,`period_of_suspension_months`,`period_of_suspension_days`,`work_charged_service_from`,`work_charged_service_to`,`work_charged_service_years`,`work_charged_service_months`,`work_charged_service_days`,`boy_service_from`,`boy_service_to`,`boy_service_years`,`boy_service_months`,`boy_service_days`,`any_other_service_from`,`any_other_service_to`,`any_other_service_years`,`any_other_service_months`,`any_other_service_days`,`total_non_qualifying_years`,`total_non_qualifying_months`,`total_non_qualifying_days`,`total_qualifying_years`,`total_qualifying_months`,`total_qualifying_days`,`addition_of_qualifying_service_from`,`addition_of_qualifying_service_to`,`total_addition_qualifying_years`,`total_addition_qualifying_months`,`total_addition_qualifying_days`,`total_net_qualifying_years`,`total_net_qualifying_months`,`total_net_qualifying_days`,`total_qualifying_half_years`,`emolument_last_basic_pay`,`service_pension`,`date_of_commencement_pension`,`date_of_acknowlegement_commutation`,`age_on_next_birthday`,`commuted_amount_of_pension`,`commuted_value_of_pension`,`residuary_pension_commutation`,`total_da_amount`,`amount_of_dcrg`,`enhanced_family_pension`,`normal_family_pension`,`life_time_arrear_from`,`life_time_arrear_to`,`life_time_arrear_amount`,`status`,`created_at`,`created_by`,`modified_at`,`modified_by`,`deleted`) values 
(4,4,10,6,NULL,NULL,0,0,0,NULL,NULL,0,0,0,NULL,NULL,0,0,0,NULL,NULL,0,0,0,NULL,NULL,0,0,0,NULL,NULL,0,0,0,0,0,0,0,0,0,NULL,NULL,0,0,0,24,5,10,49,56000.00,27440.00,'2022-03-13','2022-02-01',45,0.00,0.00,0.00,0.00,686000.00,27440.00,0.00,NULL,NULL,0.00,1,'2022-02-02 12:56:40',15,'2022-02-02 12:56:40',15,0),
(8,8,10,6,NULL,NULL,0,0,0,NULL,NULL,0,0,0,NULL,NULL,0,0,0,NULL,NULL,0,0,0,NULL,NULL,0,0,0,NULL,NULL,0,0,0,0,0,0,0,0,0,NULL,NULL,0,0,0,24,5,10,49,56000.00,27440.00,'2022-03-13','2022-02-01',45,0.00,0.00,0.00,0.00,686000.00,27440.00,0.00,NULL,NULL,0.00,1,'2022-02-02 16:14:18',23,'2022-02-02 16:14:18',23,0),
(9,9,11,7,NULL,NULL,0,0,0,NULL,NULL,0,0,0,NULL,NULL,0,0,0,NULL,NULL,0,0,0,NULL,NULL,0,0,0,NULL,NULL,0,0,0,0,0,0,0,0,0,NULL,NULL,0,0,0,30,5,29,61,54000.00,27000.00,'2022-03-13','2022-02-02',54,12150.00,1265253.00,14850.00,0.00,823500.00,27000.00,14850.00,NULL,NULL,0.00,1,'2022-02-02 19:00:04',15,'2022-02-02 19:00:04',15,0),
(10,10,11,7,NULL,NULL,0,0,0,NULL,NULL,0,0,0,NULL,NULL,0,0,0,NULL,NULL,0,0,0,NULL,NULL,0,0,0,NULL,NULL,0,0,0,0,0,0,0,0,0,NULL,NULL,0,0,0,30,5,29,61,54000.00,27000.00,'2022-03-13','2022-02-02',54,12150.00,1265253.00,14850.00,0.00,823500.00,27000.00,14850.00,NULL,NULL,0.00,1,'2022-02-02 19:03:57',23,'2022-02-02 19:03:57',23,0);

/*Table structure for table `optcl_employee_pension_service_form_three_recovery` */

DROP TABLE IF EXISTS `optcl_employee_pension_service_form_three_recovery`;

CREATE TABLE `optcl_employee_pension_service_form_three_recovery` (
  `id` int(11) NOT NULL AUTO_INCREMENT,
  `application_id` int(11) DEFAULT NULL,
  `employee_id` int(11) DEFAULT NULL,
  `recovery_label` varchar(255) COLLATE utf8_unicode_ci DEFAULT NULL,
  `recovery_value` varchar(255) COLLATE utf8_unicode_ci DEFAULT NULL,
  `recovery_remarks` tinytext COLLATE utf8_unicode_ci DEFAULT NULL,
  `status` tinyint(1) DEFAULT 1,
  `created_at` datetime DEFAULT NULL,
  `created_by` int(11) DEFAULT NULL,
  `modified_at` datetime DEFAULT NULL,
  `modified_by` int(11) DEFAULT NULL,
  `deleted` tinyint(1) DEFAULT 0,
  PRIMARY KEY (`id`)
) ENGINE=InnoDB AUTO_INCREMENT=3 DEFAULT CHARSET=utf8 COLLATE=utf8_unicode_ci;

/*Data for the table `optcl_employee_pension_service_form_three_recovery` */

insert  into `optcl_employee_pension_service_form_three_recovery`(`id`,`application_id`,`employee_id`,`recovery_label`,`recovery_value`,`recovery_remarks`,`status`,`created_at`,`created_by`,`modified_at`,`modified_by`,`deleted`) values 
(1,10,6,'recovery name test 1','4501',NULL,1,'2022-02-02 12:56:40',15,NULL,NULL,0),
(2,11,7,'recovery label','4500',NULL,1,'2022-02-02 19:00:04',15,NULL,NULL,0);

/*Table structure for table `optcl_employee_pension_service_form_three_recovery_history` */

DROP TABLE IF EXISTS `optcl_employee_pension_service_form_three_recovery_history`;

CREATE TABLE `optcl_employee_pension_service_form_three_recovery_history` (
  `id` int(11) NOT NULL AUTO_INCREMENT,
  `recovery_id` int(11) DEFAULT NULL,
  `application_id` int(11) DEFAULT NULL,
  `employee_id` int(11) DEFAULT NULL,
  `recovery_label` varchar(255) CHARACTER SET utf8mb4 COLLATE utf8mb4_unicode_ci DEFAULT NULL,
  `recovery_value` varchar(255) CHARACTER SET utf8mb4 COLLATE utf8mb4_unicode_ci DEFAULT NULL,
  `recovery_remarks` tinytext DEFAULT NULL,
  `status` tinyint(1) DEFAULT 1,
  `modified_at` datetime DEFAULT NULL,
  `modified_by` int(11) DEFAULT NULL,
  `deleted` tinyint(1) DEFAULT 0,
  PRIMARY KEY (`id`),
  KEY `application_id` (`application_id`),
  KEY `employee_id` (`employee_id`)
) ENGINE=InnoDB AUTO_INCREMENT=5 DEFAULT CHARSET=utf8mb4;

/*Data for the table `optcl_employee_pension_service_form_three_recovery_history` */

insert  into `optcl_employee_pension_service_form_three_recovery_history`(`id`,`recovery_id`,`application_id`,`employee_id`,`recovery_label`,`recovery_value`,`recovery_remarks`,`status`,`modified_at`,`modified_by`,`deleted`) values 
(1,1,10,6,'recovery name test 1','4501',NULL,1,'2022-02-02 12:56:40',15,0),
(2,3,10,6,'recovery name test 2','4502',NULL,1,'2022-02-02 16:14:18',23,0),
(3,2,11,7,'recovery label','4500',NULL,1,'2022-02-02 19:00:04',15,0),
(4,4,11,7,'recovery label','4500','checked',1,'2022-02-02 19:03:57',23,0);

/*Table structure for table `optcl_employee_pension_service_offices` */

DROP TABLE IF EXISTS `optcl_employee_pension_service_offices`;

CREATE TABLE `optcl_employee_pension_service_offices` (
  `id` int(11) NOT NULL AUTO_INCREMENT,
  `service_pension_form_id` int(11) DEFAULT NULL,
  `application_id` int(11) DEFAULT NULL,
  `organisation_name` varchar(255) COLLATE utf8_unicode_ci DEFAULT NULL,
  `name_of_office` varchar(255) COLLATE utf8_unicode_ci DEFAULT NULL,
  `post_held` varchar(255) COLLATE utf8_unicode_ci DEFAULT NULL,
  `service_period_from` date DEFAULT NULL,
  `service_period_to` date DEFAULT NULL,
  `total_service_years` int(11) DEFAULT 0,
  `total_service_months` int(11) DEFAULT 0,
  `total_service_days` int(11) DEFAULT 0,
  `created_by` int(11) DEFAULT NULL,
  `created_at` datetime DEFAULT NULL,
  `modified_by` int(11) DEFAULT NULL,
  `modified_at` datetime DEFAULT NULL,
  `status` tinyint(1) NOT NULL DEFAULT 1,
  `deleted` tinyint(1) NOT NULL DEFAULT 0,
  PRIMARY KEY (`id`),
  KEY `service_pension_form_id` (`service_pension_form_id`),
  KEY `application_id` (`application_id`)
) ENGINE=InnoDB AUTO_INCREMENT=7 DEFAULT CHARSET=utf8 COLLATE=utf8_unicode_ci;

/*Data for the table `optcl_employee_pension_service_offices` */

insert  into `optcl_employee_pension_service_offices`(`id`,`service_pension_form_id`,`application_id`,`organisation_name`,`name_of_office`,`post_held`,`service_period_from`,`service_period_to`,`total_service_years`,`total_service_months`,`total_service_days`,`created_by`,`created_at`,`modified_by`,`modified_at`,`status`,`deleted`) values 
(1,1,2,'abcd','abcd','abcd','2019-01-01','1970-01-01',2,3,29,10,'2022-02-01 18:52:40',11,'2022-02-01 21:03:01',1,0),
(2,2,10,'abcd','abcd','abcd','1970-01-01','2022-12-03',24,5,10,10,'2022-02-02 10:06:24',23,'2022-02-02 13:25:22',1,0),
(3,3,11,'abcd','abcd','abcd','1990-01-01','1970-01-01',30,5,29,10,'2022-02-02 18:43:27',23,'2022-02-02 19:03:34',1,0),
(4,4,13,'abcd','abcd','abcd','1999-01-04','2022-02-25',23,1,21,10,'2022-02-04 12:29:29',11,'2022-02-07 15:13:24',1,0),
(5,5,14,'defg','defg','defg','1989-02-14','2022-03-12',33,0,26,10,'2022-02-04 12:57:35',NULL,NULL,1,0),
(6,6,15,'abcd','abcd','abcd','1999-02-02','2022-03-12',23,1,10,10,'2022-02-08 13:08:38',NULL,NULL,1,0);

/*Table structure for table `optcl_employee_pension_service_offices_history` */

DROP TABLE IF EXISTS `optcl_employee_pension_service_offices_history`;

CREATE TABLE `optcl_employee_pension_service_offices_history` (
  `id` int(11) NOT NULL AUTO_INCREMENT,
  `service_office_id` int(11) DEFAULT NULL,
  `service_pension_form_id` int(11) DEFAULT NULL,
  `application_id` int(11) DEFAULT NULL,
  `organisation_name` varchar(255) CHARACTER SET utf8 COLLATE utf8_unicode_ci DEFAULT NULL,
  `name_of_office` varchar(255) CHARACTER SET utf8 COLLATE utf8_unicode_ci DEFAULT NULL,
  `post_held` varchar(255) CHARACTER SET utf8 COLLATE utf8_unicode_ci DEFAULT NULL,
  `service_period_from` date DEFAULT NULL,
  `service_period_to` date DEFAULT NULL,
  `total_service_years` int(11) DEFAULT 0,
  `total_service_months` int(11) DEFAULT 0,
  `total_service_days` int(11) DEFAULT 0,
  `modified_by` int(11) DEFAULT NULL,
  `modified_at` datetime DEFAULT NULL,
  `status` tinyint(1) NOT NULL DEFAULT 1,
  `deleted` tinyint(1) NOT NULL DEFAULT 0,
  PRIMARY KEY (`id`),
  KEY `service_pension_form_id` (`service_pension_form_id`),
  KEY `application_id` (`application_id`)
) ENGINE=InnoDB AUTO_INCREMENT=15 DEFAULT CHARSET=utf8mb4;

/*Data for the table `optcl_employee_pension_service_offices_history` */

insert  into `optcl_employee_pension_service_offices_history`(`id`,`service_office_id`,`service_pension_form_id`,`application_id`,`organisation_name`,`name_of_office`,`post_held`,`service_period_from`,`service_period_to`,`total_service_years`,`total_service_months`,`total_service_days`,`modified_by`,`modified_at`,`status`,`deleted`) values 
(1,1,1,2,'abcd','abcd','abcd','2019-01-01','1970-01-01',2,3,29,10,'2022-02-01 18:52:40',1,0),
(2,1,1,2,'abcd','abcd','abcd','2019-01-01','1970-01-01',2,3,29,11,'2022-02-01 21:03:01',1,0),
(3,2,2,10,'abcd','abcd','abcd','1970-01-01','1970-01-01',21,4,29,10,'2022-02-02 10:06:24',1,0),
(4,2,2,10,'abcd','abcd','abcd','1970-01-01','1970-01-01',21,4,29,11,'2022-02-02 10:25:06',1,0),
(5,2,2,10,'abcd','abcd','abcd','1997-09-30','2022-03-12',24,5,10,15,'2022-02-02 11:40:22',1,0),
(6,2,2,10,'abcd','abcd','abcd','1970-01-01','2022-12-03',24,5,10,23,'2022-02-02 13:25:22',1,0),
(7,3,3,11,'abcd','abcd','abcd','1990-01-01','2020-06-30',30,5,29,10,'2022-02-02 18:43:27',1,0),
(8,3,3,11,'abcd','abcd','abcd','1990-01-01','2020-06-30',30,5,29,11,'2022-02-02 18:47:43',1,0),
(9,3,3,11,'abcd','abcd','abcd','1990-01-01','2020-06-30',30,5,29,15,'2022-02-02 18:59:48',1,0),
(10,3,3,11,'abcd','abcd','abcd','1990-01-01','1970-01-01',30,5,29,23,'2022-02-02 19:03:34',1,0),
(11,4,4,13,'abcd','abcd','abcd','1999-01-04','2022-02-25',23,1,21,10,'2022-02-04 12:29:29',1,0),
(12,5,5,14,'defg','defg','defg','1989-02-14','2022-03-12',33,0,26,10,'2022-02-04 12:57:35',1,0),
(13,4,4,13,'abcd','abcd','abcd','1999-01-04','2022-02-25',23,1,21,11,'2022-02-07 15:13:24',1,0),
(14,6,6,15,'abcd','abcd','abcd','1999-02-02','2022-03-12',23,1,10,10,'2022-02-08 13:08:38',1,0);

/*Table structure for table `optcl_employee_personal_details` */

DROP TABLE IF EXISTS `optcl_employee_personal_details`;

CREATE TABLE `optcl_employee_personal_details` (
  `id` int(11) NOT NULL AUTO_INCREMENT,
  `employee_id` int(11) DEFAULT NULL,
  `employee_code` bigint(10) DEFAULT NULL,
  `addhaar_no` bigint(12) DEFAULT NULL,
  `permanent_addr_at` tinytext CHARACTER SET utf8mb4 DEFAULT NULL,
  `permanent_addr_post` tinytext CHARACTER SET utf8mb4 DEFAULT NULL,
  `permanent_addr_pincode` varchar(6) CHARACTER SET utf8mb4 DEFAULT NULL,
  `permanent_addr_country_id` int(11) DEFAULT NULL,
  `permanent_addr_state_id` int(11) DEFAULT NULL,
  `permanent_addr_district_id` int(11) DEFAULT NULL,
  `same_as_above` tinyint(1) DEFAULT NULL,
  `present_addr_at` tinytext CHARACTER SET utf8mb4 DEFAULT NULL,
  `present_addr_post` tinytext CHARACTER SET utf8mb4 DEFAULT NULL,
  `present_addr_pincode` varchar(6) CHARACTER SET utf8mb4 DEFAULT NULL,
  `present_addr_country_id` int(11) DEFAULT NULL,
  `present_addr_state_id` int(11) DEFAULT NULL,
  `present_addr_district_id` int(11) DEFAULT NULL,
  `telephone_std_code` varchar(15) CHARACTER SET utf8mb4 DEFAULT NULL,
  `mobile_no` bigint(10) DEFAULT NULL,
  `email_address` varchar(96) CHARACTER SET utf8mb4 DEFAULT NULL,
  `pan_no` varchar(10) CHARACTER SET utf8mb4 DEFAULT NULL,
  `savings_bank_account_no` bigint(18) DEFAULT NULL,
  `bank_branch_id` int(11) DEFAULT NULL,
  `basic_pay_amount_at_retirement` double(10,2) DEFAULT NULL,
  `pension_unit_id` int(11) DEFAULT NULL,
  `is_civil_service_amount_received` tinyint(1) DEFAULT NULL COMMENT '1 for Yes, 0 for No',
  `civil_service_name` varchar(50) CHARACTER SET utf8mb4 DEFAULT NULL COMMENT 'column data to be filled, if civil service amount received set to 1',
  `civil_service_received_amount` double(10,2) DEFAULT NULL COMMENT 'column data to be filled, if civil service amount received set to 1',
  `is_family_pension_received_by_family_members` tinyint(1) DEFAULT NULL COMMENT '1 for Yes, 0 for No',
  `admission_source_of_family_pension` varchar(80) CHARACTER SET utf8mb4 DEFAULT NULL COMMENT 'column data to be filled, if family pension received set to 1',
  `family_member_relation_id` int(11) DEFAULT NULL COMMENT 'column data to be filled, if family pension received set to 1',
  `family_member_name` varchar(50) CHARACTER SET utf8mb4 DEFAULT NULL COMMENT 'column data to be filled, if family pension received set to 1',
  `is_commutation_pension_applied` tinyint(1) DEFAULT NULL COMMENT '1 for Yes, 0 for No',
  `commutation_percentage` varchar(10) CHARACTER SET utf8mb4 DEFAULT NULL COMMENT 'column data to be filled, if commutation applied set to 1',
  `status` tinyint(1) NOT NULL DEFAULT 1,
  `created_by` int(11) DEFAULT NULL,
  `created_at` datetime DEFAULT NULL,
  `modified_by` int(11) DEFAULT NULL,
  `modified_at` datetime DEFAULT NULL,
  `deleted` tinyint(1) NOT NULL DEFAULT 0,
  PRIMARY KEY (`id`)
) ENGINE=InnoDB AUTO_INCREMENT=12 DEFAULT CHARSET=utf8;

/*Data for the table `optcl_employee_personal_details` */

insert  into `optcl_employee_personal_details`(`id`,`employee_id`,`employee_code`,`addhaar_no`,`permanent_addr_at`,`permanent_addr_post`,`permanent_addr_pincode`,`permanent_addr_country_id`,`permanent_addr_state_id`,`permanent_addr_district_id`,`same_as_above`,`present_addr_at`,`present_addr_post`,`present_addr_pincode`,`present_addr_country_id`,`present_addr_state_id`,`present_addr_district_id`,`telephone_std_code`,`mobile_no`,`email_address`,`pan_no`,`savings_bank_account_no`,`bank_branch_id`,`basic_pay_amount_at_retirement`,`pension_unit_id`,`is_civil_service_amount_received`,`civil_service_name`,`civil_service_received_amount`,`is_family_pension_received_by_family_members`,`admission_source_of_family_pension`,`family_member_relation_id`,`family_member_name`,`is_commutation_pension_applied`,`commutation_percentage`,`status`,`created_by`,`created_at`,`modified_by`,`modified_at`,`deleted`) values 
(1,1,42600,123456789999,'fghdg','fghdfgh','546345',1,27,2,1,'fghdg','fghdfgh','546345',1,27,2,NULL,3242423423,NULL,'DDDDD1111W',34534534534,399,45000.00,1,0,NULL,NULL,0,NULL,NULL,NULL,0,NULL,1,1,'2022-01-12 13:08:24',1,'2022-05-10 15:43:09',0),
(2,2,42610,123456789945,'Test At A','Test Post A','759149',1,27,1,1,'Test At','Test Post','759148',1,27,1,'06760123451',8888888103,'testC@gmail.com','ABCDE1234C',2222233334,927,51200.00,1,1,'Test Name A',11000.00,1,'11000',5,'Test member A',1,'60',1,20,'2022-01-12 14:54:15',20,'2022-01-12 19:14:20',0),
(3,3,42611,123456789946,'Test at','Test post','759148',1,27,1,1,'Test at','Test post','759148',1,27,1,'06760262636',8888888104,'abc123@gmail.com','ABCDE1234D',2222233335,927,51100.00,1,1,'Test name',10000.00,1,'20000',4,'Test member',1,'30',1,21,'2022-01-13 12:34:40',21,'2022-02-01 18:28:56',0),
(4,4,56586,787878787878,'dfgsdfg','sfdsdfg','345345',1,27,1,1,'dfgsdfg','sfdsdfg','345345',1,27,1,NULL,3452435234,NULL,'DDDDD3344E',3241341233,399,35000.00,1,1,'erwrwrwr',45000.00,1,'54000',2,'sone name',1,'45',1,8,'2022-01-31 19:08:14',8,'2022-02-01 10:53:01',0),
(5,5,42612,123456789947,'dfgsdfg','sdfgsfg','234242',1,27,1,1,'dfgsdfg','sdfgsfg','234242',1,27,1,NULL,4857968593,NULL,'EWQQQ6666R',555544333333,399,45000.00,1,1,'retertert',45000.00,1,'45000',2,'Son name',1,'40',1,22,'2022-02-01 12:34:47',NULL,NULL,0),
(6,6,42614,123456789943,'dsfasd','dsfsdf','343243',1,27,2,1,'dsfasd','dsfsdf','343243',1,27,2,NULL,7896541233,NULL,'DDDDD4444P',74125896321,401,56000.00,1,0,NULL,NULL,0,NULL,NULL,NULL,0,NULL,1,24,'2022-02-01 23:18:10',NULL,NULL,0),
(7,7,42619,123456789949,'fadfadf','asdfasdf','342342',1,27,2,1,'fadfadf','asdfasdf','342342',1,27,2,NULL,3452345234,NULL,'DSSDF5555R',752727527527,400,54000.00,1,0,NULL,NULL,0,NULL,NULL,NULL,1,'45',1,30,'2022-02-02 18:16:03',NULL,NULL,0),
(8,8,42618,123456789948,'dhgjdsfhds','Necessitatibus labore adipisci','555555',1,27,2,1,'dhgjdsfhds','Necessitatibus labore adipisci','555555',1,27,2,NULL,8989898878,'qexoneqe@mailinator.com','PORTT3333R',9999999999,399,45000.00,1,0,NULL,NULL,0,NULL,NULL,NULL,0,NULL,1,29,'2022-02-04 11:12:42',29,'2022-02-04 12:39:25',0),
(9,9,42617,123456789947,'sgdfgsfd','gsdfgsfdg','435345',1,27,1,1,'sgdfgsfd','gsdfgsfdg','435345',1,27,1,NULL,4324234234,NULL,'GGGGG4444P',345345345345,399,56000.00,1,0,NULL,NULL,0,NULL,NULL,NULL,0,NULL,1,27,'2022-02-04 12:50:06',NULL,NULL,0),
(10,10,38906,75757575757575,'pada','pada','123456',1,27,1,1,'pada','pada','123456',1,27,1,NULL,7474757584,NULL,'DFDEF3454P',747475757878,400,45000.00,1,0,NULL,NULL,0,NULL,NULL,NULL,0,NULL,1,13,'2022-02-08 12:11:50',13,'2022-02-08 13:26:06',0),
(11,11,42650,123654789101,'at name','post name','123456',1,27,1,1,'at name','post name','123456',1,27,1,NULL,7414447777,NULL,'FRFED3333W',987654326789,400,45000.00,1,0,NULL,NULL,0,NULL,NULL,NULL,0,NULL,1,68,'2022-02-14 15:12:30',NULL,NULL,0);

/*Table structure for table `optcl_existing_application_submission` */

DROP TABLE IF EXISTS `optcl_existing_application_submission`;

CREATE TABLE `optcl_existing_application_submission` (
  `id` int(11) NOT NULL AUTO_INCREMENT,
  `user_id` int(11) DEFAULT NULL,
  `employee_id` int(11) DEFAULT NULL,
  `form_one` tinyint(1) NOT NULL DEFAULT 0,
  `form_two` tinyint(1) NOT NULL DEFAULT 0,
  `form_three` tinyint(1) NOT NULL DEFAULT 0,
  `form_four` tinyint(1) NOT NULL DEFAULT 0,
  `form_declaration` tinyint(1) NOT NULL DEFAULT 0,
  `created_by` int(11) DEFAULT NULL,
  `created_at` datetime DEFAULT NULL,
  `modified_by` int(11) DEFAULT NULL,
  `modified_at` datetime DEFAULT NULL,
  `status` tinyint(1) NOT NULL DEFAULT 1,
  `deleted` tinyint(1) NOT NULL DEFAULT 0,
  PRIMARY KEY (`id`)
) ENGINE=InnoDB DEFAULT CHARSET=utf8mb4;

/*Data for the table `optcl_existing_application_submission` */

/*Table structure for table `optcl_existing_user` */

DROP TABLE IF EXISTS `optcl_existing_user`;

CREATE TABLE `optcl_existing_user` (
  `id` int(11) NOT NULL AUTO_INCREMENT,
  `application_type` tinyint(1) DEFAULT 2 COMMENT 'optcl_application_type',
  `pensioner_type` int(20) DEFAULT 1,
  `tax_type_id` tinyint(1) DEFAULT 1 COMMENT 'optcl_tax_master',
  `user_id` int(11) DEFAULT NULL COMMENT '	optcl_users',
  `pension_unit_id` int(11) DEFAULT NULL COMMENT 'optcl_pension_unit_master',
  `old_ppo_no` varchar(50) DEFAULT NULL,
  `old_ppo_attachment` text DEFAULT NULL,
  `new_ppo_no` varchar(50) DEFAULT NULL COMMENT 'optcl_ppo_no_list',
  `category_ti_id` int(11) DEFAULT NULL,
  `ti_amount` double(10,2) DEFAULT NULL,
  `ti_percentage` varchar(5) DEFAULT NULL,
  `pensioner_name` varchar(150) DEFAULT NULL,
  `aadhar_no` varchar(20) DEFAULT NULL,
  `mobile_number` varchar(20) DEFAULT NULL,
  `employee_code` int(11) DEFAULT NULL,
  `bank_branch_id` int(11) DEFAULT NULL,
  `acc_number` varchar(25) DEFAULT NULL,
  `relation_type` int(11) DEFAULT NULL,
  `relation_current_status` int(11) DEFAULT NULL,
  `relation_pension_closing_date` datetime DEFAULT NULL,
  `nominee_name` varchar(100) DEFAULT NULL,
  `nominee_mobile` varchar(15) DEFAULT NULL,
  `nominee_aadhar` varchar(20) DEFAULT NULL,
  `nominee_dob` date DEFAULT NULL,
  `designation_id` int(11) DEFAULT NULL,
  `gender_id` int(11) DEFAULT NULL,
  `date_of_birth` date DEFAULT NULL,
  `date_of_retirement` date DEFAULT NULL,
  `date_of_death` date DEFAULT NULL,
  `basic_amount` double(18,2) DEFAULT NULL,
  `basic_effective_date` date DEFAULT NULL,
  `additional_pension_amount` double(18,2) DEFAULT NULL,
  `additional_pension_effective_date` date DEFAULT NULL,
  `enhanced_pension_amount` double(18,2) DEFAULT NULL,
  `enhanced_pension_effective_date` date DEFAULT NULL,
  `enhanced_pension_end_date` date DEFAULT NULL,
  `normal_pension_amount` double(18,2) DEFAULT NULL,
  `normal_pension_effective_date` date DEFAULT NULL,
  `gross_pension_amount` double(18,2) DEFAULT NULL,
  `total_income` double(18,2) DEFAULT NULL,
  `is_taxable_amount_generated` tinyint(1) DEFAULT 0,
  `taxable_amount` double(18,2) DEFAULT NULL,
  `application_status_id` int(11) DEFAULT NULL,
  `is_life_certificate_submitted` tinyint(1) DEFAULT 1,
  `created_by` int(11) DEFAULT NULL,
  `created_at` datetime DEFAULT NULL,
  `modified_by` int(11) DEFAULT NULL,
  `modified_at` datetime DEFAULT NULL,
  `status` tinyint(1) DEFAULT 1,
  `deleted` tinyint(1) DEFAULT 0,
  PRIMARY KEY (`id`)
) ENGINE=InnoDB AUTO_INCREMENT=31 DEFAULT CHARSET=utf8mb4;

/*Data for the table `optcl_existing_user` */

insert  into `optcl_existing_user`(`id`,`application_type`,`pensioner_type`,`tax_type_id`,`user_id`,`pension_unit_id`,`old_ppo_no`,`old_ppo_attachment`,`new_ppo_no`,`category_ti_id`,`ti_amount`,`ti_percentage`,`pensioner_name`,`aadhar_no`,`mobile_number`,`employee_code`,`bank_branch_id`,`acc_number`,`relation_type`,`relation_current_status`,`relation_pension_closing_date`,`nominee_name`,`nominee_mobile`,`nominee_aadhar`,`nominee_dob`,`designation_id`,`gender_id`,`date_of_birth`,`date_of_retirement`,`date_of_death`,`basic_amount`,`basic_effective_date`,`additional_pension_amount`,`additional_pension_effective_date`,`enhanced_pension_amount`,`enhanced_pension_effective_date`,`enhanced_pension_end_date`,`normal_pension_amount`,`normal_pension_effective_date`,`gross_pension_amount`,`total_income`,`is_taxable_amount_generated`,`taxable_amount`,`application_status_id`,`is_life_certificate_submitted`,`created_by`,`created_at`,`modified_by`,`modified_at`,`status`,`deleted`) values 
(1,2,1,1,17,1,'dfgdfgfdgdfb','uploads/documents/1644665275-1315765131.jpg',NULL,2,2240.00,'4','sdfdfdfsdf','343433443443','43535345345',12345,400,'45698712',NULL,NULL,NULL,NULL,NULL,NULL,NULL,NULL,NULL,NULL,NULL,NULL,NULL,NULL,NULL,NULL,NULL,NULL,NULL,NULL,NULL,NULL,NULL,0,NULL,NULL,1,17,'2022-02-12 16:59:00',NULL,NULL,1,0),
(2,2,1,1,10,NULL,'123456/123456','public/uploads/documents/1645183562-143806495.pdf','4319/02/2022',2,2240.00,'4','PENSIONER NAME','798645312456','7978642133',NULL,400,'7984653120',NULL,NULL,NULL,NULL,NULL,NULL,NULL,1,2,'1990-12-31','2022-02-18',NULL,56000.00,'2022-02-18',NULL,NULL,NULL,NULL,NULL,NULL,NULL,58240.00,NULL,0,NULL,NULL,1,10,'2022-02-18 16:56:02',NULL,NULL,1,0),
(3,2,1,1,10,NULL,'123456/1234','public/uploads/documents/1645188434-1626790392.pdf','7843/02/2022',2,3000.00,'4','PENSIONER NAME',NULL,'7894652130',NULL,400,'978465132',NULL,NULL,NULL,NULL,NULL,NULL,NULL,1,1,'1990-12-31','2022-02-18',NULL,75000.00,'2022-02-18',NULL,NULL,NULL,NULL,NULL,NULL,NULL,78000.00,NULL,0,NULL,NULL,1,10,'2022-02-18 18:17:14',NULL,NULL,1,0),
(5,2,2,1,17,1,'1234/1234','public/uploads/documents/1645278038-1384916481.pdf','2515/02/2022',2,2240.00,'4','PENSIONER NAME',NULL,NULL,NULL,400,'879645213465',NULL,NULL,NULL,NULL,NULL,NULL,NULL,1,1,'1990-12-01','2022-03-12',NULL,56000.00,'2022-02-19',NULL,NULL,NULL,NULL,NULL,NULL,NULL,58240.00,NULL,0,NULL,NULL,1,17,'2022-02-19 19:10:38',NULL,NULL,1,0),
(6,2,1,1,17,1,'78945/45612','public/uploads/documents/1645278471-1991252381.pdf','875/02/2022',2,2240.00,'4','PENSIONER NAME',NULL,NULL,NULL,400,'79846321321',2,4,NULL,'Test pensioner','9786451320','798465321123','2022-02-19',1,1,'1990-12-01','2022-02-01','2022-02-19',56000.00,'2022-02-19',NULL,NULL,28000.00,NULL,'2022-02-19',16800.00,'2022-02-19',30240.00,NULL,0,NULL,NULL,1,17,'2022-02-19 19:17:51',NULL,NULL,1,0),
(9,2,2,1,17,1,'789654/12345','public/uploads/documents/1645451226-1354481699.pdf','8810/02/2022',2,3120.00,'4','PENSIONER NAME',NULL,NULL,NULL,400,'7896451321',3,6,NULL,'Pensioner name','9784651320','798789789789','2022-02-21',1,2,'1954-06-15','2015-07-16','2022-02-21',78000.00,'2022-02-21',NULL,NULL,NULL,NULL,'2022-02-21',23400.00,'2022-02-22',26520.00,NULL,0,NULL,NULL,1,17,'2022-02-21 19:17:06',NULL,NULL,1,0),
(11,2,2,1,17,1,'74578/55698','public/uploads/documents/1645456224-1724125053.pdf','6618/02/2022',2,2240.00,'4','PENSIONER NAME',NULL,NULL,NULL,400,'6547981324',2,4,NULL,'Son Name','3126457864','465564564231','2022-02-21',1,1,'1969-01-06','2022-02-21','2000-02-08',56000.00,'2022-02-21',NULL,NULL,NULL,NULL,'2022-02-21',16800.00,'2022-02-21',19040.00,NULL,0,NULL,51,1,17,'2022-02-21 20:40:24',NULL,NULL,1,0),
(12,2,1,1,17,1,'78965/45632','public/uploads/documents/1645609228-1844250123.pdf','5835/02/2022',2,3440.00,'4','GOPALA MOHANTY',NULL,NULL,NULL,399,'97846513132',NULL,NULL,NULL,NULL,NULL,NULL,NULL,2,1,'1990-12-01','2022-02-23',NULL,86000.00,'2022-02-23',NULL,NULL,NULL,NULL,NULL,NULL,NULL,89440.00,NULL,0,NULL,50,1,17,'2022-02-23 15:10:28',NULL,NULL,1,0),
(13,2,1,1,17,1,'789/789','public/uploads/documents/1645619879-1827631835.pdf','5481/02/2022',2,2240.00,'4','RAJESH BEHERA',NULL,NULL,NULL,400,'5868955563',NULL,NULL,NULL,NULL,NULL,NULL,NULL,1,1,'1990-12-01','2022-02-23',NULL,56000.00,'2022-02-23',NULL,NULL,NULL,NULL,NULL,NULL,NULL,58240.00,NULL,0,NULL,NULL,1,17,'2022-02-23 18:07:59',NULL,NULL,1,0),
(14,2,1,1,17,1,'741258/4656','public/uploads/documents/1646198114-1657598580.pdf','7864/03/2022',2,2240.00,'4','TESTING','444444444444','7896541233',NULL,399,'89797887987',NULL,NULL,NULL,NULL,NULL,NULL,NULL,1,2,'1990-12-01','2022-04-09',NULL,56000.00,'2022-03-02',NULL,NULL,NULL,NULL,NULL,NULL,NULL,58240.00,NULL,0,NULL,NULL,1,17,'2022-03-02 10:45:14',NULL,NULL,1,0),
(15,2,2,1,17,1,'3225/7/7777','public/uploads/documents/1648537551-1770535245.pdf','6365/03/2022',2,1360.00,'4','TEST NAME',NULL,NULL,NULL,399,'1233212133',2,4,NULL,'test name','9779854621','978798798897','2022-03-29',1,1,'1990-12-31','2022-03-29','2022-03-29',34000.00,'2022-03-30',NULL,NULL,17000.00,NULL,'2022-03-29',10200.00,'2022-03-29',18360.00,NULL,0,NULL,NULL,1,17,'2022-03-29 12:35:51',NULL,NULL,1,0),
(16,2,1,1,17,1,'9874/5/4654','public/uploads/documents/1648553913-1912620280.pdf','03/2022/00001',2,2240.00,'4','PENSIONER NAME',NULL,NULL,NULL,399,'978645312645',NULL,NULL,NULL,NULL,NULL,NULL,NULL,1,1,'1977-09-25','2026-07-23',NULL,56000.00,'2026-07-24',NULL,NULL,NULL,NULL,NULL,NULL,NULL,58240.00,NULL,0,NULL,NULL,1,17,'2022-03-29 17:08:33',NULL,NULL,1,0),
(17,2,2,1,17,1,'9784/5/6547','public/uploads/documents/1648561160-1260438184.pdf','03/2022/00002',2,2240.00,'4','USER NAME','798978978798','3124659789',79898,399,'6459789789787',2,4,NULL,'User Name','7986459789','789887879465','2022-03-29',1,1,'1970-10-27','2022-03-29','2022-03-29',56000.00,'2022-03-30',NULL,NULL,28000.00,NULL,'2022-03-29',16800.00,'2022-03-29',30240.00,NULL,0,NULL,51,1,17,'2022-03-29 19:09:20',NULL,NULL,1,0),
(18,2,1,1,17,1,'9784/8/9784','public/uploads/documents/1648618801-1226992382.pdf','03/2022/00003',2,2600.00,'4','TEST USER',NULL,NULL,NULL,400,'978456231564',NULL,NULL,NULL,NULL,NULL,NULL,NULL,1,1,'1973-05-21','2022-12-31',NULL,65000.00,'2023-01-01',NULL,NULL,NULL,NULL,NULL,NULL,NULL,67600.00,NULL,0,NULL,51,1,17,'2022-03-30 11:10:01',NULL,NULL,1,0),
(19,2,2,1,17,1,'9999/7/7001','public/uploads/documents/1648795274-1846934264.pdf','04/2022/00004',2,400.00,'4','SOUMY RANJAN SAHOO','222233330221','9797979701',50002,927,'98800008999',1,1,NULL,'Test name','9090889898','766565666755','2021-01-01',14,1,'1959-01-01','2021-05-30','2021-01-01',10000.00,'2021-05-31',NULL,NULL,NULL,NULL,'2023-02-01',3000.00,'2023-03-01',3400.00,NULL,0,NULL,51,1,17,'2022-04-01 12:11:14',NULL,NULL,1,0),
(20,2,1,1,17,1,'4234/7/5464','public/uploads/documents/1648804905-1325983206.pdf','04/2022/00005',2,2240.00,'4','ASDASDAD',NULL,NULL,NULL,401,'75756565656',NULL,NULL,NULL,NULL,NULL,NULL,NULL,2,1,'1990-12-31','2022-04-08',NULL,56000.00,'2022-04-09',NULL,NULL,NULL,NULL,NULL,NULL,NULL,58240.00,NULL,0,NULL,50,1,17,'2022-04-01 14:51:45',NULL,NULL,1,0),
(21,2,1,1,17,1,'9999/8/7000','public/uploads/documents/1648876757-1470026466.pdf','04/2022/00006',2,400.00,'4','SOUMYA SAHOO A','222233330111','9898989802',40001,927,'9890000898',NULL,NULL,NULL,NULL,NULL,NULL,NULL,2,1,'1961-04-18','2021-04-30',NULL,10000.00,'2021-05-01',NULL,NULL,NULL,NULL,NULL,NULL,NULL,10400.00,NULL,0,NULL,54,1,17,'2022-04-02 10:49:17',NULL,NULL,1,0),
(22,2,1,1,17,1,'9999/8/7000','public/uploads/documents/1648877237-1262558869.pdf','04/2022/00007',2,400.00,'4','SOUMYA SAHOO B','222233330111','9898989801',40001,515,'9890000898',NULL,NULL,NULL,NULL,NULL,NULL,NULL,2,1,'1961-04-18','2021-04-30',NULL,10000.00,'2021-05-01',NULL,NULL,NULL,NULL,NULL,NULL,NULL,10400.00,NULL,0,NULL,51,1,17,'2022-04-02 10:57:17',NULL,NULL,1,0),
(23,2,2,1,17,1,'9999/7/7002','public/uploads/documents/1648880656-1136840787.pdf','04/2022/00008',2,400.00,'4','SARAT SAMAL','222233330222','9797979702',50003,927,'98800008901',1,1,NULL,'santilata shoo','9889858888','654354444145','2021-01-02',2,1,'1961-04-18','2021-04-30','2021-11-02',10000.00,'2021-05-01',NULL,NULL,NULL,NULL,'2021-12-01',3000.00,'2022-04-30',3400.00,NULL,0,NULL,51,1,17,'2022-04-02 11:54:16',NULL,NULL,1,0),
(24,2,1,1,17,1,'9999/8/9999','public/uploads/documents/1649068783-1484194352.pdf','04/2022/00009',3,800.00,'8','TESFRFFRCC VGV','756867667666','9999999997',66766,399,'5768576565454',NULL,NULL,NULL,NULL,NULL,NULL,NULL,1,1,'1910-01-01','2022-04-20',NULL,10000.00,'2022-04-21',10000.00,NULL,NULL,NULL,NULL,NULL,NULL,20800.00,NULL,0,NULL,51,1,17,'2022-04-04 16:09:43',NULL,NULL,1,0),
(25,2,1,1,17,1,'9874/5/5647','public/uploads/documents/1649663767-1292204665.pdf','04/2022/00011',2,2000.00,'4','TEST USER',NULL,NULL,NULL,400,'8794652134',NULL,NULL,NULL,NULL,NULL,NULL,NULL,2,1,'1990-12-31','2022-04-11',NULL,50000.00,'2022-04-12',NULL,NULL,NULL,NULL,NULL,NULL,NULL,52000.00,52000.00,0,NULL,54,1,17,'2022-04-11 13:26:07',NULL,NULL,1,0),
(26,2,1,1,17,1,'8794/4/3214','public/uploads/documents/1649678133-131374886.pdf','04/2022/00012',2,2000.00,'4','TEST USER',NULL,NULL,NULL,399,'978564123546',NULL,NULL,NULL,NULL,NULL,NULL,NULL,2,1,'1990-12-31','2022-04-11',NULL,50000.00,'2022-04-12',NULL,NULL,NULL,NULL,NULL,NULL,NULL,52000.00,552000.00,1,452000.00,54,1,17,'2022-04-11 17:25:33',NULL,NULL,1,0),
(27,2,1,2,17,1,'7894/8/9874','public/uploads/documents/1649678484-189958302.pdf','04/2022/00013',2,2240.00,'4','USER TEST',NULL,NULL,NULL,400,'89764512312',NULL,NULL,NULL,NULL,NULL,NULL,NULL,2,2,'1990-12-31','2022-04-27',NULL,56000.00,'2022-04-28',NULL,NULL,NULL,NULL,NULL,NULL,NULL,58240.00,564480.00,1,1400000.00,54,1,17,'2022-04-11 17:31:24',NULL,NULL,1,0),
(28,2,1,2,17,1,'9874/2/4231','public/uploads/documents/1650378699-1780678744.pdf','04/2022/00014',2,3400.00,'4','TEST USER',NULL,NULL,NULL,401,'9876543124',NULL,NULL,NULL,NULL,NULL,NULL,NULL,1,1,'1966-08-26','2022-05-07',NULL,85000.00,'2022-05-08',NULL,NULL,NULL,NULL,NULL,NULL,NULL,88400.00,1006800.00,1,955800.00,54,1,17,'2022-04-19 20:01:39',NULL,NULL,1,0),
(29,2,1,2,17,1,'9784/4/4657','public/uploads/documents/1650972144-1603602873.pdf','04/2022/00015',2,3440.00,'4','NEW USER NAME',NULL,NULL,NULL,400,'87956412341',NULL,NULL,NULL,NULL,NULL,NULL,NULL,1,2,'1970-02-03','2022-04-26',NULL,86000.00,'2022-04-27',NULL,NULL,NULL,NULL,NULL,NULL,NULL,89440.00,1067280.00,0,NULL,54,1,17,'2022-04-26 16:52:24',NULL,NULL,1,0),
(30,2,1,1,17,1,'7984/8/5467','public/uploads/documents/1652268485-1332888090.pdf','2022/05/0016',2,3440.00,'4','USER NAME',NULL,NULL,NULL,399,'8977897894',NULL,NULL,NULL,NULL,NULL,NULL,NULL,2,1,'1944-06-20','2022-05-11',NULL,86000.00,'2022-05-12',NULL,NULL,NULL,NULL,NULL,NULL,NULL,89440.00,713280.00,1,663280.00,54,1,17,'2022-05-11 16:58:05',NULL,NULL,1,0);

/*Table structure for table `optcl_existing_user_commutation` */

DROP TABLE IF EXISTS `optcl_existing_user_commutation`;

CREATE TABLE `optcl_existing_user_commutation` (
  `id` int(11) NOT NULL AUTO_INCREMENT,
  `existing_user_id` int(11) DEFAULT NULL,
  `commutation_amount` double(18,2) DEFAULT NULL,
  `commutation_end_date` date DEFAULT NULL,
  `created_by` int(11) DEFAULT NULL,
  `created_at` datetime DEFAULT NULL,
  `modified_by` int(11) DEFAULT NULL,
  `modified_at` datetime DEFAULT NULL,
  `status` tinyint(1) NOT NULL DEFAULT 1,
  `deleted` tinyint(1) NOT NULL DEFAULT 0,
  PRIMARY KEY (`id`)
) ENGINE=InnoDB AUTO_INCREMENT=39 DEFAULT CHARSET=utf8mb4;

/*Data for the table `optcl_existing_user_commutation` */

insert  into `optcl_existing_user_commutation`(`id`,`existing_user_id`,`commutation_amount`,`commutation_end_date`,`created_by`,`created_at`,`modified_by`,`modified_at`,`status`,`deleted`) values 
(1,5,4566.00,'2022-03-12',17,'2022-02-19 19:10:38',NULL,NULL,1,0),
(2,5,5600.00,'2022-03-10',17,'2022-02-19 19:10:38',NULL,NULL,1,0),
(3,6,4500.00,'2022-03-12',17,'2022-02-19 19:17:51',NULL,NULL,1,0),
(4,6,4800.00,'2022-03-05',17,'2022-02-19 19:17:51',NULL,NULL,1,0),
(9,9,4500.00,'2022-02-21',17,'2022-02-21 19:17:06',NULL,NULL,1,0),
(10,9,3500.00,'2022-02-21',17,'2022-02-21 19:17:06',NULL,NULL,1,0),
(13,11,4500.00,'2022-02-21',17,'2022-02-21 20:40:24',NULL,NULL,1,0),
(14,12,7500.00,'2022-03-11',17,'2022-02-23 15:10:28',NULL,NULL,1,0),
(15,13,5600.00,'2022-02-23',17,'2022-02-23 18:07:59',NULL,NULL,1,0),
(16,14,5600.00,'2022-04-09',17,'2022-03-02 10:45:14',NULL,NULL,1,0),
(17,14,6500.00,'2022-03-23',17,'2022-03-02 10:45:14',NULL,NULL,1,0),
(18,15,4500.00,'2022-03-29',17,'2022-03-29 12:35:51',NULL,NULL,1,0),
(19,16,5600.00,'2022-03-29',17,'2022-03-29 17:08:33',NULL,NULL,1,0),
(20,17,4500.00,'2022-07-30',17,'2022-03-29 19:09:20',NULL,NULL,1,0),
(21,18,7800.00,'2022-12-31',17,'2022-03-30 11:10:01',NULL,NULL,1,0),
(22,18,1500.00,'2023-11-30',17,'2022-03-30 11:10:01',NULL,NULL,1,0),
(23,19,2000.00,'2022-04-30',17,'2022-04-01 12:11:14',NULL,NULL,1,0),
(24,19,1000.00,'2022-05-30',17,'2022-04-01 12:11:14',NULL,NULL,1,0),
(25,20,6700.00,'2022-04-15',17,'2022-04-01 14:51:45',NULL,NULL,1,0),
(26,21,2000.00,'2022-04-30',17,'2022-04-02 10:49:17',NULL,NULL,1,0),
(27,22,2000.00,'2022-04-30',17,'2022-04-02 10:57:17',NULL,NULL,1,0),
(28,23,1000.00,'2022-04-30',17,'2022-04-02 11:54:16',NULL,NULL,1,0),
(29,24,2000.00,'2022-04-30',17,'2022-04-04 16:09:43',NULL,NULL,1,0),
(30,25,500.00,'2022-04-11',17,'2022-04-11 13:26:07',NULL,NULL,1,0),
(31,25,500.00,'2022-04-11',17,'2022-04-11 13:26:07',NULL,NULL,1,0),
(32,26,5000.00,'2022-04-11',17,'2022-04-11 17:25:33',NULL,NULL,1,0),
(33,26,1000.00,'2022-04-11',17,'2022-04-11 17:25:33',NULL,NULL,1,0),
(34,27,5600.00,'2022-04-11',17,'2022-04-11 17:31:24',NULL,NULL,1,0),
(35,27,5600.00,'2022-04-11',17,'2022-04-11 17:31:24',NULL,NULL,1,0),
(36,28,4500.00,'2022-04-19',17,'2022-04-19 20:01:39',NULL,NULL,1,0),
(37,29,500.00,'2022-09-10',17,'2022-04-26 16:52:24',NULL,NULL,1,0),
(38,30,30000.00,'2023-05-30',17,'2022-05-11 16:58:05',NULL,NULL,1,0);

/*Table structure for table `optcl_form16_master` */

DROP TABLE IF EXISTS `optcl_form16_master`;

CREATE TABLE `optcl_form16_master` (
  `id` int(11) NOT NULL AUTO_INCREMENT,
  `form_16_file_path` text DEFAULT NULL,
  `upload_date` datetime DEFAULT NULL,
  `status` tinyint(1) DEFAULT 1,
  `created_at` datetime DEFAULT NULL,
  `created_by` int(11) DEFAULT NULL,
  `modified_at` datetime DEFAULT NULL,
  `modified_by` int(11) DEFAULT NULL,
  `deleted` tinyint(1) DEFAULT 0,
  PRIMARY KEY (`id`)
) ENGINE=InnoDB AUTO_INCREMENT=9 DEFAULT CHARSET=utf8;

/*Data for the table `optcl_form16_master` */

insert  into `optcl_form16_master`(`id`,`form_16_file_path`,`upload_date`,`status`,`created_at`,`created_by`,`modified_at`,`modified_by`,`deleted`) values 
(7,'uploads/form16_file/1634821453-1685718154.pdf','2021-10-21 00:00:00',1,NULL,NULL,NULL,NULL,0),
(8,'uploads/form16_file/1634901049-1531051156.pdf','2021-10-22 00:00:00',0,NULL,NULL,NULL,NULL,0);

/*Table structure for table `optcl_marital_status_master` */

DROP TABLE IF EXISTS `optcl_marital_status_master`;

CREATE TABLE `optcl_marital_status_master` (
  `id` int(11) NOT NULL AUTO_INCREMENT,
  `marital_status_name` varchar(20) DEFAULT NULL,
  `status` tinyint(1) DEFAULT 1,
  `created_by` int(11) DEFAULT NULL,
  `created_at` datetime DEFAULT NULL,
  `modified_by` int(11) DEFAULT NULL,
  `modified_at` datetime DEFAULT NULL,
  `deleted` tinyint(1) DEFAULT 0,
  PRIMARY KEY (`id`)
) ENGINE=InnoDB AUTO_INCREMENT=5 DEFAULT CHARSET=utf8;

/*Data for the table `optcl_marital_status_master` */

insert  into `optcl_marital_status_master`(`id`,`marital_status_name`,`status`,`created_by`,`created_at`,`modified_by`,`modified_at`,`deleted`) values 
(1,'Married',1,1,'2021-09-25 12:12:27',NULL,NULL,0),
(2,'Unmarried',1,1,'2021-09-25 12:12:29',NULL,NULL,0),
(3,'Widow',1,1,'2021-09-25 12:12:30',NULL,NULL,0),
(4,'Divorcee',1,1,'2021-09-25 12:12:33',NULL,NULL,0);

/*Table structure for table `optcl_monthly_changed_data` */

DROP TABLE IF EXISTS `optcl_monthly_changed_data`;

CREATE TABLE `optcl_monthly_changed_data` (
  `id` int(11) NOT NULL AUTO_INCREMENT,
  `appliation_type` int(11) DEFAULT NULL COMMENT 'optcl_application_type',
  `pensioner_type` int(11) DEFAULT NULL COMMENT 'optcl_pension_type_master',
  `is_changed_request` tinyint(1) DEFAULT 0 COMMENT '0-No/1-Yes',
  `cr_type_id` int(11) DEFAULT NULL COMMENT 'optcl_change_data_master',
  `application_id` int(11) DEFAULT NULL COMMENT 'optcl_existing_user/ optcl_pension_application_form',
  `pension_unit_id` int(11) DEFAULT NULL COMMENT 'optcl_pension_unit_master',
  `is_pension_unit_checked` tinyint(1) DEFAULT 0,
  `is_billing_officer_approved` tinyint(1) NOT NULL DEFAULT 0,
  `created_by` int(11) DEFAULT NULL,
  `created_at` datetime DEFAULT NULL,
  `modified_by` int(11) DEFAULT NULL,
  `modified_at` datetime DEFAULT NULL,
  `status` tinyint(1) NOT NULL DEFAULT 1,
  `deleted` tinyint(1) NOT NULL DEFAULT 0,
  PRIMARY KEY (`id`)
) ENGINE=InnoDB AUTO_INCREMENT=26 DEFAULT CHARSET=utf8mb4;

/*Data for the table `optcl_monthly_changed_data` */

insert  into `optcl_monthly_changed_data`(`id`,`appliation_type`,`pensioner_type`,`is_changed_request`,`cr_type_id`,`application_id`,`pension_unit_id`,`is_pension_unit_checked`,`is_billing_officer_approved`,`created_by`,`created_at`,`modified_by`,`modified_at`,`status`,`deleted`) values 
(1,2,2,0,NULL,9,1,0,0,17,'2022-02-21 19:17:06',NULL,NULL,1,0),
(2,2,2,0,NULL,11,1,1,1,17,'2022-02-21 20:40:24',NULL,NULL,1,0),
(3,2,1,0,NULL,12,1,1,1,17,'2022-02-23 15:10:28',NULL,NULL,1,0),
(4,2,1,0,NULL,13,1,1,1,17,'2022-02-23 18:07:59',NULL,NULL,1,0),
(5,2,1,0,NULL,14,1,1,1,17,'2022-03-02 10:45:14',NULL,NULL,1,0),
(6,2,2,0,NULL,15,1,1,1,17,'2022-03-29 12:35:51',NULL,NULL,1,0),
(7,2,1,0,NULL,16,1,0,0,17,'2022-03-29 17:08:33',NULL,NULL,1,0),
(8,2,2,0,NULL,17,1,1,1,17,'2022-03-29 19:09:20',NULL,NULL,1,0),
(9,2,1,0,NULL,18,1,1,1,17,'2022-03-30 11:10:01',NULL,NULL,1,0),
(10,2,2,0,NULL,19,1,1,1,17,'2022-04-01 12:11:14',NULL,NULL,1,0),
(11,2,1,0,NULL,20,1,1,0,17,'2022-04-01 14:51:45',NULL,NULL,1,0),
(12,2,1,0,NULL,21,1,0,0,17,'2022-04-02 10:49:17',NULL,NULL,1,0),
(13,2,1,0,NULL,22,1,1,1,17,'2022-04-02 10:57:17',NULL,NULL,1,0),
(14,2,2,0,NULL,23,1,1,1,17,'2022-04-02 11:54:16',NULL,NULL,1,0),
(15,2,1,0,NULL,24,1,1,1,17,'2022-04-04 16:09:43',NULL,NULL,1,0),
(16,2,2,0,NULL,12,1,0,0,33,'2022-04-04 19:32:36',NULL,NULL,1,0),
(17,2,2,0,NULL,12,1,0,0,33,'2022-04-05 11:27:51',NULL,NULL,1,0),
(18,1,2,0,NULL,12,1,1,0,33,'2022-04-05 11:29:47',NULL,NULL,1,0),
(19,1,1,0,NULL,11,1,1,0,33,'2022-04-05 16:17:34',NULL,NULL,1,0),
(20,2,1,0,NULL,25,1,0,0,17,'2022-04-11 13:26:07',NULL,NULL,1,0),
(21,2,1,0,NULL,26,1,0,0,17,'2022-04-11 17:25:33',NULL,NULL,1,0),
(22,2,1,0,NULL,27,1,0,0,17,'2022-04-11 17:31:24',NULL,NULL,1,0),
(23,2,1,0,NULL,28,1,0,0,17,'2022-04-19 20:01:39',NULL,NULL,1,0),
(24,2,1,0,NULL,29,1,0,0,17,'2022-04-26 16:52:24',NULL,NULL,1,0),
(25,2,1,0,NULL,30,1,0,0,17,'2022-05-11 16:58:05',NULL,NULL,1,0);

/*Table structure for table `optcl_net_pension_commutation_list` */

DROP TABLE IF EXISTS `optcl_net_pension_commutation_list`;

CREATE TABLE `optcl_net_pension_commutation_list` (
  `id` int(11) NOT NULL AUTO_INCREMENT,
  `net_pension_details_id` int(11) DEFAULT NULL COMMENT 'optcl_net_pension_details',
  `comm_id` int(11) DEFAULT NULL COMMENT 'optcl_existing_user_commutation',
  `comm_date` date DEFAULT NULL,
  `comm_amount` double(18,2) DEFAULT NULL,
  `created_by` int(11) DEFAULT NULL,
  `created_at` datetime DEFAULT NULL,
  `modified_by` int(11) DEFAULT NULL,
  `modified_at` datetime DEFAULT NULL,
  `status` tinyint(1) DEFAULT 1,
  `deleted` tinyint(1) DEFAULT 0,
  PRIMARY KEY (`id`)
) ENGINE=InnoDB AUTO_INCREMENT=5 DEFAULT CHARSET=utf8mb4 COMMENT='We will store all commutation details after net pension calculation. It only for history';

/*Data for the table `optcl_net_pension_commutation_list` */

insert  into `optcl_net_pension_commutation_list`(`id`,`net_pension_details_id`,`comm_id`,`comm_date`,`comm_amount`,`created_by`,`created_at`,`modified_by`,`modified_at`,`status`,`deleted`) values 
(4,14,36,'2022-04-19',4500.00,17,'2022-04-20 19:42:08',NULL,NULL,1,0);

/*Table structure for table `optcl_net_pension_details` */

DROP TABLE IF EXISTS `optcl_net_pension_details`;

CREATE TABLE `optcl_net_pension_details` (
  `id` int(11) NOT NULL AUTO_INCREMENT,
  `application_type` int(11) DEFAULT NULL,
  `pension_type` int(11) DEFAULT NULL,
  `application_id` int(11) DEFAULT NULL,
  `basic_amount` double(18,2) DEFAULT NULL,
  `additional_amount` double(18,2) DEFAULT NULL,
  `ti_amount` double(18,2) DEFAULT NULL,
  `gross_pension_amount` double(18,2) DEFAULT NULL,
  `trust_recovery_amount` double(18,2) DEFAULT NULL,
  `other_recovery_amount` double(18,2) DEFAULT NULL,
  `net_pension_amount` double(18,2) DEFAULT NULL,
  `rebate_amount` double(18,2) DEFAULT NULL,
  `health_education_percentage` double(18,2) DEFAULT NULL,
  `health_education_amount` double(18,2) DEFAULT NULL,
  `tot_tax_amount` double(18,2) DEFAULT NULL COMMENT 'Total tax value without health and education cess deduction',
  `tot_tax_payable_anually` double(18,2) DEFAULT NULL COMMENT 'total tax payable amount annually',
  `tds_amount` double(18,2) DEFAULT NULL COMMENT 'total tax payable amount monthly',
  `created_by` int(11) DEFAULT NULL,
  `created_at` datetime DEFAULT NULL,
  `modified_by` int(11) DEFAULT NULL,
  `modified_at` datetime DEFAULT NULL,
  `status` tinyint(1) NOT NULL DEFAULT 1,
  `deleted` tinyint(1) NOT NULL DEFAULT 0,
  PRIMARY KEY (`id`)
) ENGINE=InnoDB AUTO_INCREMENT=15 DEFAULT CHARSET=utf8mb4;

/*Data for the table `optcl_net_pension_details` */

insert  into `optcl_net_pension_details`(`id`,`application_type`,`pension_type`,`application_id`,`basic_amount`,`additional_amount`,`ti_amount`,`gross_pension_amount`,`trust_recovery_amount`,`other_recovery_amount`,`net_pension_amount`,`rebate_amount`,`health_education_percentage`,`health_education_amount`,`tot_tax_amount`,`tot_tax_payable_anually`,`tds_amount`,`created_by`,`created_at`,`modified_by`,`modified_at`,`status`,`deleted`) values 
(14,2,1,28,85000.00,0.00,3400.00,88400.00,0.00,0.00,79249.47,0.00,4.00,2146.40,53660.00,55806.40,4650.53,17,'2022-04-20 19:42:08',NULL,NULL,1,0);

/*Table structure for table `optcl_net_pension_tax_details` */

DROP TABLE IF EXISTS `optcl_net_pension_tax_details`;

CREATE TABLE `optcl_net_pension_tax_details` (
  `id` int(11) NOT NULL AUTO_INCREMENT,
  `net_pension_details_id` int(11) DEFAULT NULL COMMENT 'optcl_net_pension_details',
  `tax_stab_id` int(11) DEFAULT NULL COMMENT 'optcl_tax_slab_master',
  `tax_slab_from` double(18,2) DEFAULT NULL,
  `tax_slab_to` double(18,2) DEFAULT NULL,
  `tax_slab_per` float(5,2) DEFAULT NULL,
  `tax_slab_amount` double(18,2) DEFAULT NULL,
  `created_by` int(11) DEFAULT NULL,
  `created_at` datetime DEFAULT NULL,
  `modified_by` int(11) DEFAULT NULL,
  `modified_at` datetime DEFAULT NULL,
  `status` tinyint(1) DEFAULT 1,
  `deleted` tinyint(1) DEFAULT 0,
  PRIMARY KEY (`id`)
) ENGINE=InnoDB AUTO_INCREMENT=17 DEFAULT CHARSET=utf8mb4 COMMENT='We will store all tax details according to tax regimes after net pension calculation. It only for history';

/*Data for the table `optcl_net_pension_tax_details` */

insert  into `optcl_net_pension_tax_details`(`id`,`net_pension_details_id`,`tax_stab_id`,`tax_slab_from`,`tax_slab_to`,`tax_slab_per`,`tax_slab_amount`,`created_by`,`created_at`,`modified_by`,`modified_at`,`status`,`deleted`) values 
(13,14,1,0.00,250000.00,0.00,0.00,17,'2022-04-20 19:42:08',NULL,NULL,1,0),
(14,14,2,250001.00,500000.00,5.00,12500.00,17,'2022-04-20 19:42:08',NULL,NULL,1,0),
(15,14,3,500001.00,1000000.00,20.00,41160.00,17,'2022-04-20 19:42:08',NULL,NULL,1,0),
(16,14,4,1000001.00,NULL,30.00,0.00,17,'2022-04-20 19:42:08',NULL,NULL,1,0);

/*Table structure for table `optcl_nominee_add_recovery` */

DROP TABLE IF EXISTS `optcl_nominee_add_recovery`;

CREATE TABLE `optcl_nominee_add_recovery` (
  `id` int(11) NOT NULL AUTO_INCREMENT,
  `application_id` int(11) DEFAULT NULL,
  `employee_id` int(11) DEFAULT NULL,
  `recovery_label` varchar(255) CHARACTER SET utf8mb4 COLLATE utf8mb4_unicode_ci DEFAULT NULL,
  `recovery_value` varchar(255) CHARACTER SET utf8mb4 COLLATE utf8mb4_unicode_ci DEFAULT NULL,
  `status` tinyint(1) DEFAULT 1,
  `created_at` datetime DEFAULT NULL,
  `created_by` int(11) DEFAULT NULL,
  `modified_at` datetime DEFAULT NULL,
  `modified_by` int(11) DEFAULT NULL,
  `deleted` tinyint(1) DEFAULT 0,
  PRIMARY KEY (`id`)
) ENGINE=InnoDB AUTO_INCREMENT=6 DEFAULT CHARSET=utf8mb4;

/*Data for the table `optcl_nominee_add_recovery` */

insert  into `optcl_nominee_add_recovery`(`id`,`application_id`,`employee_id`,`recovery_label`,`recovery_value`,`status`,`created_at`,`created_by`,`modified_at`,`modified_by`,`deleted`) values 
(1,3,1,'recovery label','10000',1,'2022-01-20 13:20:22',10,NULL,NULL,0),
(2,5,1,'qqqqqq','23444',1,'2022-01-20 18:03:46',10,NULL,NULL,0),
(3,4,1,'testing label one chnage three','5480',1,'2022-01-21 17:32:45',10,'2022-01-24 17:53:36',15,0),
(4,6,1,'recovery one test two','4524',1,'2022-01-25 10:59:23',10,'2022-01-25 16:00:51',11,0),
(5,12,3,'nominee recovery one two','4502',1,'2022-02-02 19:59:48',10,'2022-02-03 16:49:46',23,0);

/*Table structure for table `optcl_nominee_add_recovery_history` */

DROP TABLE IF EXISTS `optcl_nominee_add_recovery_history`;

CREATE TABLE `optcl_nominee_add_recovery_history` (
  `id` int(11) NOT NULL AUTO_INCREMENT,
  `recovery_id` int(11) DEFAULT NULL,
  `application_id` int(11) DEFAULT NULL,
  `employee_id` int(11) DEFAULT NULL,
  `recovery_label` varchar(255) CHARACTER SET utf8mb4 COLLATE utf8mb4_unicode_ci DEFAULT NULL,
  `recovery_value` varchar(255) CHARACTER SET utf8mb4 COLLATE utf8mb4_unicode_ci DEFAULT NULL,
  `status` tinyint(1) DEFAULT 1,
  `modified_at` datetime DEFAULT NULL,
  `modified_by` int(11) DEFAULT NULL,
  `deleted` tinyint(1) DEFAULT 0,
  PRIMARY KEY (`id`)
) ENGINE=InnoDB AUTO_INCREMENT=13 DEFAULT CHARSET=utf8mb4;

/*Data for the table `optcl_nominee_add_recovery_history` */

insert  into `optcl_nominee_add_recovery_history`(`id`,`recovery_id`,`application_id`,`employee_id`,`recovery_label`,`recovery_value`,`status`,`modified_at`,`modified_by`,`deleted`) values 
(1,1,3,1,'recovery label','10000',1,'2022-01-20 13:20:22',10,0),
(2,2,5,1,'qqqqqq','23444',1,'2022-01-20 18:03:46',10,0),
(3,3,4,1,'testing label one','4500',1,'2022-01-21 17:32:45',10,0),
(4,3,4,1,'testing label one chnage','5400',1,'2022-01-21 18:54:58',11,0),
(5,3,4,1,'testing label one chnage','5400',1,'2022-01-21 19:18:36',11,0),
(6,3,4,1,'testing label one chnage three','5480',1,'2022-01-24 17:53:36',15,0),
(7,4,6,1,'recovery one','4520',1,'2022-01-25 10:59:23',10,0),
(8,4,6,1,'recovery one test two','4524',1,'2022-01-25 16:00:51',11,0),
(9,5,12,3,'nominee recovery','4500',1,'2022-02-02 19:59:48',10,0),
(10,5,12,3,'nominee recovery','4500',1,'2022-02-02 20:02:33',11,0),
(11,5,12,3,'nominee recovery one','4501',1,'2022-02-02 20:06:20',15,0),
(12,5,12,3,'nominee recovery one two','4502',1,'2022-02-03 16:49:46',23,0);

/*Table structure for table `optcl_nominee_application_form_field_status` */

DROP TABLE IF EXISTS `optcl_nominee_application_form_field_status`;

CREATE TABLE `optcl_nominee_application_form_field_status` (
  `id` int(11) NOT NULL AUTO_INCREMENT,
  `application_id` int(11) DEFAULT NULL,
  `form_id` int(11) DEFAULT NULL,
  `field_id` int(11) DEFAULT NULL,
  `status_id` int(11) DEFAULT NULL,
  `nominee_id` int(11) DEFAULT NULL,
  `remarks` text DEFAULT NULL,
  `is_latest` tinyint(1) NOT NULL DEFAULT 0,
  `status` tinyint(1) DEFAULT 1,
  `created_by` int(11) DEFAULT NULL,
  `created_at` datetime DEFAULT NULL,
  `modified_by` int(11) DEFAULT NULL,
  `modified_at` datetime DEFAULT NULL,
  `deleted` tinyint(1) DEFAULT 0,
  PRIMARY KEY (`id`)
) ENGINE=InnoDB AUTO_INCREMENT=298 DEFAULT CHARSET=utf8mb4;

/*Data for the table `optcl_nominee_application_form_field_status` */

insert  into `optcl_nominee_application_form_field_status`(`id`,`application_id`,`form_id`,`field_id`,`status_id`,`nominee_id`,`remarks`,`is_latest`,`status`,`created_by`,`created_at`,`modified_by`,`modified_at`,`deleted`) values 
(1,3,1,3,1,NULL,NULL,1,1,10,'2022-01-20 13:07:05',NULL,NULL,0),
(2,3,1,4,1,NULL,NULL,1,1,10,'2022-01-20 13:07:06',NULL,NULL,0),
(3,3,1,5,1,NULL,NULL,1,1,10,'2022-01-20 13:07:11',NULL,NULL,0),
(4,3,1,6,1,NULL,NULL,1,1,10,'2022-01-20 13:07:12',NULL,NULL,0),
(5,3,1,7,1,NULL,NULL,1,1,10,'2022-01-20 13:07:13',NULL,NULL,0),
(6,3,1,8,1,NULL,NULL,1,1,10,'2022-01-20 13:07:14',NULL,NULL,0),
(7,3,1,9,1,NULL,NULL,1,1,10,'2022-01-20 13:07:14',NULL,NULL,0),
(8,3,1,79,1,NULL,NULL,1,1,10,'2022-01-20 13:07:16',NULL,NULL,0),
(9,3,1,10,1,NULL,NULL,1,1,10,'2022-01-20 13:07:16',NULL,NULL,0),
(10,3,1,11,1,NULL,NULL,1,1,10,'2022-01-20 13:07:17',NULL,NULL,0),
(11,3,1,12,1,NULL,NULL,1,1,10,'2022-01-20 13:07:18',NULL,NULL,0),
(12,3,1,13,1,NULL,NULL,1,1,10,'2022-01-20 13:07:19',NULL,NULL,0),
(13,3,2,86,1,NULL,NULL,1,1,10,'2022-01-20 13:07:21',NULL,NULL,0),
(14,3,2,87,1,NULL,NULL,1,1,10,'2022-01-20 13:07:21',NULL,NULL,0),
(15,3,2,88,1,NULL,NULL,1,1,10,'2022-01-20 13:07:23',NULL,NULL,0),
(16,3,2,89,1,NULL,NULL,1,1,10,'2022-01-20 13:07:23',NULL,NULL,0),
(17,3,2,90,1,NULL,NULL,1,1,10,'2022-01-20 13:07:24',NULL,NULL,0),
(18,3,2,91,1,NULL,NULL,1,1,10,'2022-01-20 13:07:25',NULL,NULL,0),
(19,3,2,92,1,NULL,NULL,1,1,10,'2022-01-20 13:07:25',NULL,NULL,0),
(20,3,2,93,1,NULL,NULL,1,1,10,'2022-01-20 13:07:26',NULL,NULL,0),
(21,3,2,14,1,NULL,NULL,1,1,10,'2022-01-20 13:07:27',NULL,NULL,0),
(22,3,2,15,1,NULL,NULL,1,1,10,'2022-01-20 13:07:28',NULL,NULL,0),
(23,3,2,94,1,NULL,NULL,1,1,10,'2022-01-20 13:07:28',NULL,NULL,0),
(24,3,2,16,1,NULL,NULL,1,1,10,'2022-01-20 13:07:29',NULL,NULL,0),
(25,3,2,17,1,NULL,NULL,1,1,10,'2022-01-20 13:07:29',NULL,NULL,0),
(26,3,2,18,1,NULL,NULL,1,1,10,'2022-01-20 13:07:30',NULL,NULL,0),
(27,3,2,30,1,NULL,NULL,1,1,10,'2022-01-20 13:07:31',NULL,NULL,0),
(28,3,2,31,1,NULL,NULL,1,1,10,'2022-01-20 13:07:32',NULL,NULL,0),
(29,3,2,32,1,NULL,NULL,1,1,10,'2022-01-20 13:07:33',NULL,NULL,0),
(30,3,2,35,1,NULL,NULL,1,1,10,'2022-01-20 13:07:34',NULL,NULL,0),
(31,3,2,39,1,NULL,NULL,1,1,10,'2022-01-20 13:07:34',NULL,NULL,0),
(32,3,2,36,1,NULL,NULL,1,1,10,'2022-01-20 13:07:35',NULL,NULL,0),
(33,3,3,46,1,2,NULL,1,1,10,'2022-01-20 13:07:36',NULL,NULL,0),
(34,3,3,47,1,2,NULL,1,1,10,'2022-01-20 13:07:37',NULL,NULL,0),
(35,3,3,48,1,2,NULL,1,1,10,'2022-01-20 13:07:37',NULL,NULL,0),
(36,3,3,49,1,2,NULL,1,1,10,'2022-01-20 13:07:38',NULL,NULL,0),
(37,3,3,50,1,2,NULL,1,1,10,'2022-01-20 13:07:39',NULL,NULL,0),
(38,3,3,51,1,2,NULL,1,1,10,'2022-01-20 13:07:40',NULL,NULL,0),
(39,3,3,55,1,2,NULL,1,1,10,'2022-01-20 13:07:41',NULL,NULL,0),
(40,3,3,56,1,2,NULL,1,1,10,'2022-01-20 13:07:42',NULL,NULL,0),
(41,3,3,57,1,2,NULL,1,1,10,'2022-01-20 13:07:43',NULL,NULL,0),
(42,3,3,58,1,2,NULL,1,1,10,'2022-01-20 13:07:44',NULL,NULL,0),
(43,3,3,59,1,2,NULL,1,1,10,'2022-01-20 13:07:44',NULL,NULL,0),
(44,3,3,60,1,2,NULL,1,1,10,'2022-01-20 13:07:45',NULL,NULL,0),
(45,3,3,61,1,2,NULL,1,1,10,'2022-01-20 13:07:46',NULL,NULL,0),
(46,3,3,62,1,2,NULL,1,1,10,'2022-01-20 13:07:47',NULL,NULL,0),
(47,3,3,63,1,2,NULL,1,1,10,'2022-01-20 13:07:48',NULL,NULL,0),
(48,3,3,66,1,2,NULL,1,1,10,'2022-01-20 13:07:49',NULL,NULL,0),
(49,3,3,67,1,2,NULL,1,1,10,'2022-01-20 13:07:50',NULL,NULL,0),
(50,3,4,81,1,NULL,NULL,1,1,10,'2022-01-20 13:07:52',NULL,NULL,0),
(51,3,4,82,1,NULL,NULL,1,1,10,'2022-01-20 13:07:52',NULL,NULL,0),
(52,3,4,83,1,NULL,NULL,1,1,10,'2022-01-20 13:07:53',NULL,NULL,0),
(53,3,4,84,1,NULL,NULL,1,1,10,'2022-01-20 13:07:55',NULL,NULL,0),
(54,3,4,85,1,NULL,NULL,1,1,10,'2022-01-20 13:07:56',NULL,NULL,0),
(55,3,4,95,1,NULL,NULL,1,1,10,'2022-01-20 13:07:57',NULL,NULL,0),
(56,5,2,41,1,NULL,NULL,1,1,10,'2022-01-20 17:38:02',10,'2022-01-20 17:38:07',0),
(57,5,2,42,1,NULL,NULL,1,1,10,'2022-01-20 17:38:03',10,'2022-01-20 17:38:06',0),
(58,5,1,4,1,NULL,NULL,1,1,10,'2022-01-20 17:48:03',NULL,NULL,0),
(59,5,1,5,1,NULL,NULL,1,1,10,'2022-01-20 17:48:03',NULL,NULL,0),
(60,5,1,3,1,NULL,NULL,1,1,10,'2022-01-20 17:48:03',NULL,NULL,0),
(61,5,1,6,1,NULL,NULL,1,1,10,'2022-01-20 17:48:04',NULL,NULL,0),
(62,5,1,7,1,NULL,NULL,1,1,10,'2022-01-20 17:48:04',NULL,NULL,0),
(63,5,1,8,1,NULL,NULL,1,1,10,'2022-01-20 17:48:06',NULL,NULL,0),
(64,5,1,9,1,NULL,NULL,1,1,10,'2022-01-20 17:48:06',NULL,NULL,0),
(65,5,1,79,1,NULL,NULL,1,1,10,'2022-01-20 17:48:07',NULL,NULL,0),
(66,5,1,10,1,NULL,NULL,1,1,10,'2022-01-20 17:48:07',NULL,NULL,0),
(67,5,1,11,1,NULL,NULL,1,1,10,'2022-01-20 17:48:08',NULL,NULL,0),
(68,5,1,12,1,NULL,NULL,1,1,10,'2022-01-20 17:48:09',NULL,NULL,0),
(69,5,1,13,1,NULL,NULL,1,1,10,'2022-01-20 17:48:10',NULL,NULL,0),
(70,5,2,86,1,NULL,NULL,1,1,10,'2022-01-20 17:48:11',NULL,NULL,0),
(71,5,2,87,1,NULL,NULL,1,1,10,'2022-01-20 17:48:12',NULL,NULL,0),
(72,5,2,88,1,NULL,NULL,1,1,10,'2022-01-20 17:48:13',NULL,NULL,0),
(73,5,2,89,1,NULL,NULL,1,1,10,'2022-01-20 17:48:13',NULL,NULL,0),
(74,5,2,90,1,NULL,NULL,1,1,10,'2022-01-20 17:48:14',NULL,NULL,0),
(75,5,2,91,1,NULL,NULL,1,1,10,'2022-01-20 17:48:15',NULL,NULL,0),
(76,5,2,92,1,NULL,NULL,1,1,10,'2022-01-20 17:48:16',NULL,NULL,0),
(77,5,2,93,1,NULL,NULL,1,1,10,'2022-01-20 17:48:16',NULL,NULL,0),
(78,5,2,14,1,NULL,NULL,1,1,10,'2022-01-20 17:48:17',NULL,NULL,0),
(79,5,2,15,1,NULL,NULL,1,1,10,'2022-01-20 17:48:18',NULL,NULL,0),
(80,5,2,94,1,NULL,NULL,1,1,10,'2022-01-20 17:48:19',NULL,NULL,0),
(81,5,2,16,1,NULL,NULL,1,1,10,'2022-01-20 17:48:19',NULL,NULL,0),
(82,5,2,17,1,NULL,NULL,1,1,10,'2022-01-20 17:48:21',NULL,NULL,0),
(83,5,2,18,1,NULL,NULL,1,1,10,'2022-01-20 17:48:22',NULL,NULL,0),
(84,5,2,30,1,NULL,NULL,1,1,10,'2022-01-20 17:48:23',NULL,NULL,0),
(85,5,2,31,1,NULL,NULL,1,1,10,'2022-01-20 17:48:24',NULL,NULL,0),
(86,5,2,32,1,NULL,NULL,1,1,10,'2022-01-20 17:48:24',NULL,NULL,0),
(87,5,2,35,1,NULL,NULL,1,1,10,'2022-01-20 17:48:26',NULL,NULL,0),
(88,5,2,39,1,NULL,NULL,1,1,10,'2022-01-20 17:48:26',NULL,NULL,0),
(89,5,2,40,1,NULL,NULL,1,1,10,'2022-01-20 17:48:27',NULL,NULL,0),
(90,5,2,36,1,NULL,NULL,1,1,10,'2022-01-20 17:48:28',NULL,NULL,0),
(91,5,2,37,1,NULL,NULL,1,1,10,'2022-01-20 17:48:29',NULL,NULL,0),
(92,5,2,38,1,NULL,NULL,1,1,10,'2022-01-20 17:48:30',NULL,NULL,0),
(93,5,3,46,1,2,NULL,1,1,10,'2022-01-20 17:48:31',NULL,NULL,0),
(94,5,3,47,1,2,NULL,1,1,10,'2022-01-20 17:48:32',NULL,NULL,0),
(95,5,3,48,1,2,NULL,1,1,10,'2022-01-20 17:48:32',NULL,NULL,0),
(96,5,3,49,1,2,NULL,1,1,10,'2022-01-20 17:48:33',NULL,NULL,0),
(97,5,3,50,1,2,NULL,1,1,10,'2022-01-20 17:48:33',NULL,NULL,0),
(98,5,3,51,1,2,NULL,1,1,10,'2022-01-20 17:48:36',NULL,NULL,0),
(99,5,3,55,1,2,NULL,1,1,10,'2022-01-20 17:48:37',NULL,NULL,0),
(100,5,3,56,1,2,NULL,1,1,10,'2022-01-20 17:48:37',NULL,NULL,0),
(101,5,3,57,1,2,NULL,1,1,10,'2022-01-20 17:48:38',NULL,NULL,0),
(102,5,3,58,1,2,NULL,1,1,10,'2022-01-20 17:48:39',NULL,NULL,0),
(103,5,3,59,1,2,NULL,1,1,10,'2022-01-20 17:48:40',NULL,NULL,0),
(104,5,3,60,1,2,NULL,1,1,10,'2022-01-20 17:48:41',NULL,NULL,0),
(105,5,3,61,1,2,NULL,1,1,10,'2022-01-20 17:48:41',NULL,NULL,0),
(106,5,3,62,1,2,NULL,1,1,10,'2022-01-20 17:48:42',NULL,NULL,0),
(107,5,3,63,1,2,NULL,1,1,10,'2022-01-20 17:48:43',NULL,NULL,0),
(108,5,3,66,1,2,NULL,1,1,10,'2022-01-20 17:48:44',NULL,NULL,0),
(109,5,3,67,1,2,NULL,1,1,10,'2022-01-20 17:48:45',NULL,NULL,0),
(110,5,4,81,1,NULL,NULL,1,1,10,'2022-01-20 17:48:47',NULL,NULL,0),
(111,5,4,82,1,NULL,NULL,1,1,10,'2022-01-20 17:48:48',NULL,NULL,0),
(112,5,4,83,1,NULL,NULL,1,1,10,'2022-01-20 17:48:49',NULL,NULL,0),
(113,5,4,84,1,NULL,NULL,1,1,10,'2022-01-20 17:48:51',NULL,NULL,0),
(114,5,4,85,1,NULL,NULL,1,1,10,'2022-01-20 17:48:51',NULL,NULL,0),
(115,5,4,95,1,NULL,NULL,1,1,10,'2022-01-20 17:48:52',NULL,NULL,0),
(116,3,2,37,1,NULL,NULL,1,1,11,'2022-01-21 16:10:13',NULL,NULL,0),
(117,3,2,38,1,NULL,NULL,1,1,11,'2022-01-21 16:10:13',NULL,NULL,0),
(118,3,2,40,1,NULL,NULL,1,1,11,'2022-01-21 16:16:41',NULL,NULL,0),
(119,3,2,41,1,NULL,NULL,1,1,11,'2022-01-21 16:25:33',NULL,NULL,0),
(120,3,2,42,1,NULL,NULL,1,1,11,'2022-01-21 16:27:58',NULL,NULL,0),
(121,4,1,3,1,NULL,NULL,1,1,10,'2022-01-21 17:26:13',NULL,NULL,0),
(122,4,1,4,1,NULL,NULL,1,1,10,'2022-01-21 17:26:13',NULL,NULL,0),
(123,4,1,5,1,NULL,NULL,1,1,10,'2022-01-21 17:26:14',NULL,NULL,0),
(124,4,1,6,1,NULL,NULL,1,1,10,'2022-01-21 17:26:16',NULL,NULL,0),
(125,4,1,7,1,NULL,NULL,1,1,10,'2022-01-21 17:26:16',NULL,NULL,0),
(126,4,1,8,1,NULL,NULL,1,1,10,'2022-01-21 17:26:17',NULL,NULL,0),
(127,4,1,9,1,NULL,NULL,1,1,10,'2022-01-21 17:26:18',NULL,NULL,0),
(128,4,1,79,1,NULL,NULL,1,1,10,'2022-01-21 17:26:19',NULL,NULL,0),
(129,4,1,10,1,NULL,NULL,1,1,10,'2022-01-21 17:26:20',NULL,NULL,0),
(130,4,1,11,1,NULL,NULL,1,1,10,'2022-01-21 17:26:21',NULL,NULL,0),
(131,4,1,12,1,NULL,NULL,1,1,10,'2022-01-21 17:26:22',NULL,NULL,0),
(132,4,1,13,1,NULL,NULL,1,1,10,'2022-01-21 17:26:23',NULL,NULL,0),
(133,4,2,86,1,NULL,NULL,1,1,10,'2022-01-21 17:26:24',NULL,NULL,0),
(134,4,2,87,1,NULL,NULL,1,1,10,'2022-01-21 17:26:25',NULL,NULL,0),
(135,4,2,88,1,NULL,NULL,1,1,10,'2022-01-21 17:26:26',NULL,NULL,0),
(136,4,2,89,1,NULL,NULL,1,1,10,'2022-01-21 17:26:27',NULL,NULL,0),
(137,4,2,90,1,NULL,NULL,1,1,10,'2022-01-21 17:26:27',NULL,NULL,0),
(138,4,2,91,1,NULL,NULL,1,1,10,'2022-01-21 17:26:28',NULL,NULL,0),
(139,4,2,92,1,NULL,NULL,1,1,10,'2022-01-21 17:26:28',NULL,NULL,0),
(140,4,2,93,1,NULL,NULL,1,1,10,'2022-01-21 17:26:30',NULL,NULL,0),
(141,4,2,14,1,NULL,NULL,1,1,10,'2022-01-21 17:26:33',NULL,NULL,0),
(142,4,2,15,1,NULL,NULL,1,1,10,'2022-01-21 17:26:33',NULL,NULL,0),
(143,4,2,94,1,NULL,NULL,1,1,10,'2022-01-21 17:26:34',NULL,NULL,0),
(144,4,2,16,1,NULL,NULL,1,1,10,'2022-01-21 17:26:35',NULL,NULL,0),
(145,4,2,17,1,NULL,NULL,1,1,10,'2022-01-21 17:26:35',NULL,NULL,0),
(146,4,2,18,1,NULL,NULL,1,1,10,'2022-01-21 17:26:37',NULL,NULL,0),
(147,4,2,30,1,NULL,NULL,1,1,10,'2022-01-21 17:26:38',NULL,NULL,0),
(148,4,2,31,1,NULL,NULL,1,1,10,'2022-01-21 17:26:38',NULL,NULL,0),
(149,4,2,32,1,NULL,NULL,1,1,10,'2022-01-21 17:26:39',NULL,NULL,0),
(150,4,2,35,1,NULL,NULL,1,1,10,'2022-01-21 17:26:40',NULL,NULL,0),
(151,4,2,39,1,NULL,NULL,1,1,10,'2022-01-21 17:26:41',NULL,NULL,0),
(152,4,2,40,1,NULL,NULL,1,1,10,'2022-01-21 17:26:41',NULL,NULL,0),
(153,4,2,41,1,NULL,NULL,1,1,10,'2022-01-21 17:26:42',10,'2022-01-21 17:29:03',0),
(154,4,2,42,1,NULL,NULL,1,1,10,'2022-01-21 17:26:43',NULL,NULL,0),
(155,4,2,36,1,NULL,NULL,1,1,10,'2022-01-21 17:26:44',NULL,NULL,0),
(156,4,2,37,1,NULL,NULL,1,1,10,'2022-01-21 17:26:45',NULL,NULL,0),
(157,4,2,38,1,NULL,NULL,1,1,10,'2022-01-21 17:26:46',10,'2022-01-21 17:29:02',0),
(158,4,3,46,1,2,NULL,1,1,10,'2022-01-21 17:26:47',NULL,NULL,0),
(159,4,3,47,1,2,NULL,1,1,10,'2022-01-21 17:26:48',NULL,NULL,0),
(160,4,3,48,1,2,NULL,1,1,10,'2022-01-21 17:26:49',NULL,NULL,0),
(161,4,3,49,1,2,NULL,1,1,10,'2022-01-21 17:26:49',NULL,NULL,0),
(162,4,3,50,1,2,NULL,1,1,10,'2022-01-21 17:26:51',NULL,NULL,0),
(163,4,3,51,1,2,NULL,1,1,10,'2022-01-21 17:26:51',NULL,NULL,0),
(164,4,3,55,1,2,NULL,1,1,10,'2022-01-21 17:26:52',NULL,NULL,0),
(165,4,3,56,1,2,NULL,1,1,10,'2022-01-21 17:26:53',NULL,NULL,0),
(166,4,3,57,1,2,NULL,1,1,10,'2022-01-21 17:26:54',NULL,NULL,0),
(167,4,3,59,1,2,NULL,1,1,10,'2022-01-21 17:28:39',NULL,NULL,0),
(168,4,3,58,1,2,NULL,1,1,10,'2022-01-21 17:28:39',NULL,NULL,0),
(169,4,3,60,1,2,NULL,1,1,10,'2022-01-21 17:28:39',NULL,NULL,0),
(170,4,3,61,1,2,NULL,1,1,10,'2022-01-21 17:28:40',NULL,NULL,0),
(171,4,3,62,1,2,NULL,1,1,10,'2022-01-21 17:28:41',NULL,NULL,0),
(172,4,3,63,1,2,NULL,1,1,10,'2022-01-21 17:28:42',NULL,NULL,0),
(173,4,3,66,1,2,NULL,1,1,10,'2022-01-21 17:28:42',NULL,NULL,0),
(174,4,3,67,1,2,NULL,1,1,10,'2022-01-21 17:28:43',NULL,NULL,0),
(175,4,4,81,1,NULL,NULL,1,1,10,'2022-01-21 17:28:45',NULL,NULL,0),
(176,4,4,82,1,NULL,NULL,1,1,10,'2022-01-21 17:28:45',NULL,NULL,0),
(177,4,4,83,1,NULL,NULL,1,1,10,'2022-01-21 17:28:47',NULL,NULL,0),
(178,4,4,84,1,NULL,NULL,1,1,10,'2022-01-21 17:28:48',NULL,NULL,0),
(179,4,4,85,1,NULL,NULL,1,1,10,'2022-01-21 17:28:50',NULL,NULL,0),
(180,4,4,95,1,NULL,NULL,1,1,10,'2022-01-21 17:28:50',NULL,NULL,0),
(181,6,1,3,1,NULL,NULL,1,1,10,'2022-01-25 10:57:40',NULL,NULL,0),
(182,6,1,4,1,NULL,NULL,1,1,10,'2022-01-25 10:57:41',NULL,NULL,0),
(183,6,1,5,1,NULL,NULL,1,1,10,'2022-01-25 10:57:43',NULL,NULL,0),
(184,6,1,6,1,NULL,NULL,1,1,10,'2022-01-25 10:57:43',NULL,NULL,0),
(185,6,1,7,1,NULL,NULL,1,1,10,'2022-01-25 10:57:44',NULL,NULL,0),
(186,6,1,8,1,NULL,NULL,1,1,10,'2022-01-25 10:57:45',NULL,NULL,0),
(187,6,1,9,1,NULL,NULL,1,1,10,'2022-01-25 10:57:46',NULL,NULL,0),
(188,6,1,79,1,NULL,NULL,1,1,10,'2022-01-25 10:57:47',NULL,NULL,0),
(189,6,1,10,1,NULL,NULL,1,1,10,'2022-01-25 10:57:48',NULL,NULL,0),
(190,6,1,11,1,NULL,NULL,1,1,10,'2022-01-25 10:57:49',NULL,NULL,0),
(191,6,1,12,1,NULL,NULL,1,1,10,'2022-01-25 10:57:50',NULL,NULL,0),
(192,6,1,13,1,NULL,NULL,1,1,10,'2022-01-25 10:57:51',NULL,NULL,0),
(193,6,2,86,1,NULL,NULL,1,1,10,'2022-01-25 10:57:54',NULL,NULL,0),
(194,6,2,87,1,NULL,NULL,1,1,10,'2022-01-25 10:57:55',NULL,NULL,0),
(195,6,2,88,1,NULL,NULL,1,1,10,'2022-01-25 10:57:56',NULL,NULL,0),
(196,6,2,89,1,NULL,NULL,1,1,10,'2022-01-25 10:57:57',NULL,NULL,0),
(197,6,2,90,1,NULL,NULL,1,1,10,'2022-01-25 10:57:57',NULL,NULL,0),
(198,6,2,91,1,NULL,NULL,1,1,10,'2022-01-25 10:57:58',NULL,NULL,0),
(199,6,2,92,1,NULL,NULL,1,1,10,'2022-01-25 10:57:59',NULL,NULL,0),
(200,6,2,93,1,NULL,NULL,1,1,10,'2022-01-25 10:57:59',NULL,NULL,0),
(201,6,2,14,1,NULL,NULL,1,1,10,'2022-01-25 10:58:00',NULL,NULL,0),
(202,6,2,15,1,NULL,NULL,1,1,10,'2022-01-25 10:58:00',NULL,NULL,0),
(203,6,2,94,1,NULL,NULL,1,1,10,'2022-01-25 10:58:01',NULL,NULL,0),
(204,6,2,16,1,NULL,NULL,1,1,10,'2022-01-25 10:58:02',NULL,NULL,0),
(205,6,2,17,1,NULL,NULL,1,1,10,'2022-01-25 10:58:03',NULL,NULL,0),
(206,6,2,18,1,NULL,NULL,1,1,10,'2022-01-25 10:58:05',NULL,NULL,0),
(207,6,2,30,1,NULL,NULL,1,1,10,'2022-01-25 10:58:06',NULL,NULL,0),
(208,6,2,31,1,NULL,NULL,1,1,10,'2022-01-25 10:58:06',NULL,NULL,0),
(209,6,2,32,1,NULL,NULL,1,1,10,'2022-01-25 10:58:07',NULL,NULL,0),
(210,6,2,35,1,NULL,NULL,1,1,10,'2022-01-25 10:58:09',NULL,NULL,0),
(211,6,2,39,1,NULL,NULL,1,1,10,'2022-01-25 10:58:09',NULL,NULL,0),
(212,6,2,40,1,NULL,NULL,1,1,10,'2022-01-25 10:58:10',NULL,NULL,0),
(213,6,2,41,1,NULL,NULL,1,1,10,'2022-01-25 10:58:11',NULL,NULL,0),
(214,6,2,42,1,NULL,NULL,1,1,10,'2022-01-25 10:58:14',NULL,NULL,0),
(215,6,2,36,1,NULL,NULL,1,1,10,'2022-01-25 10:58:14',NULL,NULL,0),
(216,6,2,37,1,NULL,NULL,1,1,10,'2022-01-25 10:58:15',NULL,NULL,0),
(217,6,2,38,1,NULL,NULL,1,1,10,'2022-01-25 10:58:16',NULL,NULL,0),
(218,6,3,46,1,2,NULL,1,1,10,'2022-01-25 10:58:17',NULL,NULL,0),
(219,6,3,47,1,2,NULL,1,1,10,'2022-01-25 10:58:18',NULL,NULL,0),
(220,6,3,48,1,2,NULL,1,1,10,'2022-01-25 10:58:18',NULL,NULL,0),
(221,6,3,49,1,2,NULL,1,1,10,'2022-01-25 10:58:19',NULL,NULL,0),
(222,6,3,50,1,2,NULL,1,1,10,'2022-01-25 10:58:21',NULL,NULL,0),
(223,6,3,51,1,2,NULL,1,1,10,'2022-01-25 10:58:22',NULL,NULL,0),
(224,6,3,55,1,2,NULL,1,1,10,'2022-01-25 10:58:23',NULL,NULL,0),
(225,6,3,56,1,2,NULL,1,1,10,'2022-01-25 10:58:23',NULL,NULL,0),
(226,6,3,57,1,2,NULL,1,1,10,'2022-01-25 10:58:24',NULL,NULL,0),
(227,6,3,58,1,2,NULL,1,1,10,'2022-01-25 10:58:25',NULL,NULL,0),
(228,6,3,59,1,2,NULL,1,1,10,'2022-01-25 10:58:26',NULL,NULL,0),
(229,6,3,60,1,2,NULL,1,1,10,'2022-01-25 10:58:27',NULL,NULL,0),
(230,6,3,61,1,2,NULL,1,1,10,'2022-01-25 10:58:31',NULL,NULL,0),
(231,6,3,62,1,2,NULL,1,1,10,'2022-01-25 10:58:33',NULL,NULL,0),
(232,6,3,63,1,2,NULL,1,1,10,'2022-01-25 10:58:34',NULL,NULL,0),
(233,6,3,66,1,2,NULL,1,1,10,'2022-01-25 10:58:35',NULL,NULL,0),
(234,6,3,67,1,2,NULL,1,1,10,'2022-01-25 10:58:35',NULL,NULL,0),
(235,6,4,81,1,NULL,NULL,1,1,10,'2022-01-25 10:58:37',NULL,NULL,0),
(236,6,4,82,1,NULL,NULL,1,1,10,'2022-01-25 10:58:37',NULL,NULL,0),
(237,6,4,83,1,NULL,NULL,1,1,10,'2022-01-25 10:58:38',NULL,NULL,0),
(238,6,4,84,1,NULL,NULL,1,1,10,'2022-01-25 10:58:40',NULL,NULL,0),
(239,6,4,85,1,NULL,NULL,1,1,10,'2022-01-25 10:58:40',NULL,NULL,0),
(240,6,4,95,1,NULL,NULL,1,1,10,'2022-01-25 10:58:43',NULL,NULL,0),
(241,7,1,3,1,NULL,NULL,0,1,10,'2022-01-25 18:41:57',NULL,NULL,0),
(242,7,1,4,1,NULL,NULL,0,1,10,'2022-01-25 18:42:03',NULL,NULL,0),
(243,12,1,3,1,NULL,NULL,1,1,10,'2022-02-02 19:58:14',NULL,NULL,0),
(244,12,1,4,1,NULL,NULL,1,1,10,'2022-02-02 19:58:14',NULL,NULL,0),
(245,12,1,5,1,NULL,NULL,1,1,10,'2022-02-02 19:58:15',NULL,NULL,0),
(246,12,1,6,1,NULL,NULL,1,1,10,'2022-02-02 19:58:15',NULL,NULL,0),
(247,12,1,7,1,NULL,NULL,1,1,10,'2022-02-02 19:58:16',NULL,NULL,0),
(248,12,1,8,1,NULL,NULL,1,1,10,'2022-02-02 19:58:18',NULL,NULL,0),
(249,12,1,9,1,NULL,NULL,1,1,10,'2022-02-02 19:58:19',NULL,NULL,0),
(250,12,1,79,1,NULL,NULL,1,1,10,'2022-02-02 19:58:19',NULL,NULL,0),
(251,12,1,10,1,NULL,NULL,1,1,10,'2022-02-02 19:58:20',NULL,NULL,0),
(252,12,1,11,1,NULL,NULL,1,1,10,'2022-02-02 19:58:21',NULL,NULL,0),
(253,12,1,12,1,NULL,NULL,1,1,10,'2022-02-02 19:58:22',NULL,NULL,0),
(254,12,1,13,1,NULL,NULL,1,1,10,'2022-02-02 19:58:23',NULL,NULL,0),
(255,12,2,86,1,NULL,NULL,1,1,10,'2022-02-02 19:58:25',NULL,NULL,0),
(256,12,2,87,1,NULL,NULL,1,1,10,'2022-02-02 19:58:25',NULL,NULL,0),
(257,12,2,88,1,NULL,NULL,1,1,10,'2022-02-02 19:58:27',NULL,NULL,0),
(258,12,2,89,1,NULL,NULL,1,1,10,'2022-02-02 19:58:27',NULL,NULL,0),
(259,12,2,90,1,NULL,NULL,1,1,10,'2022-02-02 19:58:28',NULL,NULL,0),
(260,12,2,91,1,NULL,NULL,1,1,10,'2022-02-02 19:58:28',NULL,NULL,0),
(261,12,2,92,1,NULL,NULL,1,1,10,'2022-02-02 19:58:29',NULL,NULL,0),
(262,12,2,93,1,NULL,NULL,1,1,10,'2022-02-02 19:58:30',NULL,NULL,0),
(263,12,2,14,1,NULL,NULL,1,1,10,'2022-02-02 19:58:30',NULL,NULL,0),
(264,12,2,15,1,NULL,NULL,1,1,10,'2022-02-02 19:58:32',NULL,NULL,0),
(265,12,2,94,1,NULL,NULL,1,1,10,'2022-02-02 19:58:32',NULL,NULL,0),
(266,12,2,16,1,NULL,NULL,1,1,10,'2022-02-02 19:58:33',NULL,NULL,0),
(267,12,2,17,1,NULL,NULL,1,1,10,'2022-02-02 19:58:33',NULL,NULL,0),
(268,12,2,18,1,NULL,NULL,1,1,10,'2022-02-02 19:58:34',NULL,NULL,0),
(269,12,2,30,1,NULL,NULL,1,1,10,'2022-02-02 19:58:34',NULL,NULL,0),
(270,12,2,31,1,NULL,NULL,1,1,10,'2022-02-02 19:58:37',NULL,NULL,0),
(271,12,2,32,1,NULL,NULL,1,1,10,'2022-02-02 19:58:37',NULL,NULL,0),
(272,12,2,35,1,NULL,NULL,1,1,10,'2022-02-02 19:58:39',NULL,NULL,0),
(273,12,2,39,1,NULL,NULL,1,1,10,'2022-02-02 19:58:40',NULL,NULL,0),
(274,12,2,36,1,NULL,NULL,1,1,10,'2022-02-02 19:58:41',NULL,NULL,0),
(275,12,3,46,1,4,NULL,1,1,10,'2022-02-02 19:58:43',NULL,NULL,0),
(276,12,3,47,1,4,NULL,1,1,10,'2022-02-02 19:58:45',NULL,NULL,0),
(277,12,3,48,1,4,NULL,1,1,10,'2022-02-02 19:58:46',NULL,NULL,0),
(278,12,3,49,1,4,NULL,1,1,10,'2022-02-02 19:58:47',NULL,NULL,0),
(279,12,3,50,1,4,NULL,1,1,10,'2022-02-02 19:58:48',NULL,NULL,0),
(280,12,3,51,1,4,NULL,1,1,10,'2022-02-02 19:58:49',NULL,NULL,0),
(281,12,3,55,1,4,NULL,1,1,10,'2022-02-02 19:58:50',NULL,NULL,0),
(282,12,3,56,1,4,NULL,1,1,10,'2022-02-02 19:58:50',NULL,NULL,0),
(283,12,3,57,1,4,NULL,1,1,10,'2022-02-02 19:58:51',NULL,NULL,0),
(284,12,3,58,1,4,NULL,1,1,10,'2022-02-02 19:58:52',NULL,NULL,0),
(285,12,3,59,1,4,NULL,1,1,10,'2022-02-02 19:58:53',NULL,NULL,0),
(286,12,3,60,1,4,NULL,1,1,10,'2022-02-02 19:58:54',NULL,NULL,0),
(287,12,3,61,1,4,NULL,1,1,10,'2022-02-02 19:58:55',NULL,NULL,0),
(288,12,3,62,1,4,NULL,1,1,10,'2022-02-02 19:58:56',NULL,NULL,0),
(289,12,3,63,1,4,NULL,1,1,10,'2022-02-02 19:58:57',NULL,NULL,0),
(290,12,3,66,1,4,NULL,1,1,10,'2022-02-02 19:58:58',NULL,NULL,0),
(291,12,3,67,1,4,NULL,1,1,10,'2022-02-02 19:58:59',NULL,NULL,0),
(292,12,4,81,1,NULL,NULL,1,1,10,'2022-02-02 19:59:00',NULL,NULL,0),
(293,12,4,82,1,NULL,NULL,1,1,10,'2022-02-02 19:59:01',NULL,NULL,0),
(294,12,4,83,1,NULL,NULL,1,1,10,'2022-02-02 19:59:02',NULL,NULL,0),
(295,12,4,84,1,NULL,NULL,1,1,10,'2022-02-02 19:59:02',NULL,NULL,0),
(296,12,4,85,1,NULL,NULL,1,1,10,'2022-02-02 19:59:03',NULL,NULL,0),
(297,12,4,95,1,NULL,NULL,1,1,10,'2022-02-02 19:59:05',NULL,NULL,0);

/*Table structure for table `optcl_nominee_application_form_field_status_history` */

DROP TABLE IF EXISTS `optcl_nominee_application_form_field_status_history`;

CREATE TABLE `optcl_nominee_application_form_field_status_history` (
  `id` int(11) NOT NULL AUTO_INCREMENT,
  `application_id` int(11) DEFAULT NULL,
  `nominee_master_id` int(11) DEFAULT NULL,
  `employee_code` bigint(10) DEFAULT NULL,
  `aadhaar_no` bigint(12) DEFAULT NULL,
  `form_id` int(11) DEFAULT NULL,
  `field_id` int(11) DEFAULT NULL,
  `status_id` int(11) DEFAULT NULL,
  `nominee_id` int(11) DEFAULT NULL,
  `remarks` text DEFAULT NULL,
  `status` tinyint(1) DEFAULT 1,
  `created_by` int(11) DEFAULT NULL,
  `created_at` datetime DEFAULT NULL,
  `modified_by` int(11) DEFAULT NULL,
  `modified_at` datetime DEFAULT NULL,
  `deleted` tinyint(1) DEFAULT 0,
  PRIMARY KEY (`id`)
) ENGINE=InnoDB AUTO_INCREMENT=696 DEFAULT CHARSET=utf8mb4;

/*Data for the table `optcl_nominee_application_form_field_status_history` */

insert  into `optcl_nominee_application_form_field_status_history`(`id`,`application_id`,`nominee_master_id`,`employee_code`,`aadhaar_no`,`form_id`,`field_id`,`status_id`,`nominee_id`,`remarks`,`status`,`created_by`,`created_at`,`modified_by`,`modified_at`,`deleted`) values 
(1,3,1,42600,123456789001,1,3,1,NULL,NULL,1,10,'2022-01-20 13:07:05',NULL,NULL,0),
(2,3,1,42600,123456789001,1,4,1,NULL,NULL,1,10,'2022-01-20 13:07:06',NULL,NULL,0),
(3,3,1,42600,123456789001,1,5,1,NULL,NULL,1,10,'2022-01-20 13:07:11',NULL,NULL,0),
(4,3,1,42600,123456789001,1,6,1,NULL,NULL,1,10,'2022-01-20 13:07:12',NULL,NULL,0),
(5,3,1,42600,123456789001,1,7,1,NULL,NULL,1,10,'2022-01-20 13:07:13',NULL,NULL,0),
(6,3,1,42600,123456789001,1,8,1,NULL,NULL,1,10,'2022-01-20 13:07:14',NULL,NULL,0),
(7,3,1,42600,123456789001,1,9,1,NULL,NULL,1,10,'2022-01-20 13:07:14',NULL,NULL,0),
(8,3,1,42600,123456789001,1,79,1,NULL,NULL,1,10,'2022-01-20 13:07:16',NULL,NULL,0),
(9,3,1,42600,123456789001,1,10,1,NULL,NULL,1,10,'2022-01-20 13:07:16',NULL,NULL,0),
(10,3,1,42600,123456789001,1,11,1,NULL,NULL,1,10,'2022-01-20 13:07:17',NULL,NULL,0),
(11,3,1,42600,123456789001,1,12,1,NULL,NULL,1,10,'2022-01-20 13:07:18',NULL,NULL,0),
(12,3,1,42600,123456789001,1,13,1,NULL,NULL,1,10,'2022-01-20 13:07:19',NULL,NULL,0),
(13,3,1,42600,123456789001,2,86,1,NULL,NULL,1,10,'2022-01-20 13:07:21',NULL,NULL,0),
(14,3,1,42600,123456789001,2,87,1,NULL,NULL,1,10,'2022-01-20 13:07:21',NULL,NULL,0),
(15,3,1,42600,123456789001,2,88,1,NULL,NULL,1,10,'2022-01-20 13:07:23',NULL,NULL,0),
(16,3,1,42600,123456789001,2,89,1,NULL,NULL,1,10,'2022-01-20 13:07:23',NULL,NULL,0),
(17,3,1,42600,123456789001,2,90,1,NULL,NULL,1,10,'2022-01-20 13:07:24',NULL,NULL,0),
(18,3,1,42600,123456789001,2,91,1,NULL,NULL,1,10,'2022-01-20 13:07:25',NULL,NULL,0),
(19,3,1,42600,123456789001,2,92,1,NULL,NULL,1,10,'2022-01-20 13:07:25',NULL,NULL,0),
(20,3,1,42600,123456789001,2,93,1,NULL,NULL,1,10,'2022-01-20 13:07:26',NULL,NULL,0),
(21,3,1,42600,123456789001,2,14,1,NULL,NULL,1,10,'2022-01-20 13:07:27',NULL,NULL,0),
(22,3,1,42600,123456789001,2,15,1,NULL,NULL,1,10,'2022-01-20 13:07:28',NULL,NULL,0),
(23,3,1,42600,123456789001,2,94,1,NULL,NULL,1,10,'2022-01-20 13:07:28',NULL,NULL,0),
(24,3,1,42600,123456789001,2,16,1,NULL,NULL,1,10,'2022-01-20 13:07:29',NULL,NULL,0),
(25,3,1,42600,123456789001,2,17,1,NULL,NULL,1,10,'2022-01-20 13:07:29',NULL,NULL,0),
(26,3,1,42600,123456789001,2,18,1,NULL,NULL,1,10,'2022-01-20 13:07:30',NULL,NULL,0),
(27,3,1,42600,123456789001,2,30,1,NULL,NULL,1,10,'2022-01-20 13:07:31',NULL,NULL,0),
(28,3,1,42600,123456789001,2,31,1,NULL,NULL,1,10,'2022-01-20 13:07:32',NULL,NULL,0),
(29,3,1,42600,123456789001,2,32,1,NULL,NULL,1,10,'2022-01-20 13:07:33',NULL,NULL,0),
(30,3,1,42600,123456789001,2,35,1,NULL,NULL,1,10,'2022-01-20 13:07:34',NULL,NULL,0),
(31,3,1,42600,123456789001,2,39,1,NULL,NULL,1,10,'2022-01-20 13:07:34',NULL,NULL,0),
(32,3,1,42600,123456789001,2,36,1,NULL,NULL,1,10,'2022-01-20 13:07:35',NULL,NULL,0),
(33,3,1,42600,123456789001,3,46,1,2,NULL,1,10,'2022-01-20 13:07:36',NULL,NULL,0),
(34,3,1,42600,123456789001,3,47,1,2,NULL,1,10,'2022-01-20 13:07:37',NULL,NULL,0),
(35,3,1,42600,123456789001,3,48,1,2,NULL,1,10,'2022-01-20 13:07:37',NULL,NULL,0),
(36,3,1,42600,123456789001,3,49,1,2,NULL,1,10,'2022-01-20 13:07:38',NULL,NULL,0),
(37,3,1,42600,123456789001,3,50,1,2,NULL,1,10,'2022-01-20 13:07:39',NULL,NULL,0),
(38,3,1,42600,123456789001,3,51,1,2,NULL,1,10,'2022-01-20 13:07:40',NULL,NULL,0),
(39,3,1,42600,123456789001,3,55,1,2,NULL,1,10,'2022-01-20 13:07:41',NULL,NULL,0),
(40,3,1,42600,123456789001,3,56,1,2,NULL,1,10,'2022-01-20 13:07:42',NULL,NULL,0),
(41,3,1,42600,123456789001,3,57,1,2,NULL,1,10,'2022-01-20 13:07:43',NULL,NULL,0),
(42,3,1,42600,123456789001,3,58,1,2,NULL,1,10,'2022-01-20 13:07:44',NULL,NULL,0),
(43,3,1,42600,123456789001,3,59,1,2,NULL,1,10,'2022-01-20 13:07:44',NULL,NULL,0),
(44,3,1,42600,123456789001,3,60,1,2,NULL,1,10,'2022-01-20 13:07:45',NULL,NULL,0),
(45,3,1,42600,123456789001,3,61,1,2,NULL,1,10,'2022-01-20 13:07:46',NULL,NULL,0),
(46,3,1,42600,123456789001,3,62,1,2,NULL,1,10,'2022-01-20 13:07:47',NULL,NULL,0),
(47,3,1,42600,123456789001,3,63,1,2,NULL,1,10,'2022-01-20 13:07:48',NULL,NULL,0),
(48,3,1,42600,123456789001,3,66,1,2,NULL,1,10,'2022-01-20 13:07:49',NULL,NULL,0),
(49,3,1,42600,123456789001,3,67,1,2,NULL,1,10,'2022-01-20 13:07:50',NULL,NULL,0),
(50,3,1,42600,123456789001,4,81,1,NULL,NULL,1,10,'2022-01-20 13:07:52',NULL,NULL,0),
(51,3,1,42600,123456789001,4,82,1,NULL,NULL,1,10,'2022-01-20 13:07:52',NULL,NULL,0),
(52,3,1,42600,123456789001,4,83,1,NULL,NULL,1,10,'2022-01-20 13:07:53',NULL,NULL,0),
(53,3,1,42600,123456789001,4,84,1,NULL,NULL,1,10,'2022-01-20 13:07:55',NULL,NULL,0),
(54,3,1,42600,123456789001,4,85,1,NULL,NULL,1,10,'2022-01-20 13:07:56',NULL,NULL,0),
(55,3,1,42600,123456789001,4,95,1,NULL,NULL,1,10,'2022-01-20 13:07:57',NULL,NULL,0),
(56,5,1,42600,777777777719,2,41,1,NULL,NULL,1,10,'2022-01-20 17:38:02',NULL,NULL,0),
(57,5,1,42600,777777777719,2,42,1,NULL,NULL,1,10,'2022-01-20 17:38:03',NULL,NULL,0),
(58,5,1,42600,777777777719,1,4,1,NULL,NULL,1,10,'2022-01-20 17:48:03',NULL,NULL,0),
(59,5,1,42600,777777777719,1,5,1,NULL,NULL,1,10,'2022-01-20 17:48:03',NULL,NULL,0),
(60,5,1,42600,777777777719,1,3,1,NULL,NULL,1,10,'2022-01-20 17:48:03',NULL,NULL,0),
(61,5,1,42600,777777777719,1,6,1,NULL,NULL,1,10,'2022-01-20 17:48:04',NULL,NULL,0),
(62,5,1,42600,777777777719,1,7,1,NULL,NULL,1,10,'2022-01-20 17:48:04',NULL,NULL,0),
(63,5,1,42600,777777777719,1,8,1,NULL,NULL,1,10,'2022-01-20 17:48:06',NULL,NULL,0),
(64,5,1,42600,777777777719,1,9,1,NULL,NULL,1,10,'2022-01-20 17:48:06',NULL,NULL,0),
(65,5,1,42600,777777777719,1,79,1,NULL,NULL,1,10,'2022-01-20 17:48:07',NULL,NULL,0),
(66,5,1,42600,777777777719,1,10,1,NULL,NULL,1,10,'2022-01-20 17:48:07',NULL,NULL,0),
(67,5,1,42600,777777777719,1,11,1,NULL,NULL,1,10,'2022-01-20 17:48:08',NULL,NULL,0),
(68,5,1,42600,777777777719,1,12,1,NULL,NULL,1,10,'2022-01-20 17:48:09',NULL,NULL,0),
(69,5,1,42600,777777777719,1,13,1,NULL,NULL,1,10,'2022-01-20 17:48:10',NULL,NULL,0),
(70,5,1,42600,777777777719,2,86,1,NULL,NULL,1,10,'2022-01-20 17:48:11',NULL,NULL,0),
(71,5,1,42600,777777777719,2,87,1,NULL,NULL,1,10,'2022-01-20 17:48:12',NULL,NULL,0),
(72,5,1,42600,777777777719,2,88,1,NULL,NULL,1,10,'2022-01-20 17:48:13',NULL,NULL,0),
(73,5,1,42600,777777777719,2,89,1,NULL,NULL,1,10,'2022-01-20 17:48:13',NULL,NULL,0),
(74,5,1,42600,777777777719,2,90,1,NULL,NULL,1,10,'2022-01-20 17:48:14',NULL,NULL,0),
(75,5,1,42600,777777777719,2,91,1,NULL,NULL,1,10,'2022-01-20 17:48:15',NULL,NULL,0),
(76,5,1,42600,777777777719,2,92,1,NULL,NULL,1,10,'2022-01-20 17:48:16',NULL,NULL,0),
(77,5,1,42600,777777777719,2,93,1,NULL,NULL,1,10,'2022-01-20 17:48:16',NULL,NULL,0),
(78,5,1,42600,777777777719,2,14,1,NULL,NULL,1,10,'2022-01-20 17:48:17',NULL,NULL,0),
(79,5,1,42600,777777777719,2,15,1,NULL,NULL,1,10,'2022-01-20 17:48:18',NULL,NULL,0),
(80,5,1,42600,777777777719,2,94,1,NULL,NULL,1,10,'2022-01-20 17:48:19',NULL,NULL,0),
(81,5,1,42600,777777777719,2,16,1,NULL,NULL,1,10,'2022-01-20 17:48:19',NULL,NULL,0),
(82,5,1,42600,777777777719,2,17,1,NULL,NULL,1,10,'2022-01-20 17:48:21',NULL,NULL,0),
(83,5,1,42600,777777777719,2,18,1,NULL,NULL,1,10,'2022-01-20 17:48:22',NULL,NULL,0),
(84,5,1,42600,777777777719,2,30,1,NULL,NULL,1,10,'2022-01-20 17:48:23',NULL,NULL,0),
(85,5,1,42600,777777777719,2,31,1,NULL,NULL,1,10,'2022-01-20 17:48:24',NULL,NULL,0),
(86,5,1,42600,777777777719,2,32,1,NULL,NULL,1,10,'2022-01-20 17:48:24',NULL,NULL,0),
(87,5,1,42600,777777777719,2,35,1,NULL,NULL,1,10,'2022-01-20 17:48:26',NULL,NULL,0),
(88,5,1,42600,777777777719,2,39,1,NULL,NULL,1,10,'2022-01-20 17:48:26',NULL,NULL,0),
(89,5,1,42600,777777777719,2,40,1,NULL,NULL,1,10,'2022-01-20 17:48:27',NULL,NULL,0),
(90,5,1,42600,777777777719,2,36,1,NULL,NULL,1,10,'2022-01-20 17:48:28',NULL,NULL,0),
(91,5,1,42600,777777777719,2,37,1,NULL,NULL,1,10,'2022-01-20 17:48:29',NULL,NULL,0),
(92,5,1,42600,777777777719,2,38,1,NULL,NULL,1,10,'2022-01-20 17:48:30',NULL,NULL,0),
(93,5,1,42600,777777777719,3,46,1,2,NULL,1,10,'2022-01-20 17:48:31',NULL,NULL,0),
(94,5,1,42600,777777777719,3,47,1,2,NULL,1,10,'2022-01-20 17:48:32',NULL,NULL,0),
(95,5,1,42600,777777777719,3,48,1,2,NULL,1,10,'2022-01-20 17:48:32',NULL,NULL,0),
(96,5,1,42600,777777777719,3,49,1,2,NULL,1,10,'2022-01-20 17:48:33',NULL,NULL,0),
(97,5,1,42600,777777777719,3,50,1,2,NULL,1,10,'2022-01-20 17:48:33',NULL,NULL,0),
(98,5,1,42600,777777777719,3,51,1,2,NULL,1,10,'2022-01-20 17:48:36',NULL,NULL,0),
(99,5,1,42600,777777777719,3,55,1,2,NULL,1,10,'2022-01-20 17:48:37',NULL,NULL,0),
(100,5,1,42600,777777777719,3,56,1,2,NULL,1,10,'2022-01-20 17:48:37',NULL,NULL,0),
(101,5,1,42600,777777777719,3,57,1,2,NULL,1,10,'2022-01-20 17:48:38',NULL,NULL,0),
(102,5,1,42600,777777777719,3,58,1,2,NULL,1,10,'2022-01-20 17:48:39',NULL,NULL,0),
(103,5,1,42600,777777777719,3,59,1,2,NULL,1,10,'2022-01-20 17:48:40',NULL,NULL,0),
(104,5,1,42600,777777777719,3,60,1,2,NULL,1,10,'2022-01-20 17:48:41',NULL,NULL,0),
(105,5,1,42600,777777777719,3,61,1,2,NULL,1,10,'2022-01-20 17:48:41',NULL,NULL,0),
(106,5,1,42600,777777777719,3,62,1,2,NULL,1,10,'2022-01-20 17:48:42',NULL,NULL,0),
(107,5,1,42600,777777777719,3,63,1,2,NULL,1,10,'2022-01-20 17:48:43',NULL,NULL,0),
(108,5,1,42600,777777777719,3,66,1,2,NULL,1,10,'2022-01-20 17:48:44',NULL,NULL,0),
(109,5,1,42600,777777777719,3,67,1,2,NULL,1,10,'2022-01-20 17:48:45',NULL,NULL,0),
(110,5,1,42600,777777777719,4,81,1,NULL,NULL,1,10,'2022-01-20 17:48:47',NULL,NULL,0),
(111,5,1,42600,777777777719,4,82,1,NULL,NULL,1,10,'2022-01-20 17:48:48',NULL,NULL,0),
(112,5,1,42600,777777777719,4,83,1,NULL,NULL,1,10,'2022-01-20 17:48:49',NULL,NULL,0),
(113,5,1,42600,777777777719,4,84,1,NULL,NULL,1,10,'2022-01-20 17:48:51',NULL,NULL,0),
(114,5,1,42600,777777777719,4,85,1,NULL,NULL,1,10,'2022-01-20 17:48:51',NULL,NULL,0),
(115,5,1,42600,777777777719,4,95,1,NULL,NULL,1,10,'2022-01-20 17:48:52',NULL,NULL,0),
(116,3,1,42600,123456789001,1,3,1,NULL,NULL,1,11,'2022-01-20 13:07:05',NULL,NULL,0),
(117,3,1,42600,123456789001,1,4,1,NULL,NULL,1,11,'2022-01-20 13:07:06',NULL,NULL,0),
(118,3,1,42600,123456789001,1,5,1,NULL,NULL,1,11,'2022-01-20 13:07:11',NULL,NULL,0),
(119,3,1,42600,123456789001,1,6,1,NULL,NULL,1,11,'2022-01-20 13:07:12',NULL,NULL,0),
(120,3,1,42600,123456789001,1,7,1,NULL,NULL,1,11,'2022-01-20 13:07:13',NULL,NULL,0),
(121,3,1,42600,123456789001,1,8,1,NULL,NULL,1,11,'2022-01-20 13:07:14',NULL,NULL,0),
(122,3,1,42600,123456789001,1,9,1,NULL,NULL,1,11,'2022-01-20 13:07:14',NULL,NULL,0),
(123,3,1,42600,123456789001,1,79,1,NULL,NULL,1,11,'2022-01-20 13:07:16',NULL,NULL,0),
(124,3,1,42600,123456789001,1,10,1,NULL,NULL,1,11,'2022-01-20 13:07:16',NULL,NULL,0),
(125,3,1,42600,123456789001,1,11,1,NULL,NULL,1,11,'2022-01-20 13:07:17',NULL,NULL,0),
(126,3,1,42600,123456789001,1,12,1,NULL,NULL,1,11,'2022-01-20 13:07:18',NULL,NULL,0),
(127,3,1,42600,123456789001,1,13,1,NULL,NULL,1,11,'2022-01-20 13:07:19',NULL,NULL,0),
(128,3,1,42600,123456789001,2,86,1,NULL,NULL,1,11,'2022-01-20 13:07:21',NULL,NULL,0),
(129,3,1,42600,123456789001,2,87,1,NULL,NULL,1,11,'2022-01-20 13:07:21',NULL,NULL,0),
(130,3,1,42600,123456789001,2,88,1,NULL,NULL,1,11,'2022-01-20 13:07:23',NULL,NULL,0),
(131,3,1,42600,123456789001,2,89,1,NULL,NULL,1,11,'2022-01-20 13:07:23',NULL,NULL,0),
(132,3,1,42600,123456789001,2,90,1,NULL,NULL,1,11,'2022-01-20 13:07:24',NULL,NULL,0),
(133,3,1,42600,123456789001,2,91,1,NULL,NULL,1,11,'2022-01-20 13:07:25',NULL,NULL,0),
(134,3,1,42600,123456789001,2,92,1,NULL,NULL,1,11,'2022-01-20 13:07:25',NULL,NULL,0),
(135,3,1,42600,123456789001,2,93,1,NULL,NULL,1,11,'2022-01-20 13:07:26',NULL,NULL,0),
(136,3,1,42600,123456789001,2,14,1,NULL,NULL,1,11,'2022-01-20 13:07:27',NULL,NULL,0),
(137,3,1,42600,123456789001,2,15,1,NULL,NULL,1,11,'2022-01-20 13:07:28',NULL,NULL,0),
(138,3,1,42600,123456789001,2,94,1,NULL,NULL,1,11,'2022-01-20 13:07:28',NULL,NULL,0),
(139,3,1,42600,123456789001,2,16,1,NULL,NULL,1,11,'2022-01-20 13:07:29',NULL,NULL,0),
(140,3,1,42600,123456789001,2,17,1,NULL,NULL,1,11,'2022-01-20 13:07:29',NULL,NULL,0),
(141,3,1,42600,123456789001,2,18,1,NULL,NULL,1,11,'2022-01-20 13:07:30',NULL,NULL,0),
(142,3,1,42600,123456789001,2,30,1,NULL,NULL,1,11,'2022-01-20 13:07:31',NULL,NULL,0),
(143,3,1,42600,123456789001,2,31,1,NULL,NULL,1,11,'2022-01-20 13:07:32',NULL,NULL,0),
(144,3,1,42600,123456789001,2,32,1,NULL,NULL,1,11,'2022-01-20 13:07:33',NULL,NULL,0),
(145,3,1,42600,123456789001,2,35,1,NULL,NULL,1,11,'2022-01-20 13:07:34',NULL,NULL,0),
(146,3,1,42600,123456789001,2,39,1,NULL,NULL,1,11,'2022-01-20 13:07:34',NULL,NULL,0),
(147,3,1,42600,123456789001,2,36,1,NULL,NULL,1,11,'2022-01-20 13:07:35',NULL,NULL,0),
(148,3,1,42600,123456789001,3,46,1,2,NULL,1,11,'2022-01-20 13:07:36',NULL,NULL,0),
(149,3,1,42600,123456789001,3,47,1,2,NULL,1,11,'2022-01-20 13:07:37',NULL,NULL,0),
(150,3,1,42600,123456789001,3,48,1,2,NULL,1,11,'2022-01-20 13:07:37',NULL,NULL,0),
(151,3,1,42600,123456789001,3,49,1,2,NULL,1,11,'2022-01-20 13:07:38',NULL,NULL,0),
(152,3,1,42600,123456789001,3,50,1,2,NULL,1,11,'2022-01-20 13:07:39',NULL,NULL,0),
(153,3,1,42600,123456789001,3,51,1,2,NULL,1,11,'2022-01-20 13:07:40',NULL,NULL,0),
(154,3,1,42600,123456789001,3,55,1,2,NULL,1,11,'2022-01-20 13:07:41',NULL,NULL,0),
(155,3,1,42600,123456789001,3,56,1,2,NULL,1,11,'2022-01-20 13:07:42',NULL,NULL,0),
(156,3,1,42600,123456789001,3,57,1,2,NULL,1,11,'2022-01-20 13:07:43',NULL,NULL,0),
(157,3,1,42600,123456789001,3,58,1,2,NULL,1,11,'2022-01-20 13:07:44',NULL,NULL,0),
(158,3,1,42600,123456789001,3,59,1,2,NULL,1,11,'2022-01-20 13:07:44',NULL,NULL,0),
(159,3,1,42600,123456789001,3,60,1,2,NULL,1,11,'2022-01-20 13:07:45',NULL,NULL,0),
(160,3,1,42600,123456789001,3,61,1,2,NULL,1,11,'2022-01-20 13:07:46',NULL,NULL,0),
(161,3,1,42600,123456789001,3,62,1,2,NULL,1,11,'2022-01-20 13:07:47',NULL,NULL,0),
(162,3,1,42600,123456789001,3,63,1,2,NULL,1,11,'2022-01-20 13:07:48',NULL,NULL,0),
(163,3,1,42600,123456789001,3,66,1,2,NULL,1,11,'2022-01-20 13:07:49',NULL,NULL,0),
(164,3,1,42600,123456789001,3,67,1,2,NULL,1,11,'2022-01-20 13:07:50',NULL,NULL,0),
(165,3,1,42600,123456789001,4,81,1,NULL,NULL,1,11,'2022-01-20 13:07:52',NULL,NULL,0),
(166,3,1,42600,123456789001,4,82,1,NULL,NULL,1,11,'2022-01-20 13:07:52',NULL,NULL,0),
(167,3,1,42600,123456789001,4,83,1,NULL,NULL,1,11,'2022-01-20 13:07:53',NULL,NULL,0),
(168,3,1,42600,123456789001,4,84,1,NULL,NULL,1,11,'2022-01-20 13:07:55',NULL,NULL,0),
(169,3,1,42600,123456789001,4,85,1,NULL,NULL,1,11,'2022-01-20 13:07:56',NULL,NULL,0),
(170,3,1,42600,123456789001,4,95,1,NULL,NULL,1,11,'2022-01-20 13:07:57',NULL,NULL,0),
(171,3,1,42600,123456789001,2,37,1,NULL,NULL,1,11,'2022-01-21 16:10:13',NULL,NULL,0),
(172,3,1,42600,123456789001,2,38,1,NULL,NULL,1,11,'2022-01-21 16:10:13',NULL,NULL,0),
(173,3,1,42600,123456789001,2,40,1,NULL,NULL,1,11,'2022-01-21 16:16:41',NULL,NULL,0),
(174,3,1,42600,123456789001,2,41,1,NULL,NULL,1,11,'2022-01-21 16:25:33',NULL,NULL,0),
(175,3,1,42600,123456789001,2,42,1,NULL,NULL,1,11,'2022-01-21 16:27:58',NULL,NULL,0),
(176,4,1,42600,777777777718,1,3,1,NULL,NULL,1,10,'2022-01-21 17:26:13',NULL,NULL,0),
(177,4,1,42600,777777777718,1,4,1,NULL,NULL,1,10,'2022-01-21 17:26:13',NULL,NULL,0),
(178,4,1,42600,777777777718,1,5,1,NULL,NULL,1,10,'2022-01-21 17:26:14',NULL,NULL,0),
(179,4,1,42600,777777777718,1,6,1,NULL,NULL,1,10,'2022-01-21 17:26:16',NULL,NULL,0),
(180,4,1,42600,777777777718,1,7,1,NULL,NULL,1,10,'2022-01-21 17:26:16',NULL,NULL,0),
(181,4,1,42600,777777777718,1,8,1,NULL,NULL,1,10,'2022-01-21 17:26:17',NULL,NULL,0),
(182,4,1,42600,777777777718,1,9,1,NULL,NULL,1,10,'2022-01-21 17:26:18',NULL,NULL,0),
(183,4,1,42600,777777777718,1,79,1,NULL,NULL,1,10,'2022-01-21 17:26:19',NULL,NULL,0),
(184,4,1,42600,777777777718,1,10,1,NULL,NULL,1,10,'2022-01-21 17:26:20',NULL,NULL,0),
(185,4,1,42600,777777777718,1,11,1,NULL,NULL,1,10,'2022-01-21 17:26:21',NULL,NULL,0),
(186,4,1,42600,777777777718,1,12,1,NULL,NULL,1,10,'2022-01-21 17:26:22',NULL,NULL,0),
(187,4,1,42600,777777777718,1,13,1,NULL,NULL,1,10,'2022-01-21 17:26:23',NULL,NULL,0),
(188,4,1,42600,777777777718,2,86,1,NULL,NULL,1,10,'2022-01-21 17:26:24',NULL,NULL,0),
(189,4,1,42600,777777777718,2,87,1,NULL,NULL,1,10,'2022-01-21 17:26:25',NULL,NULL,0),
(190,4,1,42600,777777777718,2,88,1,NULL,NULL,1,10,'2022-01-21 17:26:26',NULL,NULL,0),
(191,4,1,42600,777777777718,2,89,1,NULL,NULL,1,10,'2022-01-21 17:26:27',NULL,NULL,0),
(192,4,1,42600,777777777718,2,90,1,NULL,NULL,1,10,'2022-01-21 17:26:27',NULL,NULL,0),
(193,4,1,42600,777777777718,2,91,1,NULL,NULL,1,10,'2022-01-21 17:26:28',NULL,NULL,0),
(194,4,1,42600,777777777718,2,92,1,NULL,NULL,1,10,'2022-01-21 17:26:28',NULL,NULL,0),
(195,4,1,42600,777777777718,2,93,1,NULL,NULL,1,10,'2022-01-21 17:26:30',NULL,NULL,0),
(196,4,1,42600,777777777718,2,14,1,NULL,NULL,1,10,'2022-01-21 17:26:33',NULL,NULL,0),
(197,4,1,42600,777777777718,2,15,1,NULL,NULL,1,10,'2022-01-21 17:26:33',NULL,NULL,0),
(198,4,1,42600,777777777718,2,94,1,NULL,NULL,1,10,'2022-01-21 17:26:34',NULL,NULL,0),
(199,4,1,42600,777777777718,2,16,1,NULL,NULL,1,10,'2022-01-21 17:26:35',NULL,NULL,0),
(200,4,1,42600,777777777718,2,17,1,NULL,NULL,1,10,'2022-01-21 17:26:35',NULL,NULL,0),
(201,4,1,42600,777777777718,2,18,1,NULL,NULL,1,10,'2022-01-21 17:26:37',NULL,NULL,0),
(202,4,1,42600,777777777718,2,30,1,NULL,NULL,1,10,'2022-01-21 17:26:38',NULL,NULL,0),
(203,4,1,42600,777777777718,2,31,1,NULL,NULL,1,10,'2022-01-21 17:26:38',NULL,NULL,0),
(204,4,1,42600,777777777718,2,32,1,NULL,NULL,1,10,'2022-01-21 17:26:39',NULL,NULL,0),
(205,4,1,42600,777777777718,2,35,1,NULL,NULL,1,10,'2022-01-21 17:26:40',NULL,NULL,0),
(206,4,1,42600,777777777718,2,39,1,NULL,NULL,1,10,'2022-01-21 17:26:41',NULL,NULL,0),
(207,4,1,42600,777777777718,2,40,1,NULL,NULL,1,10,'2022-01-21 17:26:41',NULL,NULL,0),
(208,4,1,42600,777777777718,2,41,1,NULL,NULL,1,10,'2022-01-21 17:26:42',NULL,NULL,0),
(209,4,1,42600,777777777718,2,42,1,NULL,NULL,1,10,'2022-01-21 17:26:43',NULL,NULL,0),
(210,4,1,42600,777777777718,2,36,1,NULL,NULL,1,10,'2022-01-21 17:26:44',NULL,NULL,0),
(211,4,1,42600,777777777718,2,37,1,NULL,NULL,1,10,'2022-01-21 17:26:45',NULL,NULL,0),
(212,4,1,42600,777777777718,2,38,1,NULL,NULL,1,10,'2022-01-21 17:26:46',NULL,NULL,0),
(213,4,1,42600,777777777718,3,46,1,2,NULL,1,10,'2022-01-21 17:26:47',NULL,NULL,0),
(214,4,1,42600,777777777718,3,47,1,2,NULL,1,10,'2022-01-21 17:26:48',NULL,NULL,0),
(215,4,1,42600,777777777718,3,48,1,2,NULL,1,10,'2022-01-21 17:26:49',NULL,NULL,0),
(216,4,1,42600,777777777718,3,49,1,2,NULL,1,10,'2022-01-21 17:26:49',NULL,NULL,0),
(217,4,1,42600,777777777718,3,50,1,2,NULL,1,10,'2022-01-21 17:26:51',NULL,NULL,0),
(218,4,1,42600,777777777718,3,51,1,2,NULL,1,10,'2022-01-21 17:26:51',NULL,NULL,0),
(219,4,1,42600,777777777718,3,55,1,2,NULL,1,10,'2022-01-21 17:26:52',NULL,NULL,0),
(220,4,1,42600,777777777718,3,56,1,2,NULL,1,10,'2022-01-21 17:26:53',NULL,NULL,0),
(221,4,1,42600,777777777718,3,57,1,2,NULL,1,10,'2022-01-21 17:26:54',NULL,NULL,0),
(222,4,1,42600,777777777718,3,59,1,2,NULL,1,10,'2022-01-21 17:28:39',NULL,NULL,0),
(223,4,1,42600,777777777718,3,58,1,2,NULL,1,10,'2022-01-21 17:28:39',NULL,NULL,0),
(224,4,1,42600,777777777718,3,60,1,2,NULL,1,10,'2022-01-21 17:28:39',NULL,NULL,0),
(225,4,1,42600,777777777718,3,61,1,2,NULL,1,10,'2022-01-21 17:28:40',NULL,NULL,0),
(226,4,1,42600,777777777718,3,62,1,2,NULL,1,10,'2022-01-21 17:28:41',NULL,NULL,0),
(227,4,1,42600,777777777718,3,63,1,2,NULL,1,10,'2022-01-21 17:28:42',NULL,NULL,0),
(228,4,1,42600,777777777718,3,66,1,2,NULL,1,10,'2022-01-21 17:28:42',NULL,NULL,0),
(229,4,1,42600,777777777718,3,67,1,2,NULL,1,10,'2022-01-21 17:28:43',NULL,NULL,0),
(230,4,1,42600,777777777718,4,81,1,NULL,NULL,1,10,'2022-01-21 17:28:45',NULL,NULL,0),
(231,4,1,42600,777777777718,4,82,1,NULL,NULL,1,10,'2022-01-21 17:28:45',NULL,NULL,0),
(232,4,1,42600,777777777718,4,83,1,NULL,NULL,1,10,'2022-01-21 17:28:47',NULL,NULL,0),
(233,4,1,42600,777777777718,4,84,1,NULL,NULL,1,10,'2022-01-21 17:28:48',NULL,NULL,0),
(234,4,1,42600,777777777718,4,85,1,NULL,NULL,1,10,'2022-01-21 17:28:50',NULL,NULL,0),
(235,4,1,42600,777777777718,4,95,1,NULL,NULL,1,10,'2022-01-21 17:28:50',NULL,NULL,0),
(236,4,1,42600,777777777718,1,3,1,NULL,NULL,1,11,'2022-01-21 17:26:13',NULL,NULL,0),
(237,4,1,42600,777777777718,1,4,1,NULL,NULL,1,11,'2022-01-21 17:26:13',NULL,NULL,0),
(238,4,1,42600,777777777718,1,5,1,NULL,NULL,1,11,'2022-01-21 17:26:14',NULL,NULL,0),
(239,4,1,42600,777777777718,1,6,1,NULL,NULL,1,11,'2022-01-21 17:26:16',NULL,NULL,0),
(240,4,1,42600,777777777718,1,7,1,NULL,NULL,1,11,'2022-01-21 17:26:16',NULL,NULL,0),
(241,4,1,42600,777777777718,1,8,1,NULL,NULL,1,11,'2022-01-21 17:26:17',NULL,NULL,0),
(242,4,1,42600,777777777718,1,9,1,NULL,NULL,1,11,'2022-01-21 17:26:18',NULL,NULL,0),
(243,4,1,42600,777777777718,1,79,1,NULL,NULL,1,11,'2022-01-21 17:26:19',NULL,NULL,0),
(244,4,1,42600,777777777718,1,10,1,NULL,NULL,1,11,'2022-01-21 17:26:20',NULL,NULL,0),
(245,4,1,42600,777777777718,1,11,1,NULL,NULL,1,11,'2022-01-21 17:26:21',NULL,NULL,0),
(246,4,1,42600,777777777718,1,12,1,NULL,NULL,1,11,'2022-01-21 17:26:22',NULL,NULL,0),
(247,4,1,42600,777777777718,1,13,1,NULL,NULL,1,11,'2022-01-21 17:26:23',NULL,NULL,0),
(248,4,1,42600,777777777718,2,86,1,NULL,NULL,1,11,'2022-01-21 17:26:24',NULL,NULL,0),
(249,4,1,42600,777777777718,2,87,1,NULL,NULL,1,11,'2022-01-21 17:26:25',NULL,NULL,0),
(250,4,1,42600,777777777718,2,88,1,NULL,NULL,1,11,'2022-01-21 17:26:26',NULL,NULL,0),
(251,4,1,42600,777777777718,2,89,1,NULL,NULL,1,11,'2022-01-21 17:26:27',NULL,NULL,0),
(252,4,1,42600,777777777718,2,90,1,NULL,NULL,1,11,'2022-01-21 17:26:27',NULL,NULL,0),
(253,4,1,42600,777777777718,2,91,1,NULL,NULL,1,11,'2022-01-21 17:26:28',NULL,NULL,0),
(254,4,1,42600,777777777718,2,92,1,NULL,NULL,1,11,'2022-01-21 17:26:28',NULL,NULL,0),
(255,4,1,42600,777777777718,2,93,1,NULL,NULL,1,11,'2022-01-21 17:26:30',NULL,NULL,0),
(256,4,1,42600,777777777718,2,14,1,NULL,NULL,1,11,'2022-01-21 17:26:33',NULL,NULL,0),
(257,4,1,42600,777777777718,2,15,1,NULL,NULL,1,11,'2022-01-21 17:26:33',NULL,NULL,0),
(258,4,1,42600,777777777718,2,94,1,NULL,NULL,1,11,'2022-01-21 17:26:34',NULL,NULL,0),
(259,4,1,42600,777777777718,2,16,1,NULL,NULL,1,11,'2022-01-21 17:26:35',NULL,NULL,0),
(260,4,1,42600,777777777718,2,17,1,NULL,NULL,1,11,'2022-01-21 17:26:35',NULL,NULL,0),
(261,4,1,42600,777777777718,2,18,1,NULL,NULL,1,11,'2022-01-21 17:26:37',NULL,NULL,0),
(262,4,1,42600,777777777718,2,30,1,NULL,NULL,1,11,'2022-01-21 17:26:38',NULL,NULL,0),
(263,4,1,42600,777777777718,2,31,1,NULL,NULL,1,11,'2022-01-21 17:26:38',NULL,NULL,0),
(264,4,1,42600,777777777718,2,32,1,NULL,NULL,1,11,'2022-01-21 17:26:39',NULL,NULL,0),
(265,4,1,42600,777777777718,2,35,1,NULL,NULL,1,11,'2022-01-21 17:26:40',NULL,NULL,0),
(266,4,1,42600,777777777718,2,39,1,NULL,NULL,1,11,'2022-01-21 17:26:41',NULL,NULL,0),
(267,4,1,42600,777777777718,2,40,1,NULL,NULL,1,11,'2022-01-21 17:26:41',NULL,NULL,0),
(268,4,1,42600,777777777718,2,41,1,NULL,NULL,1,11,'2022-01-21 17:26:42',NULL,NULL,0),
(269,4,1,42600,777777777718,2,42,1,NULL,NULL,1,11,'2022-01-21 17:26:43',NULL,NULL,0),
(270,4,1,42600,777777777718,2,36,1,NULL,NULL,1,11,'2022-01-21 17:26:44',NULL,NULL,0),
(271,4,1,42600,777777777718,2,37,1,NULL,NULL,1,11,'2022-01-21 17:26:45',NULL,NULL,0),
(272,4,1,42600,777777777718,2,38,1,NULL,NULL,1,11,'2022-01-21 17:26:46',NULL,NULL,0),
(273,4,1,42600,777777777718,3,46,1,2,NULL,1,11,'2022-01-21 17:26:47',NULL,NULL,0),
(274,4,1,42600,777777777718,3,47,1,2,NULL,1,11,'2022-01-21 17:26:48',NULL,NULL,0),
(275,4,1,42600,777777777718,3,48,1,2,NULL,1,11,'2022-01-21 17:26:49',NULL,NULL,0),
(276,4,1,42600,777777777718,3,49,1,2,NULL,1,11,'2022-01-21 17:26:49',NULL,NULL,0),
(277,4,1,42600,777777777718,3,50,1,2,NULL,1,11,'2022-01-21 17:26:51',NULL,NULL,0),
(278,4,1,42600,777777777718,3,51,1,2,NULL,1,11,'2022-01-21 17:26:51',NULL,NULL,0),
(279,4,1,42600,777777777718,3,55,1,2,NULL,1,11,'2022-01-21 17:26:52',NULL,NULL,0),
(280,4,1,42600,777777777718,3,56,1,2,NULL,1,11,'2022-01-21 17:26:53',NULL,NULL,0),
(281,4,1,42600,777777777718,3,57,1,2,NULL,1,11,'2022-01-21 17:26:54',NULL,NULL,0),
(282,4,1,42600,777777777718,3,59,1,2,NULL,1,11,'2022-01-21 17:28:39',NULL,NULL,0),
(283,4,1,42600,777777777718,3,58,1,2,NULL,1,11,'2022-01-21 17:28:39',NULL,NULL,0),
(284,4,1,42600,777777777718,3,60,1,2,NULL,1,11,'2022-01-21 17:28:39',NULL,NULL,0),
(285,4,1,42600,777777777718,3,61,1,2,NULL,1,11,'2022-01-21 17:28:40',NULL,NULL,0),
(286,4,1,42600,777777777718,3,62,1,2,NULL,1,11,'2022-01-21 17:28:41',NULL,NULL,0),
(287,4,1,42600,777777777718,3,63,1,2,NULL,1,11,'2022-01-21 17:28:42',NULL,NULL,0),
(288,4,1,42600,777777777718,3,66,1,2,NULL,1,11,'2022-01-21 17:28:42',NULL,NULL,0),
(289,4,1,42600,777777777718,3,67,1,2,NULL,1,11,'2022-01-21 17:28:43',NULL,NULL,0),
(290,4,1,42600,777777777718,4,81,1,NULL,NULL,1,11,'2022-01-21 17:28:45',NULL,NULL,0),
(291,4,1,42600,777777777718,4,82,1,NULL,NULL,1,11,'2022-01-21 17:28:45',NULL,NULL,0),
(292,4,1,42600,777777777718,4,83,1,NULL,NULL,1,11,'2022-01-21 17:28:47',NULL,NULL,0),
(293,4,1,42600,777777777718,4,84,1,NULL,NULL,1,11,'2022-01-21 17:28:48',NULL,NULL,0),
(294,4,1,42600,777777777718,4,85,1,NULL,NULL,1,11,'2022-01-21 17:28:50',NULL,NULL,0),
(295,4,1,42600,777777777718,4,95,1,NULL,NULL,1,11,'2022-01-21 17:28:50',NULL,NULL,0),
(296,4,1,42600,777777777718,1,3,1,NULL,NULL,1,15,'2022-01-21 17:26:13',NULL,NULL,0),
(297,4,1,42600,777777777718,1,4,1,NULL,NULL,1,15,'2022-01-21 17:26:13',NULL,NULL,0),
(298,4,1,42600,777777777718,1,5,1,NULL,NULL,1,15,'2022-01-21 17:26:14',NULL,NULL,0),
(299,4,1,42600,777777777718,1,6,1,NULL,NULL,1,15,'2022-01-21 17:26:16',NULL,NULL,0),
(300,4,1,42600,777777777718,1,7,1,NULL,NULL,1,15,'2022-01-21 17:26:16',NULL,NULL,0),
(301,4,1,42600,777777777718,1,8,1,NULL,NULL,1,15,'2022-01-21 17:26:17',NULL,NULL,0),
(302,4,1,42600,777777777718,1,9,1,NULL,NULL,1,15,'2022-01-21 17:26:18',NULL,NULL,0),
(303,4,1,42600,777777777718,1,79,1,NULL,NULL,1,15,'2022-01-21 17:26:19',NULL,NULL,0),
(304,4,1,42600,777777777718,1,10,1,NULL,NULL,1,15,'2022-01-21 17:26:20',NULL,NULL,0),
(305,4,1,42600,777777777718,1,11,1,NULL,NULL,1,15,'2022-01-21 17:26:21',NULL,NULL,0),
(306,4,1,42600,777777777718,1,12,1,NULL,NULL,1,15,'2022-01-21 17:26:22',NULL,NULL,0),
(307,4,1,42600,777777777718,1,13,1,NULL,NULL,1,15,'2022-01-21 17:26:23',NULL,NULL,0),
(308,4,1,42600,777777777718,2,86,1,NULL,NULL,1,15,'2022-01-21 17:26:24',NULL,NULL,0),
(309,4,1,42600,777777777718,2,87,1,NULL,NULL,1,15,'2022-01-21 17:26:25',NULL,NULL,0),
(310,4,1,42600,777777777718,2,88,1,NULL,NULL,1,15,'2022-01-21 17:26:26',NULL,NULL,0),
(311,4,1,42600,777777777718,2,89,1,NULL,NULL,1,15,'2022-01-21 17:26:27',NULL,NULL,0),
(312,4,1,42600,777777777718,2,90,1,NULL,NULL,1,15,'2022-01-21 17:26:27',NULL,NULL,0),
(313,4,1,42600,777777777718,2,91,1,NULL,NULL,1,15,'2022-01-21 17:26:28',NULL,NULL,0),
(314,4,1,42600,777777777718,2,92,1,NULL,NULL,1,15,'2022-01-21 17:26:28',NULL,NULL,0),
(315,4,1,42600,777777777718,2,93,1,NULL,NULL,1,15,'2022-01-21 17:26:30',NULL,NULL,0),
(316,4,1,42600,777777777718,2,14,1,NULL,NULL,1,15,'2022-01-21 17:26:33',NULL,NULL,0),
(317,4,1,42600,777777777718,2,15,1,NULL,NULL,1,15,'2022-01-21 17:26:33',NULL,NULL,0),
(318,4,1,42600,777777777718,2,94,1,NULL,NULL,1,15,'2022-01-21 17:26:34',NULL,NULL,0),
(319,4,1,42600,777777777718,2,16,1,NULL,NULL,1,15,'2022-01-21 17:26:35',NULL,NULL,0),
(320,4,1,42600,777777777718,2,17,1,NULL,NULL,1,15,'2022-01-21 17:26:35',NULL,NULL,0),
(321,4,1,42600,777777777718,2,18,1,NULL,NULL,1,15,'2022-01-21 17:26:37',NULL,NULL,0),
(322,4,1,42600,777777777718,2,30,1,NULL,NULL,1,15,'2022-01-21 17:26:38',NULL,NULL,0),
(323,4,1,42600,777777777718,2,31,1,NULL,NULL,1,15,'2022-01-21 17:26:38',NULL,NULL,0),
(324,4,1,42600,777777777718,2,32,1,NULL,NULL,1,15,'2022-01-21 17:26:39',NULL,NULL,0),
(325,4,1,42600,777777777718,2,35,1,NULL,NULL,1,15,'2022-01-21 17:26:40',NULL,NULL,0),
(326,4,1,42600,777777777718,2,39,1,NULL,NULL,1,15,'2022-01-21 17:26:41',NULL,NULL,0),
(327,4,1,42600,777777777718,2,40,1,NULL,NULL,1,15,'2022-01-21 17:26:41',NULL,NULL,0),
(328,4,1,42600,777777777718,2,41,1,NULL,NULL,1,15,'2022-01-21 17:26:42',NULL,NULL,0),
(329,4,1,42600,777777777718,2,42,1,NULL,NULL,1,15,'2022-01-21 17:26:43',NULL,NULL,0),
(330,4,1,42600,777777777718,2,36,1,NULL,NULL,1,15,'2022-01-21 17:26:44',NULL,NULL,0),
(331,4,1,42600,777777777718,2,37,1,NULL,NULL,1,15,'2022-01-21 17:26:45',NULL,NULL,0),
(332,4,1,42600,777777777718,2,38,1,NULL,NULL,1,15,'2022-01-21 17:26:46',NULL,NULL,0),
(333,4,1,42600,777777777718,3,46,1,2,NULL,1,15,'2022-01-21 17:26:47',NULL,NULL,0),
(334,4,1,42600,777777777718,3,47,1,2,NULL,1,15,'2022-01-21 17:26:48',NULL,NULL,0),
(335,4,1,42600,777777777718,3,48,1,2,NULL,1,15,'2022-01-21 17:26:49',NULL,NULL,0),
(336,4,1,42600,777777777718,3,49,1,2,NULL,1,15,'2022-01-21 17:26:49',NULL,NULL,0),
(337,4,1,42600,777777777718,3,50,1,2,NULL,1,15,'2022-01-21 17:26:51',NULL,NULL,0),
(338,4,1,42600,777777777718,3,51,1,2,NULL,1,15,'2022-01-21 17:26:51',NULL,NULL,0),
(339,4,1,42600,777777777718,3,55,1,2,NULL,1,15,'2022-01-21 17:26:52',NULL,NULL,0),
(340,4,1,42600,777777777718,3,56,1,2,NULL,1,15,'2022-01-21 17:26:53',NULL,NULL,0),
(341,4,1,42600,777777777718,3,57,1,2,NULL,1,15,'2022-01-21 17:26:54',NULL,NULL,0),
(342,4,1,42600,777777777718,3,59,1,2,NULL,1,15,'2022-01-21 17:28:39',NULL,NULL,0),
(343,4,1,42600,777777777718,3,58,1,2,NULL,1,15,'2022-01-21 17:28:39',NULL,NULL,0),
(344,4,1,42600,777777777718,3,60,1,2,NULL,1,15,'2022-01-21 17:28:39',NULL,NULL,0),
(345,4,1,42600,777777777718,3,61,1,2,NULL,1,15,'2022-01-21 17:28:40',NULL,NULL,0),
(346,4,1,42600,777777777718,3,62,1,2,NULL,1,15,'2022-01-21 17:28:41',NULL,NULL,0),
(347,4,1,42600,777777777718,3,63,1,2,NULL,1,15,'2022-01-21 17:28:42',NULL,NULL,0),
(348,4,1,42600,777777777718,3,66,1,2,NULL,1,15,'2022-01-21 17:28:42',NULL,NULL,0),
(349,4,1,42600,777777777718,3,67,1,2,NULL,1,15,'2022-01-21 17:28:43',NULL,NULL,0),
(350,4,1,42600,777777777718,4,81,1,NULL,NULL,1,15,'2022-01-21 17:28:45',NULL,NULL,0),
(351,4,1,42600,777777777718,4,82,1,NULL,NULL,1,15,'2022-01-21 17:28:45',NULL,NULL,0),
(352,4,1,42600,777777777718,4,83,1,NULL,NULL,1,15,'2022-01-21 17:28:47',NULL,NULL,0),
(353,4,1,42600,777777777718,4,84,1,NULL,NULL,1,15,'2022-01-21 17:28:48',NULL,NULL,0),
(354,4,1,42600,777777777718,4,85,1,NULL,NULL,1,15,'2022-01-21 17:28:50',NULL,NULL,0),
(355,4,1,42600,777777777718,4,95,1,NULL,NULL,1,15,'2022-01-21 17:28:50',NULL,NULL,0),
(356,6,1,42600,784757956852,1,3,1,NULL,NULL,1,10,'2022-01-25 10:57:40',NULL,NULL,0),
(357,6,1,42600,784757956852,1,4,1,NULL,NULL,1,10,'2022-01-25 10:57:41',NULL,NULL,0),
(358,6,1,42600,784757956852,1,5,1,NULL,NULL,1,10,'2022-01-25 10:57:43',NULL,NULL,0),
(359,6,1,42600,784757956852,1,6,1,NULL,NULL,1,10,'2022-01-25 10:57:43',NULL,NULL,0),
(360,6,1,42600,784757956852,1,7,1,NULL,NULL,1,10,'2022-01-25 10:57:44',NULL,NULL,0),
(361,6,1,42600,784757956852,1,8,1,NULL,NULL,1,10,'2022-01-25 10:57:45',NULL,NULL,0),
(362,6,1,42600,784757956852,1,9,1,NULL,NULL,1,10,'2022-01-25 10:57:46',NULL,NULL,0),
(363,6,1,42600,784757956852,1,79,1,NULL,NULL,1,10,'2022-01-25 10:57:47',NULL,NULL,0),
(364,6,1,42600,784757956852,1,10,1,NULL,NULL,1,10,'2022-01-25 10:57:48',NULL,NULL,0),
(365,6,1,42600,784757956852,1,11,1,NULL,NULL,1,10,'2022-01-25 10:57:49',NULL,NULL,0),
(366,6,1,42600,784757956852,1,12,1,NULL,NULL,1,10,'2022-01-25 10:57:50',NULL,NULL,0),
(367,6,1,42600,784757956852,1,13,1,NULL,NULL,1,10,'2022-01-25 10:57:51',NULL,NULL,0),
(368,6,1,42600,784757956852,2,86,1,NULL,NULL,1,10,'2022-01-25 10:57:54',NULL,NULL,0),
(369,6,1,42600,784757956852,2,87,1,NULL,NULL,1,10,'2022-01-25 10:57:55',NULL,NULL,0),
(370,6,1,42600,784757956852,2,88,1,NULL,NULL,1,10,'2022-01-25 10:57:56',NULL,NULL,0),
(371,6,1,42600,784757956852,2,89,1,NULL,NULL,1,10,'2022-01-25 10:57:57',NULL,NULL,0),
(372,6,1,42600,784757956852,2,90,1,NULL,NULL,1,10,'2022-01-25 10:57:57',NULL,NULL,0),
(373,6,1,42600,784757956852,2,91,1,NULL,NULL,1,10,'2022-01-25 10:57:58',NULL,NULL,0),
(374,6,1,42600,784757956852,2,92,1,NULL,NULL,1,10,'2022-01-25 10:57:59',NULL,NULL,0),
(375,6,1,42600,784757956852,2,93,1,NULL,NULL,1,10,'2022-01-25 10:57:59',NULL,NULL,0),
(376,6,1,42600,784757956852,2,14,1,NULL,NULL,1,10,'2022-01-25 10:58:00',NULL,NULL,0),
(377,6,1,42600,784757956852,2,15,1,NULL,NULL,1,10,'2022-01-25 10:58:00',NULL,NULL,0),
(378,6,1,42600,784757956852,2,94,1,NULL,NULL,1,10,'2022-01-25 10:58:01',NULL,NULL,0),
(379,6,1,42600,784757956852,2,16,1,NULL,NULL,1,10,'2022-01-25 10:58:02',NULL,NULL,0),
(380,6,1,42600,784757956852,2,17,1,NULL,NULL,1,10,'2022-01-25 10:58:03',NULL,NULL,0),
(381,6,1,42600,784757956852,2,18,1,NULL,NULL,1,10,'2022-01-25 10:58:05',NULL,NULL,0),
(382,6,1,42600,784757956852,2,30,1,NULL,NULL,1,10,'2022-01-25 10:58:06',NULL,NULL,0),
(383,6,1,42600,784757956852,2,31,1,NULL,NULL,1,10,'2022-01-25 10:58:06',NULL,NULL,0),
(384,6,1,42600,784757956852,2,32,1,NULL,NULL,1,10,'2022-01-25 10:58:07',NULL,NULL,0),
(385,6,1,42600,784757956852,2,35,1,NULL,NULL,1,10,'2022-01-25 10:58:09',NULL,NULL,0),
(386,6,1,42600,784757956852,2,39,1,NULL,NULL,1,10,'2022-01-25 10:58:09',NULL,NULL,0),
(387,6,1,42600,784757956852,2,40,1,NULL,NULL,1,10,'2022-01-25 10:58:10',NULL,NULL,0),
(388,6,1,42600,784757956852,2,41,1,NULL,NULL,1,10,'2022-01-25 10:58:11',NULL,NULL,0),
(389,6,1,42600,784757956852,2,42,1,NULL,NULL,1,10,'2022-01-25 10:58:14',NULL,NULL,0),
(390,6,1,42600,784757956852,2,36,1,NULL,NULL,1,10,'2022-01-25 10:58:14',NULL,NULL,0),
(391,6,1,42600,784757956852,2,37,1,NULL,NULL,1,10,'2022-01-25 10:58:15',NULL,NULL,0),
(392,6,1,42600,784757956852,2,38,1,NULL,NULL,1,10,'2022-01-25 10:58:16',NULL,NULL,0),
(393,6,1,42600,784757956852,3,46,1,2,NULL,1,10,'2022-01-25 10:58:17',NULL,NULL,0),
(394,6,1,42600,784757956852,3,47,1,2,NULL,1,10,'2022-01-25 10:58:18',NULL,NULL,0),
(395,6,1,42600,784757956852,3,48,1,2,NULL,1,10,'2022-01-25 10:58:18',NULL,NULL,0),
(396,6,1,42600,784757956852,3,49,1,2,NULL,1,10,'2022-01-25 10:58:19',NULL,NULL,0),
(397,6,1,42600,784757956852,3,50,1,2,NULL,1,10,'2022-01-25 10:58:21',NULL,NULL,0),
(398,6,1,42600,784757956852,3,51,1,2,NULL,1,10,'2022-01-25 10:58:22',NULL,NULL,0),
(399,6,1,42600,784757956852,3,55,1,2,NULL,1,10,'2022-01-25 10:58:23',NULL,NULL,0),
(400,6,1,42600,784757956852,3,56,1,2,NULL,1,10,'2022-01-25 10:58:23',NULL,NULL,0),
(401,6,1,42600,784757956852,3,57,1,2,NULL,1,10,'2022-01-25 10:58:24',NULL,NULL,0),
(402,6,1,42600,784757956852,3,58,1,2,NULL,1,10,'2022-01-25 10:58:25',NULL,NULL,0),
(403,6,1,42600,784757956852,3,59,1,2,NULL,1,10,'2022-01-25 10:58:26',NULL,NULL,0),
(404,6,1,42600,784757956852,3,60,1,2,NULL,1,10,'2022-01-25 10:58:27',NULL,NULL,0),
(405,6,1,42600,784757956852,3,61,1,2,NULL,1,10,'2022-01-25 10:58:31',NULL,NULL,0),
(406,6,1,42600,784757956852,3,62,1,2,NULL,1,10,'2022-01-25 10:58:33',NULL,NULL,0),
(407,6,1,42600,784757956852,3,63,1,2,NULL,1,10,'2022-01-25 10:58:34',NULL,NULL,0),
(408,6,1,42600,784757956852,3,66,1,2,NULL,1,10,'2022-01-25 10:58:35',NULL,NULL,0),
(409,6,1,42600,784757956852,3,67,1,2,NULL,1,10,'2022-01-25 10:58:35',NULL,NULL,0),
(410,6,1,42600,784757956852,4,81,1,NULL,NULL,1,10,'2022-01-25 10:58:37',NULL,NULL,0),
(411,6,1,42600,784757956852,4,82,1,NULL,NULL,1,10,'2022-01-25 10:58:37',NULL,NULL,0),
(412,6,1,42600,784757956852,4,83,1,NULL,NULL,1,10,'2022-01-25 10:58:38',NULL,NULL,0),
(413,6,1,42600,784757956852,4,84,1,NULL,NULL,1,10,'2022-01-25 10:58:40',NULL,NULL,0),
(414,6,1,42600,784757956852,4,85,1,NULL,NULL,1,10,'2022-01-25 10:58:40',NULL,NULL,0),
(415,6,1,42600,784757956852,4,95,1,NULL,NULL,1,10,'2022-01-25 10:58:43',NULL,NULL,0),
(416,6,1,42600,784757956852,1,3,1,NULL,NULL,1,11,'2022-01-25 10:57:40',NULL,NULL,0),
(417,6,1,42600,784757956852,1,4,1,NULL,NULL,1,11,'2022-01-25 10:57:41',NULL,NULL,0),
(418,6,1,42600,784757956852,1,5,1,NULL,NULL,1,11,'2022-01-25 10:57:43',NULL,NULL,0),
(419,6,1,42600,784757956852,1,6,1,NULL,NULL,1,11,'2022-01-25 10:57:43',NULL,NULL,0),
(420,6,1,42600,784757956852,1,7,1,NULL,NULL,1,11,'2022-01-25 10:57:44',NULL,NULL,0),
(421,6,1,42600,784757956852,1,8,1,NULL,NULL,1,11,'2022-01-25 10:57:45',NULL,NULL,0),
(422,6,1,42600,784757956852,1,9,1,NULL,NULL,1,11,'2022-01-25 10:57:46',NULL,NULL,0),
(423,6,1,42600,784757956852,1,79,1,NULL,NULL,1,11,'2022-01-25 10:57:47',NULL,NULL,0),
(424,6,1,42600,784757956852,1,10,1,NULL,NULL,1,11,'2022-01-25 10:57:48',NULL,NULL,0),
(425,6,1,42600,784757956852,1,11,1,NULL,NULL,1,11,'2022-01-25 10:57:49',NULL,NULL,0),
(426,6,1,42600,784757956852,1,12,1,NULL,NULL,1,11,'2022-01-25 10:57:50',NULL,NULL,0),
(427,6,1,42600,784757956852,1,13,1,NULL,NULL,1,11,'2022-01-25 10:57:51',NULL,NULL,0),
(428,6,1,42600,784757956852,2,86,1,NULL,NULL,1,11,'2022-01-25 10:57:54',NULL,NULL,0),
(429,6,1,42600,784757956852,2,87,1,NULL,NULL,1,11,'2022-01-25 10:57:55',NULL,NULL,0),
(430,6,1,42600,784757956852,2,88,1,NULL,NULL,1,11,'2022-01-25 10:57:56',NULL,NULL,0),
(431,6,1,42600,784757956852,2,89,1,NULL,NULL,1,11,'2022-01-25 10:57:57',NULL,NULL,0),
(432,6,1,42600,784757956852,2,90,1,NULL,NULL,1,11,'2022-01-25 10:57:57',NULL,NULL,0),
(433,6,1,42600,784757956852,2,91,1,NULL,NULL,1,11,'2022-01-25 10:57:58',NULL,NULL,0),
(434,6,1,42600,784757956852,2,92,1,NULL,NULL,1,11,'2022-01-25 10:57:59',NULL,NULL,0),
(435,6,1,42600,784757956852,2,93,1,NULL,NULL,1,11,'2022-01-25 10:57:59',NULL,NULL,0),
(436,6,1,42600,784757956852,2,14,1,NULL,NULL,1,11,'2022-01-25 10:58:00',NULL,NULL,0),
(437,6,1,42600,784757956852,2,15,1,NULL,NULL,1,11,'2022-01-25 10:58:00',NULL,NULL,0),
(438,6,1,42600,784757956852,2,94,1,NULL,NULL,1,11,'2022-01-25 10:58:01',NULL,NULL,0),
(439,6,1,42600,784757956852,2,16,1,NULL,NULL,1,11,'2022-01-25 10:58:02',NULL,NULL,0),
(440,6,1,42600,784757956852,2,17,1,NULL,NULL,1,11,'2022-01-25 10:58:03',NULL,NULL,0),
(441,6,1,42600,784757956852,2,18,1,NULL,NULL,1,11,'2022-01-25 10:58:05',NULL,NULL,0),
(442,6,1,42600,784757956852,2,30,1,NULL,NULL,1,11,'2022-01-25 10:58:06',NULL,NULL,0),
(443,6,1,42600,784757956852,2,31,1,NULL,NULL,1,11,'2022-01-25 10:58:06',NULL,NULL,0),
(444,6,1,42600,784757956852,2,32,1,NULL,NULL,1,11,'2022-01-25 10:58:07',NULL,NULL,0),
(445,6,1,42600,784757956852,2,35,1,NULL,NULL,1,11,'2022-01-25 10:58:09',NULL,NULL,0),
(446,6,1,42600,784757956852,2,39,1,NULL,NULL,1,11,'2022-01-25 10:58:09',NULL,NULL,0),
(447,6,1,42600,784757956852,2,40,1,NULL,NULL,1,11,'2022-01-25 10:58:10',NULL,NULL,0),
(448,6,1,42600,784757956852,2,41,1,NULL,NULL,1,11,'2022-01-25 10:58:11',NULL,NULL,0),
(449,6,1,42600,784757956852,2,42,1,NULL,NULL,1,11,'2022-01-25 10:58:14',NULL,NULL,0),
(450,6,1,42600,784757956852,2,36,1,NULL,NULL,1,11,'2022-01-25 10:58:14',NULL,NULL,0),
(451,6,1,42600,784757956852,2,37,1,NULL,NULL,1,11,'2022-01-25 10:58:15',NULL,NULL,0),
(452,6,1,42600,784757956852,2,38,1,NULL,NULL,1,11,'2022-01-25 10:58:16',NULL,NULL,0),
(453,6,1,42600,784757956852,3,46,1,2,NULL,1,11,'2022-01-25 10:58:17',NULL,NULL,0),
(454,6,1,42600,784757956852,3,47,1,2,NULL,1,11,'2022-01-25 10:58:18',NULL,NULL,0),
(455,6,1,42600,784757956852,3,48,1,2,NULL,1,11,'2022-01-25 10:58:18',NULL,NULL,0),
(456,6,1,42600,784757956852,3,49,1,2,NULL,1,11,'2022-01-25 10:58:19',NULL,NULL,0),
(457,6,1,42600,784757956852,3,50,1,2,NULL,1,11,'2022-01-25 10:58:21',NULL,NULL,0),
(458,6,1,42600,784757956852,3,51,1,2,NULL,1,11,'2022-01-25 10:58:22',NULL,NULL,0),
(459,6,1,42600,784757956852,3,55,1,2,NULL,1,11,'2022-01-25 10:58:23',NULL,NULL,0),
(460,6,1,42600,784757956852,3,56,1,2,NULL,1,11,'2022-01-25 10:58:23',NULL,NULL,0),
(461,6,1,42600,784757956852,3,57,1,2,NULL,1,11,'2022-01-25 10:58:24',NULL,NULL,0),
(462,6,1,42600,784757956852,3,58,1,2,NULL,1,11,'2022-01-25 10:58:25',NULL,NULL,0),
(463,6,1,42600,784757956852,3,59,1,2,NULL,1,11,'2022-01-25 10:58:26',NULL,NULL,0),
(464,6,1,42600,784757956852,3,60,1,2,NULL,1,11,'2022-01-25 10:58:27',NULL,NULL,0),
(465,6,1,42600,784757956852,3,61,1,2,NULL,1,11,'2022-01-25 10:58:31',NULL,NULL,0),
(466,6,1,42600,784757956852,3,62,1,2,NULL,1,11,'2022-01-25 10:58:33',NULL,NULL,0),
(467,6,1,42600,784757956852,3,63,1,2,NULL,1,11,'2022-01-25 10:58:34',NULL,NULL,0),
(468,6,1,42600,784757956852,3,66,1,2,NULL,1,11,'2022-01-25 10:58:35',NULL,NULL,0),
(469,6,1,42600,784757956852,3,67,1,2,NULL,1,11,'2022-01-25 10:58:35',NULL,NULL,0),
(470,6,1,42600,784757956852,4,81,1,NULL,NULL,1,11,'2022-01-25 10:58:37',NULL,NULL,0),
(471,6,1,42600,784757956852,4,82,1,NULL,NULL,1,11,'2022-01-25 10:58:37',NULL,NULL,0),
(472,6,1,42600,784757956852,4,83,1,NULL,NULL,1,11,'2022-01-25 10:58:38',NULL,NULL,0),
(473,6,1,42600,784757956852,4,84,1,NULL,NULL,1,11,'2022-01-25 10:58:40',NULL,NULL,0),
(474,6,1,42600,784757956852,4,85,1,NULL,NULL,1,11,'2022-01-25 10:58:40',NULL,NULL,0),
(475,6,1,42600,784757956852,4,95,1,NULL,NULL,1,11,'2022-01-25 10:58:43',NULL,NULL,0),
(476,12,3,42619,798765467987,1,3,1,NULL,NULL,1,10,'2022-02-02 19:58:14',NULL,NULL,0),
(477,12,3,42619,798765467987,1,4,1,NULL,NULL,1,10,'2022-02-02 19:58:14',NULL,NULL,0),
(478,12,3,42619,798765467987,1,5,1,NULL,NULL,1,10,'2022-02-02 19:58:15',NULL,NULL,0),
(479,12,3,42619,798765467987,1,6,1,NULL,NULL,1,10,'2022-02-02 19:58:15',NULL,NULL,0),
(480,12,3,42619,798765467987,1,7,1,NULL,NULL,1,10,'2022-02-02 19:58:16',NULL,NULL,0),
(481,12,3,42619,798765467987,1,8,1,NULL,NULL,1,10,'2022-02-02 19:58:18',NULL,NULL,0),
(482,12,3,42619,798765467987,1,9,1,NULL,NULL,1,10,'2022-02-02 19:58:19',NULL,NULL,0),
(483,12,3,42619,798765467987,1,79,1,NULL,NULL,1,10,'2022-02-02 19:58:19',NULL,NULL,0),
(484,12,3,42619,798765467987,1,10,1,NULL,NULL,1,10,'2022-02-02 19:58:20',NULL,NULL,0),
(485,12,3,42619,798765467987,1,11,1,NULL,NULL,1,10,'2022-02-02 19:58:21',NULL,NULL,0),
(486,12,3,42619,798765467987,1,12,1,NULL,NULL,1,10,'2022-02-02 19:58:22',NULL,NULL,0),
(487,12,3,42619,798765467987,1,13,1,NULL,NULL,1,10,'2022-02-02 19:58:23',NULL,NULL,0),
(488,12,3,42619,798765467987,2,86,1,NULL,NULL,1,10,'2022-02-02 19:58:25',NULL,NULL,0),
(489,12,3,42619,798765467987,2,87,1,NULL,NULL,1,10,'2022-02-02 19:58:25',NULL,NULL,0),
(490,12,3,42619,798765467987,2,88,1,NULL,NULL,1,10,'2022-02-02 19:58:27',NULL,NULL,0),
(491,12,3,42619,798765467987,2,89,1,NULL,NULL,1,10,'2022-02-02 19:58:27',NULL,NULL,0),
(492,12,3,42619,798765467987,2,90,1,NULL,NULL,1,10,'2022-02-02 19:58:28',NULL,NULL,0),
(493,12,3,42619,798765467987,2,91,1,NULL,NULL,1,10,'2022-02-02 19:58:28',NULL,NULL,0),
(494,12,3,42619,798765467987,2,92,1,NULL,NULL,1,10,'2022-02-02 19:58:29',NULL,NULL,0),
(495,12,3,42619,798765467987,2,93,1,NULL,NULL,1,10,'2022-02-02 19:58:30',NULL,NULL,0),
(496,12,3,42619,798765467987,2,14,1,NULL,NULL,1,10,'2022-02-02 19:58:30',NULL,NULL,0),
(497,12,3,42619,798765467987,2,15,1,NULL,NULL,1,10,'2022-02-02 19:58:32',NULL,NULL,0),
(498,12,3,42619,798765467987,2,94,1,NULL,NULL,1,10,'2022-02-02 19:58:32',NULL,NULL,0),
(499,12,3,42619,798765467987,2,16,1,NULL,NULL,1,10,'2022-02-02 19:58:33',NULL,NULL,0),
(500,12,3,42619,798765467987,2,17,1,NULL,NULL,1,10,'2022-02-02 19:58:33',NULL,NULL,0),
(501,12,3,42619,798765467987,2,18,1,NULL,NULL,1,10,'2022-02-02 19:58:34',NULL,NULL,0),
(502,12,3,42619,798765467987,2,30,1,NULL,NULL,1,10,'2022-02-02 19:58:34',NULL,NULL,0),
(503,12,3,42619,798765467987,2,31,1,NULL,NULL,1,10,'2022-02-02 19:58:37',NULL,NULL,0),
(504,12,3,42619,798765467987,2,32,1,NULL,NULL,1,10,'2022-02-02 19:58:37',NULL,NULL,0),
(505,12,3,42619,798765467987,2,35,1,NULL,NULL,1,10,'2022-02-02 19:58:39',NULL,NULL,0),
(506,12,3,42619,798765467987,2,39,1,NULL,NULL,1,10,'2022-02-02 19:58:40',NULL,NULL,0),
(507,12,3,42619,798765467987,2,36,1,NULL,NULL,1,10,'2022-02-02 19:58:41',NULL,NULL,0),
(508,12,3,42619,798765467987,3,46,1,4,NULL,1,10,'2022-02-02 19:58:43',NULL,NULL,0),
(509,12,3,42619,798765467987,3,47,1,4,NULL,1,10,'2022-02-02 19:58:45',NULL,NULL,0),
(510,12,3,42619,798765467987,3,48,1,4,NULL,1,10,'2022-02-02 19:58:46',NULL,NULL,0),
(511,12,3,42619,798765467987,3,49,1,4,NULL,1,10,'2022-02-02 19:58:47',NULL,NULL,0),
(512,12,3,42619,798765467987,3,50,1,4,NULL,1,10,'2022-02-02 19:58:48',NULL,NULL,0),
(513,12,3,42619,798765467987,3,51,1,4,NULL,1,10,'2022-02-02 19:58:49',NULL,NULL,0),
(514,12,3,42619,798765467987,3,55,1,4,NULL,1,10,'2022-02-02 19:58:50',NULL,NULL,0),
(515,12,3,42619,798765467987,3,56,1,4,NULL,1,10,'2022-02-02 19:58:50',NULL,NULL,0),
(516,12,3,42619,798765467987,3,57,1,4,NULL,1,10,'2022-02-02 19:58:51',NULL,NULL,0),
(517,12,3,42619,798765467987,3,58,1,4,NULL,1,10,'2022-02-02 19:58:52',NULL,NULL,0),
(518,12,3,42619,798765467987,3,59,1,4,NULL,1,10,'2022-02-02 19:58:53',NULL,NULL,0),
(519,12,3,42619,798765467987,3,60,1,4,NULL,1,10,'2022-02-02 19:58:54',NULL,NULL,0),
(520,12,3,42619,798765467987,3,61,1,4,NULL,1,10,'2022-02-02 19:58:55',NULL,NULL,0),
(521,12,3,42619,798765467987,3,62,1,4,NULL,1,10,'2022-02-02 19:58:56',NULL,NULL,0),
(522,12,3,42619,798765467987,3,63,1,4,NULL,1,10,'2022-02-02 19:58:57',NULL,NULL,0),
(523,12,3,42619,798765467987,3,66,1,4,NULL,1,10,'2022-02-02 19:58:58',NULL,NULL,0),
(524,12,3,42619,798765467987,3,67,1,4,NULL,1,10,'2022-02-02 19:58:59',NULL,NULL,0),
(525,12,3,42619,798765467987,4,81,1,NULL,NULL,1,10,'2022-02-02 19:59:00',NULL,NULL,0),
(526,12,3,42619,798765467987,4,82,1,NULL,NULL,1,10,'2022-02-02 19:59:01',NULL,NULL,0),
(527,12,3,42619,798765467987,4,83,1,NULL,NULL,1,10,'2022-02-02 19:59:02',NULL,NULL,0),
(528,12,3,42619,798765467987,4,84,1,NULL,NULL,1,10,'2022-02-02 19:59:02',NULL,NULL,0),
(529,12,3,42619,798765467987,4,85,1,NULL,NULL,1,10,'2022-02-02 19:59:03',NULL,NULL,0),
(530,12,3,42619,798765467987,4,95,1,NULL,NULL,1,10,'2022-02-02 19:59:05',NULL,NULL,0),
(531,12,3,42619,798765467987,1,3,1,NULL,NULL,1,11,'2022-02-02 19:58:14',NULL,NULL,0),
(532,12,3,42619,798765467987,1,4,1,NULL,NULL,1,11,'2022-02-02 19:58:14',NULL,NULL,0),
(533,12,3,42619,798765467987,1,5,1,NULL,NULL,1,11,'2022-02-02 19:58:15',NULL,NULL,0),
(534,12,3,42619,798765467987,1,6,1,NULL,NULL,1,11,'2022-02-02 19:58:15',NULL,NULL,0),
(535,12,3,42619,798765467987,1,7,1,NULL,NULL,1,11,'2022-02-02 19:58:16',NULL,NULL,0),
(536,12,3,42619,798765467987,1,8,1,NULL,NULL,1,11,'2022-02-02 19:58:18',NULL,NULL,0),
(537,12,3,42619,798765467987,1,9,1,NULL,NULL,1,11,'2022-02-02 19:58:19',NULL,NULL,0),
(538,12,3,42619,798765467987,1,79,1,NULL,NULL,1,11,'2022-02-02 19:58:19',NULL,NULL,0),
(539,12,3,42619,798765467987,1,10,1,NULL,NULL,1,11,'2022-02-02 19:58:20',NULL,NULL,0),
(540,12,3,42619,798765467987,1,11,1,NULL,NULL,1,11,'2022-02-02 19:58:21',NULL,NULL,0),
(541,12,3,42619,798765467987,1,12,1,NULL,NULL,1,11,'2022-02-02 19:58:22',NULL,NULL,0),
(542,12,3,42619,798765467987,1,13,1,NULL,NULL,1,11,'2022-02-02 19:58:23',NULL,NULL,0),
(543,12,3,42619,798765467987,2,86,1,NULL,NULL,1,11,'2022-02-02 19:58:25',NULL,NULL,0),
(544,12,3,42619,798765467987,2,87,1,NULL,NULL,1,11,'2022-02-02 19:58:25',NULL,NULL,0),
(545,12,3,42619,798765467987,2,88,1,NULL,NULL,1,11,'2022-02-02 19:58:27',NULL,NULL,0),
(546,12,3,42619,798765467987,2,89,1,NULL,NULL,1,11,'2022-02-02 19:58:27',NULL,NULL,0),
(547,12,3,42619,798765467987,2,90,1,NULL,NULL,1,11,'2022-02-02 19:58:28',NULL,NULL,0),
(548,12,3,42619,798765467987,2,91,1,NULL,NULL,1,11,'2022-02-02 19:58:28',NULL,NULL,0),
(549,12,3,42619,798765467987,2,92,1,NULL,NULL,1,11,'2022-02-02 19:58:29',NULL,NULL,0),
(550,12,3,42619,798765467987,2,93,1,NULL,NULL,1,11,'2022-02-02 19:58:30',NULL,NULL,0),
(551,12,3,42619,798765467987,2,14,1,NULL,NULL,1,11,'2022-02-02 19:58:30',NULL,NULL,0),
(552,12,3,42619,798765467987,2,15,1,NULL,NULL,1,11,'2022-02-02 19:58:32',NULL,NULL,0),
(553,12,3,42619,798765467987,2,94,1,NULL,NULL,1,11,'2022-02-02 19:58:32',NULL,NULL,0),
(554,12,3,42619,798765467987,2,16,1,NULL,NULL,1,11,'2022-02-02 19:58:33',NULL,NULL,0),
(555,12,3,42619,798765467987,2,17,1,NULL,NULL,1,11,'2022-02-02 19:58:33',NULL,NULL,0),
(556,12,3,42619,798765467987,2,18,1,NULL,NULL,1,11,'2022-02-02 19:58:34',NULL,NULL,0),
(557,12,3,42619,798765467987,2,30,1,NULL,NULL,1,11,'2022-02-02 19:58:34',NULL,NULL,0),
(558,12,3,42619,798765467987,2,31,1,NULL,NULL,1,11,'2022-02-02 19:58:37',NULL,NULL,0),
(559,12,3,42619,798765467987,2,32,1,NULL,NULL,1,11,'2022-02-02 19:58:37',NULL,NULL,0),
(560,12,3,42619,798765467987,2,35,1,NULL,NULL,1,11,'2022-02-02 19:58:39',NULL,NULL,0),
(561,12,3,42619,798765467987,2,39,1,NULL,NULL,1,11,'2022-02-02 19:58:40',NULL,NULL,0),
(562,12,3,42619,798765467987,2,36,1,NULL,NULL,1,11,'2022-02-02 19:58:41',NULL,NULL,0),
(563,12,3,42619,798765467987,3,46,1,4,NULL,1,11,'2022-02-02 19:58:43',NULL,NULL,0),
(564,12,3,42619,798765467987,3,47,1,4,NULL,1,11,'2022-02-02 19:58:45',NULL,NULL,0),
(565,12,3,42619,798765467987,3,48,1,4,NULL,1,11,'2022-02-02 19:58:46',NULL,NULL,0),
(566,12,3,42619,798765467987,3,49,1,4,NULL,1,11,'2022-02-02 19:58:47',NULL,NULL,0),
(567,12,3,42619,798765467987,3,50,1,4,NULL,1,11,'2022-02-02 19:58:48',NULL,NULL,0),
(568,12,3,42619,798765467987,3,51,1,4,NULL,1,11,'2022-02-02 19:58:49',NULL,NULL,0),
(569,12,3,42619,798765467987,3,55,1,4,NULL,1,11,'2022-02-02 19:58:50',NULL,NULL,0),
(570,12,3,42619,798765467987,3,56,1,4,NULL,1,11,'2022-02-02 19:58:50',NULL,NULL,0),
(571,12,3,42619,798765467987,3,57,1,4,NULL,1,11,'2022-02-02 19:58:51',NULL,NULL,0),
(572,12,3,42619,798765467987,3,58,1,4,NULL,1,11,'2022-02-02 19:58:52',NULL,NULL,0),
(573,12,3,42619,798765467987,3,59,1,4,NULL,1,11,'2022-02-02 19:58:53',NULL,NULL,0),
(574,12,3,42619,798765467987,3,60,1,4,NULL,1,11,'2022-02-02 19:58:54',NULL,NULL,0),
(575,12,3,42619,798765467987,3,61,1,4,NULL,1,11,'2022-02-02 19:58:55',NULL,NULL,0),
(576,12,3,42619,798765467987,3,62,1,4,NULL,1,11,'2022-02-02 19:58:56',NULL,NULL,0),
(577,12,3,42619,798765467987,3,63,1,4,NULL,1,11,'2022-02-02 19:58:57',NULL,NULL,0),
(578,12,3,42619,798765467987,3,66,1,4,NULL,1,11,'2022-02-02 19:58:58',NULL,NULL,0),
(579,12,3,42619,798765467987,3,67,1,4,NULL,1,11,'2022-02-02 19:58:59',NULL,NULL,0),
(580,12,3,42619,798765467987,4,81,1,NULL,NULL,1,11,'2022-02-02 19:59:00',NULL,NULL,0),
(581,12,3,42619,798765467987,4,82,1,NULL,NULL,1,11,'2022-02-02 19:59:01',NULL,NULL,0),
(582,12,3,42619,798765467987,4,83,1,NULL,NULL,1,11,'2022-02-02 19:59:02',NULL,NULL,0),
(583,12,3,42619,798765467987,4,84,1,NULL,NULL,1,11,'2022-02-02 19:59:02',NULL,NULL,0),
(584,12,3,42619,798765467987,4,85,1,NULL,NULL,1,11,'2022-02-02 19:59:03',NULL,NULL,0),
(585,12,3,42619,798765467987,4,95,1,NULL,NULL,1,11,'2022-02-02 19:59:05',NULL,NULL,0),
(586,12,3,42619,798765467987,1,3,1,NULL,NULL,1,15,'2022-02-02 19:58:14',NULL,NULL,0),
(587,12,3,42619,798765467987,1,4,1,NULL,NULL,1,15,'2022-02-02 19:58:14',NULL,NULL,0),
(588,12,3,42619,798765467987,1,5,1,NULL,NULL,1,15,'2022-02-02 19:58:15',NULL,NULL,0),
(589,12,3,42619,798765467987,1,6,1,NULL,NULL,1,15,'2022-02-02 19:58:15',NULL,NULL,0),
(590,12,3,42619,798765467987,1,7,1,NULL,NULL,1,15,'2022-02-02 19:58:16',NULL,NULL,0),
(591,12,3,42619,798765467987,1,8,1,NULL,NULL,1,15,'2022-02-02 19:58:18',NULL,NULL,0),
(592,12,3,42619,798765467987,1,9,1,NULL,NULL,1,15,'2022-02-02 19:58:19',NULL,NULL,0),
(593,12,3,42619,798765467987,1,79,1,NULL,NULL,1,15,'2022-02-02 19:58:19',NULL,NULL,0),
(594,12,3,42619,798765467987,1,10,1,NULL,NULL,1,15,'2022-02-02 19:58:20',NULL,NULL,0),
(595,12,3,42619,798765467987,1,11,1,NULL,NULL,1,15,'2022-02-02 19:58:21',NULL,NULL,0),
(596,12,3,42619,798765467987,1,12,1,NULL,NULL,1,15,'2022-02-02 19:58:22',NULL,NULL,0),
(597,12,3,42619,798765467987,1,13,1,NULL,NULL,1,15,'2022-02-02 19:58:23',NULL,NULL,0),
(598,12,3,42619,798765467987,2,86,1,NULL,NULL,1,15,'2022-02-02 19:58:25',NULL,NULL,0),
(599,12,3,42619,798765467987,2,87,1,NULL,NULL,1,15,'2022-02-02 19:58:25',NULL,NULL,0),
(600,12,3,42619,798765467987,2,88,1,NULL,NULL,1,15,'2022-02-02 19:58:27',NULL,NULL,0),
(601,12,3,42619,798765467987,2,89,1,NULL,NULL,1,15,'2022-02-02 19:58:27',NULL,NULL,0),
(602,12,3,42619,798765467987,2,90,1,NULL,NULL,1,15,'2022-02-02 19:58:28',NULL,NULL,0),
(603,12,3,42619,798765467987,2,91,1,NULL,NULL,1,15,'2022-02-02 19:58:28',NULL,NULL,0),
(604,12,3,42619,798765467987,2,92,1,NULL,NULL,1,15,'2022-02-02 19:58:29',NULL,NULL,0),
(605,12,3,42619,798765467987,2,93,1,NULL,NULL,1,15,'2022-02-02 19:58:30',NULL,NULL,0),
(606,12,3,42619,798765467987,2,14,1,NULL,NULL,1,15,'2022-02-02 19:58:30',NULL,NULL,0),
(607,12,3,42619,798765467987,2,15,1,NULL,NULL,1,15,'2022-02-02 19:58:32',NULL,NULL,0),
(608,12,3,42619,798765467987,2,94,1,NULL,NULL,1,15,'2022-02-02 19:58:32',NULL,NULL,0),
(609,12,3,42619,798765467987,2,16,1,NULL,NULL,1,15,'2022-02-02 19:58:33',NULL,NULL,0),
(610,12,3,42619,798765467987,2,17,1,NULL,NULL,1,15,'2022-02-02 19:58:33',NULL,NULL,0),
(611,12,3,42619,798765467987,2,18,1,NULL,NULL,1,15,'2022-02-02 19:58:34',NULL,NULL,0),
(612,12,3,42619,798765467987,2,30,1,NULL,NULL,1,15,'2022-02-02 19:58:34',NULL,NULL,0),
(613,12,3,42619,798765467987,2,31,1,NULL,NULL,1,15,'2022-02-02 19:58:37',NULL,NULL,0),
(614,12,3,42619,798765467987,2,32,1,NULL,NULL,1,15,'2022-02-02 19:58:37',NULL,NULL,0),
(615,12,3,42619,798765467987,2,35,1,NULL,NULL,1,15,'2022-02-02 19:58:39',NULL,NULL,0),
(616,12,3,42619,798765467987,2,39,1,NULL,NULL,1,15,'2022-02-02 19:58:40',NULL,NULL,0),
(617,12,3,42619,798765467987,2,36,1,NULL,NULL,1,15,'2022-02-02 19:58:41',NULL,NULL,0),
(618,12,3,42619,798765467987,3,46,1,4,NULL,1,15,'2022-02-02 19:58:43',NULL,NULL,0),
(619,12,3,42619,798765467987,3,47,1,4,NULL,1,15,'2022-02-02 19:58:45',NULL,NULL,0),
(620,12,3,42619,798765467987,3,48,1,4,NULL,1,15,'2022-02-02 19:58:46',NULL,NULL,0),
(621,12,3,42619,798765467987,3,49,1,4,NULL,1,15,'2022-02-02 19:58:47',NULL,NULL,0),
(622,12,3,42619,798765467987,3,50,1,4,NULL,1,15,'2022-02-02 19:58:48',NULL,NULL,0),
(623,12,3,42619,798765467987,3,51,1,4,NULL,1,15,'2022-02-02 19:58:49',NULL,NULL,0),
(624,12,3,42619,798765467987,3,55,1,4,NULL,1,15,'2022-02-02 19:58:50',NULL,NULL,0),
(625,12,3,42619,798765467987,3,56,1,4,NULL,1,15,'2022-02-02 19:58:50',NULL,NULL,0),
(626,12,3,42619,798765467987,3,57,1,4,NULL,1,15,'2022-02-02 19:58:51',NULL,NULL,0),
(627,12,3,42619,798765467987,3,58,1,4,NULL,1,15,'2022-02-02 19:58:52',NULL,NULL,0),
(628,12,3,42619,798765467987,3,59,1,4,NULL,1,15,'2022-02-02 19:58:53',NULL,NULL,0),
(629,12,3,42619,798765467987,3,60,1,4,NULL,1,15,'2022-02-02 19:58:54',NULL,NULL,0),
(630,12,3,42619,798765467987,3,61,1,4,NULL,1,15,'2022-02-02 19:58:55',NULL,NULL,0),
(631,12,3,42619,798765467987,3,62,1,4,NULL,1,15,'2022-02-02 19:58:56',NULL,NULL,0),
(632,12,3,42619,798765467987,3,63,1,4,NULL,1,15,'2022-02-02 19:58:57',NULL,NULL,0),
(633,12,3,42619,798765467987,3,66,1,4,NULL,1,15,'2022-02-02 19:58:58',NULL,NULL,0),
(634,12,3,42619,798765467987,3,67,1,4,NULL,1,15,'2022-02-02 19:58:59',NULL,NULL,0),
(635,12,3,42619,798765467987,4,81,1,NULL,NULL,1,15,'2022-02-02 19:59:00',NULL,NULL,0),
(636,12,3,42619,798765467987,4,82,1,NULL,NULL,1,15,'2022-02-02 19:59:01',NULL,NULL,0),
(637,12,3,42619,798765467987,4,83,1,NULL,NULL,1,15,'2022-02-02 19:59:02',NULL,NULL,0),
(638,12,3,42619,798765467987,4,84,1,NULL,NULL,1,15,'2022-02-02 19:59:02',NULL,NULL,0),
(639,12,3,42619,798765467987,4,85,1,NULL,NULL,1,15,'2022-02-02 19:59:03',NULL,NULL,0),
(640,12,3,42619,798765467987,4,95,1,NULL,NULL,1,15,'2022-02-02 19:59:05',NULL,NULL,0),
(641,12,3,42619,798765467987,1,3,1,NULL,NULL,1,19,'2022-02-02 19:58:14',NULL,NULL,0),
(642,12,3,42619,798765467987,1,4,1,NULL,NULL,1,19,'2022-02-02 19:58:14',NULL,NULL,0),
(643,12,3,42619,798765467987,1,5,1,NULL,NULL,1,19,'2022-02-02 19:58:15',NULL,NULL,0),
(644,12,3,42619,798765467987,1,6,1,NULL,NULL,1,19,'2022-02-02 19:58:15',NULL,NULL,0),
(645,12,3,42619,798765467987,1,7,1,NULL,NULL,1,19,'2022-02-02 19:58:16',NULL,NULL,0),
(646,12,3,42619,798765467987,1,8,1,NULL,NULL,1,19,'2022-02-02 19:58:18',NULL,NULL,0),
(647,12,3,42619,798765467987,1,9,1,NULL,NULL,1,19,'2022-02-02 19:58:19',NULL,NULL,0),
(648,12,3,42619,798765467987,1,79,1,NULL,NULL,1,19,'2022-02-02 19:58:19',NULL,NULL,0),
(649,12,3,42619,798765467987,1,10,1,NULL,NULL,1,19,'2022-02-02 19:58:20',NULL,NULL,0),
(650,12,3,42619,798765467987,1,11,1,NULL,NULL,1,19,'2022-02-02 19:58:21',NULL,NULL,0),
(651,12,3,42619,798765467987,1,12,1,NULL,NULL,1,19,'2022-02-02 19:58:22',NULL,NULL,0),
(652,12,3,42619,798765467987,1,13,1,NULL,NULL,1,19,'2022-02-02 19:58:23',NULL,NULL,0),
(653,12,3,42619,798765467987,2,86,1,NULL,NULL,1,19,'2022-02-02 19:58:25',NULL,NULL,0),
(654,12,3,42619,798765467987,2,87,1,NULL,NULL,1,19,'2022-02-02 19:58:25',NULL,NULL,0),
(655,12,3,42619,798765467987,2,88,1,NULL,NULL,1,19,'2022-02-02 19:58:27',NULL,NULL,0),
(656,12,3,42619,798765467987,2,89,1,NULL,NULL,1,19,'2022-02-02 19:58:27',NULL,NULL,0),
(657,12,3,42619,798765467987,2,90,1,NULL,NULL,1,19,'2022-02-02 19:58:28',NULL,NULL,0),
(658,12,3,42619,798765467987,2,91,1,NULL,NULL,1,19,'2022-02-02 19:58:28',NULL,NULL,0),
(659,12,3,42619,798765467987,2,92,1,NULL,NULL,1,19,'2022-02-02 19:58:29',NULL,NULL,0),
(660,12,3,42619,798765467987,2,93,1,NULL,NULL,1,19,'2022-02-02 19:58:30',NULL,NULL,0),
(661,12,3,42619,798765467987,2,14,1,NULL,NULL,1,19,'2022-02-02 19:58:30',NULL,NULL,0),
(662,12,3,42619,798765467987,2,15,1,NULL,NULL,1,19,'2022-02-02 19:58:32',NULL,NULL,0),
(663,12,3,42619,798765467987,2,94,1,NULL,NULL,1,19,'2022-02-02 19:58:32',NULL,NULL,0),
(664,12,3,42619,798765467987,2,16,1,NULL,NULL,1,19,'2022-02-02 19:58:33',NULL,NULL,0),
(665,12,3,42619,798765467987,2,17,1,NULL,NULL,1,19,'2022-02-02 19:58:33',NULL,NULL,0),
(666,12,3,42619,798765467987,2,18,1,NULL,NULL,1,19,'2022-02-02 19:58:34',NULL,NULL,0),
(667,12,3,42619,798765467987,2,30,1,NULL,NULL,1,19,'2022-02-02 19:58:34',NULL,NULL,0),
(668,12,3,42619,798765467987,2,31,1,NULL,NULL,1,19,'2022-02-02 19:58:37',NULL,NULL,0),
(669,12,3,42619,798765467987,2,32,1,NULL,NULL,1,19,'2022-02-02 19:58:37',NULL,NULL,0),
(670,12,3,42619,798765467987,2,35,1,NULL,NULL,1,19,'2022-02-02 19:58:39',NULL,NULL,0),
(671,12,3,42619,798765467987,2,39,1,NULL,NULL,1,19,'2022-02-02 19:58:40',NULL,NULL,0),
(672,12,3,42619,798765467987,2,36,1,NULL,NULL,1,19,'2022-02-02 19:58:41',NULL,NULL,0),
(673,12,3,42619,798765467987,3,46,1,4,NULL,1,19,'2022-02-02 19:58:43',NULL,NULL,0),
(674,12,3,42619,798765467987,3,47,1,4,NULL,1,19,'2022-02-02 19:58:45',NULL,NULL,0),
(675,12,3,42619,798765467987,3,48,1,4,NULL,1,19,'2022-02-02 19:58:46',NULL,NULL,0),
(676,12,3,42619,798765467987,3,49,1,4,NULL,1,19,'2022-02-02 19:58:47',NULL,NULL,0),
(677,12,3,42619,798765467987,3,50,1,4,NULL,1,19,'2022-02-02 19:58:48',NULL,NULL,0),
(678,12,3,42619,798765467987,3,51,1,4,NULL,1,19,'2022-02-02 19:58:49',NULL,NULL,0),
(679,12,3,42619,798765467987,3,55,1,4,NULL,1,19,'2022-02-02 19:58:50',NULL,NULL,0),
(680,12,3,42619,798765467987,3,56,1,4,NULL,1,19,'2022-02-02 19:58:50',NULL,NULL,0),
(681,12,3,42619,798765467987,3,57,1,4,NULL,1,19,'2022-02-02 19:58:51',NULL,NULL,0),
(682,12,3,42619,798765467987,3,58,1,4,NULL,1,19,'2022-02-02 19:58:52',NULL,NULL,0),
(683,12,3,42619,798765467987,3,59,1,4,NULL,1,19,'2022-02-02 19:58:53',NULL,NULL,0),
(684,12,3,42619,798765467987,3,60,1,4,NULL,1,19,'2022-02-02 19:58:54',NULL,NULL,0),
(685,12,3,42619,798765467987,3,61,1,4,NULL,1,19,'2022-02-02 19:58:55',NULL,NULL,0),
(686,12,3,42619,798765467987,3,62,1,4,NULL,1,19,'2022-02-02 19:58:56',NULL,NULL,0),
(687,12,3,42619,798765467987,3,63,1,4,NULL,1,19,'2022-02-02 19:58:57',NULL,NULL,0),
(688,12,3,42619,798765467987,3,66,1,4,NULL,1,19,'2022-02-02 19:58:58',NULL,NULL,0),
(689,12,3,42619,798765467987,3,67,1,4,NULL,1,19,'2022-02-02 19:58:59',NULL,NULL,0),
(690,12,3,42619,798765467987,4,81,1,NULL,NULL,1,19,'2022-02-02 19:59:00',NULL,NULL,0),
(691,12,3,42619,798765467987,4,82,1,NULL,NULL,1,19,'2022-02-02 19:59:01',NULL,NULL,0),
(692,12,3,42619,798765467987,4,83,1,NULL,NULL,1,19,'2022-02-02 19:59:02',NULL,NULL,0),
(693,12,3,42619,798765467987,4,84,1,NULL,NULL,1,19,'2022-02-02 19:59:02',NULL,NULL,0),
(694,12,3,42619,798765467987,4,85,1,NULL,NULL,1,19,'2022-02-02 19:59:03',NULL,NULL,0),
(695,12,3,42619,798765467987,4,95,1,NULL,NULL,1,19,'2022-02-02 19:59:05',NULL,NULL,0);

/*Table structure for table `optcl_nominee_calculation_history` */

DROP TABLE IF EXISTS `optcl_nominee_calculation_history`;

CREATE TABLE `optcl_nominee_calculation_history` (
  `id` int(11) NOT NULL AUTO_INCREMENT,
  `application_id` int(11) DEFAULT NULL,
  `pension_tranasction_id` int(11) DEFAULT NULL,
  `calculted_value` float(18,2) DEFAULT NULL,
  `rounded_calculated_value` float(18,2) DEFAULT NULL,
  `status` tinyint(1) DEFAULT 1,
  `created_by` int(11) DEFAULT NULL,
  `created_at` datetime DEFAULT NULL,
  `modified_by` int(11) DEFAULT NULL,
  `modified_at` datetime DEFAULT NULL,
  `deleted` tinyint(1) DEFAULT 0,
  PRIMARY KEY (`id`)
) ENGINE=InnoDB AUTO_INCREMENT=7 DEFAULT CHARSET=utf8mb4;

/*Data for the table `optcl_nominee_calculation_history` */

insert  into `optcl_nominee_calculation_history`(`id`,`application_id`,`pension_tranasction_id`,`calculted_value`,`rounded_calculated_value`,`status`,`created_by`,`created_at`,`modified_by`,`modified_at`,`deleted`) values 
(1,12,1,20700.00,20700.00,1,15,'2022-02-03 16:48:17',NULL,NULL,0),
(2,12,2,9315.00,9315.00,1,15,'2022-02-03 16:48:23',NULL,NULL,0),
(3,12,3,970026.81,970027.00,1,15,'2022-02-03 16:48:27',NULL,NULL,0),
(4,12,4,11385.00,11385.00,1,15,'2022-02-03 16:48:32',NULL,NULL,0),
(5,12,5,13500.00,13500.00,1,15,'2022-02-03 16:48:37',NULL,NULL,0),
(6,12,6,512999.00,512999.00,1,15,'2022-02-03 16:48:43',NULL,NULL,0);

/*Table structure for table `optcl_nominee_calculation_transaction` */

DROP TABLE IF EXISTS `optcl_nominee_calculation_transaction`;

CREATE TABLE `optcl_nominee_calculation_transaction` (
  `id` int(11) NOT NULL AUTO_INCREMENT,
  `application_id` int(11) DEFAULT NULL,
  `nominee_master_id` int(11) DEFAULT NULL,
  `rule_id` int(11) DEFAULT NULL,
  `calculation_type_id` int(11) DEFAULT NULL,
  `calculation_value` float(18,2) DEFAULT NULL,
  `rounded_calculation_value` float(18,2) DEFAULT NULL,
  `is_latest` tinyint(1) NOT NULL DEFAULT 1,
  `status` tinyint(1) DEFAULT 1,
  `created_by` int(11) DEFAULT NULL,
  `created_at` datetime DEFAULT NULL,
  `modified_by` int(11) DEFAULT NULL,
  `modified_at` datetime DEFAULT NULL,
  `deleted` tinyint(1) DEFAULT 0,
  PRIMARY KEY (`id`)
) ENGINE=InnoDB AUTO_INCREMENT=7 DEFAULT CHARSET=utf8mb4;

/*Data for the table `optcl_nominee_calculation_transaction` */

insert  into `optcl_nominee_calculation_transaction`(`id`,`application_id`,`nominee_master_id`,`rule_id`,`calculation_type_id`,`calculation_value`,`rounded_calculation_value`,`is_latest`,`status`,`created_by`,`created_at`,`modified_by`,`modified_at`,`deleted`) values 
(1,12,3,1,1,20700.00,20700.00,1,1,15,'2022-02-03 16:48:17',NULL,NULL,0),
(2,12,3,3,6,9315.00,9315.00,1,1,15,'2022-02-03 16:48:23',NULL,NULL,0),
(3,12,3,2,2,970026.81,970027.00,1,1,15,'2022-02-03 16:48:27',NULL,NULL,0),
(4,12,3,4,7,11385.00,11385.00,1,1,15,'2022-02-03 16:48:32',NULL,NULL,0),
(5,12,3,5,3,13500.00,13500.00,1,1,15,'2022-02-03 16:48:37',NULL,NULL,0),
(6,12,3,7,4,512999.00,512999.00,1,1,15,'2022-02-03 16:48:43',NULL,NULL,0);

/*Table structure for table `optcl_nominee_calculation_transaction_details` */

DROP TABLE IF EXISTS `optcl_nominee_calculation_transaction_details`;

CREATE TABLE `optcl_nominee_calculation_transaction_details` (
  `id` int(11) NOT NULL AUTO_INCREMENT,
  `pension_calculation_transaction_id` int(11) DEFAULT NULL,
  `calculation_id` int(11) DEFAULT NULL,
  `calculation_value` float DEFAULT NULL,
  `is_latest` tinyint(1) DEFAULT NULL,
  `status` tinyint(1) DEFAULT NULL,
  `created_by` int(11) DEFAULT NULL,
  `created_at` datetime DEFAULT NULL,
  `modified_by` int(11) DEFAULT NULL,
  `modified_at` datetime DEFAULT NULL,
  `deleted` tinyint(1) DEFAULT NULL,
  PRIMARY KEY (`id`)
) ENGINE=InnoDB DEFAULT CHARSET=utf8mb4;

/*Data for the table `optcl_nominee_calculation_transaction_details` */

/*Table structure for table `optcl_nominee_employee_document_details` */

DROP TABLE IF EXISTS `optcl_nominee_employee_document_details`;

CREATE TABLE `optcl_nominee_employee_document_details` (
  `id` int(11) NOT NULL AUTO_INCREMENT,
  `nominee_master_id` int(11) DEFAULT NULL,
  `nominee_id` int(11) DEFAULT NULL,
  `attested_copy_death_certificate` varchar(255) DEFAULT NULL,
  `identification_document_applicatnt` varchar(255) DEFAULT NULL,
  `undertaking_for_recovery` varchar(255) DEFAULT NULL,
  `attested_copy_pension_payment_order` varchar(255) DEFAULT NULL,
  `power_of_attorney` varchar(255) DEFAULT NULL,
  `attested_copy_legal_heir_certificate` varchar(255) DEFAULT NULL,
  `created_by` int(11) DEFAULT NULL,
  `created_at` datetime DEFAULT NULL,
  `modified_by` int(11) DEFAULT NULL,
  `modified_at` datetime DEFAULT NULL,
  `status` tinyint(1) DEFAULT 1,
  `deleted` tinyint(1) DEFAULT 0,
  PRIMARY KEY (`id`),
  KEY `employee_id` (`nominee_master_id`)
) ENGINE=InnoDB AUTO_INCREMENT=4 DEFAULT CHARSET=utf8mb4;

/*Data for the table `optcl_nominee_employee_document_details` */

insert  into `optcl_nominee_employee_document_details`(`id`,`nominee_master_id`,`nominee_id`,`attested_copy_death_certificate`,`identification_document_applicatnt`,`undertaking_for_recovery`,`attested_copy_pension_payment_order`,`power_of_attorney`,`attested_copy_legal_heir_certificate`,`created_by`,`created_at`,`modified_by`,`modified_at`,`status`,`deleted`) values 
(1,1,NULL,'uploads/documents/nominee/1642660631-1504311439.jpg','uploads/documents/nominee/1642660637-1728926082.jpg','uploads/documents/nominee/1642660643-1877064191.jpg','uploads/documents/nominee/1642660649-1914342161.jpg','uploads/documents/nominee/1642660655-193456897.jpg','uploads/documents/nominee/1642660661-136212148.jpg',65,'2022-01-25 10:53:39',65,'2022-01-25 10:53:39',1,0),
(2,2,NULL,'uploads/documents/nominee/1643116220-1173883695.jpg','uploads/documents/nominee/1643116225-1891593056.jpg','uploads/documents/nominee/1643116233-1516525626.jpg','uploads/documents/nominee/1643116241-1612429588.jpg','uploads/documents/nominee/1643116249-1823031586.jpg','uploads/documents/nominee/1643116256-1777268020.jpg',66,'2022-01-25 18:41:00',66,'2022-01-25 18:41:00',1,0),
(3,3,NULL,'uploads/documents/nominee/1643811999-1858842102.jpg','uploads/documents/nominee/1643812004-1981299374.jpg','uploads/documents/nominee/1643812010-1748619075.jpg','uploads/documents/nominee/1643812016-1817463852.jpg','uploads/documents/nominee/1643812021-1225988420.jpg','uploads/documents/nominee/1643812027-1290253760.jpg',67,'2022-02-02 19:57:10',67,'2022-02-02 19:57:10',1,0);

/*Table structure for table `optcl_nominee_family_pensioner_form` */

DROP TABLE IF EXISTS `optcl_nominee_family_pensioner_form`;

CREATE TABLE `optcl_nominee_family_pensioner_form` (
  `id` int(11) NOT NULL AUTO_INCREMENT,
  `nominee_master_id` int(11) DEFAULT NULL,
  `nominee_id` int(11) DEFAULT NULL,
  `employee_code` int(11) DEFAULT NULL,
  `full_name` varchar(80) DEFAULT NULL,
  `ppo_no` varchar(50) DEFAULT NULL,
  `dod` date DEFAULT NULL,
  `death_certificate` varchar(255) DEFAULT NULL,
  `applicant_name` varchar(80) DEFAULT NULL,
  `relationship_id` int(11) DEFAULT NULL,
  `is_employment_status` tinyint(1) DEFAULT NULL COMMENT '1 for Yes, 0 for No',
  `particular_of_employment` varchar(80) DEFAULT NULL COMMENT 'column data to be filled, if employment status value is 1',
  `is_pension_status` tinyint(1) DEFAULT NULL COMMENT '1 for Yes, 0 for No',
  `particular_of_pension` varchar(80) DEFAULT NULL COMMENT 'column data to be filled, if pension status value is 1',
  `postal_addr_at` tinytext DEFAULT NULL,
  `postal_addr_post` tinytext DEFAULT NULL,
  `postal_addr_pincode` varchar(6) DEFAULT NULL,
  `postal_addr_country_id` int(11) DEFAULT NULL,
  `postal_addr_state_id` int(11) DEFAULT NULL,
  `postal_addr_district_id` int(11) DEFAULT NULL,
  `saving_bank_ac_no` bigint(18) DEFAULT NULL,
  `bank_id` int(11) DEFAULT NULL,
  `bank_branch_id` int(11) DEFAULT NULL,
  `basic_pay_of_pensioner_time_of_retirement` double(10,2) DEFAULT NULL,
  `pension_unit_id` int(11) DEFAULT NULL,
  `is_civil_service_amount_received` tinyint(1) DEFAULT NULL COMMENT '1 for Yes, 0 for No',
  `civil_service_name` varchar(80) DEFAULT NULL COMMENT 'column data to be filled, if civil service amount received set to 1',
  `pension_gratuity_received_amount` float(18,2) DEFAULT NULL COMMENT 'column data to be filled, if civil service amount received set to 1',
  `is_family_pension_received_by_family_members` tinyint(1) DEFAULT NULL COMMENT '1 for Yes, 0 for No',
  `admissible_form_any_other_source_to_the_retired_employee` varchar(80) DEFAULT NULL COMMENT 'column data to be filled, if family pension received set to 1',
  `family_member_relation_id` int(11) DEFAULT NULL COMMENT 'column data to be filled, if family pension received set to 1',
  `family_member_name` varchar(80) DEFAULT NULL COMMENT 'column data to be filled, if family pension received set to 1',
  `status` tinyint(1) DEFAULT 1,
  `created_by` int(11) DEFAULT NULL,
  `created_at` datetime DEFAULT NULL,
  `modified_by` int(11) DEFAULT NULL,
  `modified_at` datetime DEFAULT NULL,
  `deleted` tinyint(1) DEFAULT 0,
  PRIMARY KEY (`id`)
) ENGINE=InnoDB AUTO_INCREMENT=4 DEFAULT CHARSET=utf8mb4;

/*Data for the table `optcl_nominee_family_pensioner_form` */

insert  into `optcl_nominee_family_pensioner_form`(`id`,`nominee_master_id`,`nominee_id`,`employee_code`,`full_name`,`ppo_no`,`dod`,`death_certificate`,`applicant_name`,`relationship_id`,`is_employment_status`,`particular_of_employment`,`is_pension_status`,`particular_of_pension`,`postal_addr_at`,`postal_addr_post`,`postal_addr_pincode`,`postal_addr_country_id`,`postal_addr_state_id`,`postal_addr_district_id`,`saving_bank_ac_no`,`bank_id`,`bank_branch_id`,`basic_pay_of_pensioner_time_of_retirement`,`pension_unit_id`,`is_civil_service_amount_received`,`civil_service_name`,`pension_gratuity_received_amount`,`is_family_pension_received_by_family_members`,`admissible_form_any_other_source_to_the_retired_employee`,`family_member_relation_id`,`family_member_name`,`status`,`created_by`,`created_at`,`modified_by`,`modified_at`,`deleted`) values 
(1,1,NULL,42600,'JAYANTA KUMAR SENAPATI','NA','2022-01-29','uploads/pensioner_death_certificate/1642578347-1598981065.png','Gopal mohanty',4,0,'sdfsfsdfsdf',0,NULL,'aaaa','aaaaaaa','444444',1,27,1,74125896301,1,399,NULL,1,1,'fsfsdf',45000.00,1,'test value',2,'Samita Sethi',1,65,'2022-01-25 10:53:29',62,'2022-01-19 15:54:46',0),
(2,2,NULL,42611,'JAYANTA KUMAR SENAPATI 3','NA','2022-01-19','uploads/pensioner_death_certificate/1643116106-1598447306.png','Gopala Behera',2,0,NULL,0,NULL,'aaaaaaa','aaaaa','222222',1,27,1,5454545454,1,399,NULL,1,0,NULL,NULL,0,NULL,NULL,NULL,1,66,'2022-01-25 18:38:39',NULL,NULL,0),
(3,3,NULL,42619,'JAYANTA KUMAR SENAPATI','3410/02/2022','2021-12-01','uploads/pensioner_death_certificate/1643811894-1334188990.png','Nominee Name',2,0,NULL,0,NULL,'sdfsdfsf','dfsdfsdf','345345',1,27,1,345345354545,1,399,NULL,1,0,NULL,NULL,0,NULL,NULL,NULL,1,67,'2022-02-02 19:54:54',NULL,NULL,0);

/*Table structure for table `optcl_nominee_form_field_master` */

DROP TABLE IF EXISTS `optcl_nominee_form_field_master`;

CREATE TABLE `optcl_nominee_form_field_master` (
  `id` int(11) NOT NULL AUTO_INCREMENT,
  `form_id` int(11) DEFAULT NULL,
  `field_name` text DEFAULT NULL,
  `status` tinyint(1) DEFAULT NULL,
  `created_by` int(11) DEFAULT NULL,
  `created_at` datetime DEFAULT NULL,
  `modified_by` int(11) DEFAULT NULL,
  `modified_at` datetime DEFAULT NULL,
  `deleted` tinyint(1) DEFAULT NULL,
  PRIMARY KEY (`id`),
  KEY `form_id` (`form_id`),
  CONSTRAINT `optcl_nominee_form_field_master_ibfk_1` FOREIGN KEY (`form_id`) REFERENCES `optcl_pension_form_master` (`id`)
) ENGINE=InnoDB AUTO_INCREMENT=96 DEFAULT CHARSET=utf8;

/*Data for the table `optcl_nominee_form_field_master` */

insert  into `optcl_nominee_form_field_master`(`id`,`form_id`,`field_name`,`status`,`created_by`,`created_at`,`modified_by`,`modified_at`,`deleted`) values 
(1,1,'Employee No/Code',1,1,'2021-10-01 14:22:59',NULL,NULL,0),
(2,1,'Aadhaar No',1,1,'2021-10-01 14:22:59',NULL,NULL,0),
(3,1,'Name (In Block Letter)',1,1,'2021-10-01 14:22:59',NULL,NULL,0),
(4,1,'Designation',1,1,'2021-10-01 14:22:59',NULL,NULL,0),
(5,1,'Father\'s Name',1,1,'2021-10-01 14:22:59',NULL,NULL,0),
(6,1,'Gender',1,1,'2021-10-01 14:22:59',NULL,NULL,0),
(7,1,'Marital Status',1,1,'2021-10-01 14:22:59',NULL,NULL,0),
(8,1,'Religion',1,1,'2021-10-01 14:22:59',NULL,NULL,0),
(9,1,'PF A/C Type',1,1,'2021-10-01 14:22:59',NULL,NULL,0),
(10,1,'Name of the Office / Dept. last Served',1,1,'2021-10-01 14:22:59',NULL,NULL,0),
(11,1,'Date of Birth',1,1,'2021-10-01 14:22:59',NULL,NULL,0),
(12,1,'Date of Joining in Service',1,1,'2021-10-01 14:22:59',NULL,NULL,0),
(13,1,'Date of Retirement',1,1,'2021-10-01 14:22:59',NULL,NULL,0),
(14,2,'Postal Address At',1,1,'2021-10-01 14:22:59',NULL,NULL,0),
(15,2,'Post',1,1,'2021-10-01 14:22:59',NULL,NULL,0),
(16,2,'Country',1,1,'2021-10-01 14:22:59',NULL,NULL,0),
(17,2,'State',1,1,'2021-10-01 14:22:59',NULL,NULL,0),
(18,2,'District',1,1,'2021-10-01 14:22:59',NULL,NULL,0),
(30,2,'Savings Bank A/C No.(Single or Joint Account with Spouse)',1,1,'2021-10-01 14:22:59',NULL,NULL,0),
(31,2,'Name of the Bank',1,1,'2021-10-01 14:22:59',NULL,NULL,0),
(32,2,'Name Address of the Branch',1,1,'2021-10-01 14:22:59',NULL,NULL,0),
(33,2,'IFSC Code',1,1,'2021-10-01 14:22:59',NULL,NULL,0),
(35,2,'Name of the Unit (where life certificate & income tax declaration to be submitted)',1,1,'2021-10-01 14:22:59',NULL,NULL,0),
(36,2,'Particulars of previous civil service if any and amount and nature of any pension or gratuity received',1,1,'2021-10-01 14:22:59',NULL,NULL,0),
(37,2,'Particulars of previous civil service',1,1,'2021-10-01 14:22:59',NULL,NULL,0),
(38,2,'Amount and nature of any pension or gratuity received',1,1,'2021-10-01 14:22:59',NULL,NULL,0),
(39,2,'Particulars of family pension if any Received / admissible from any other source to the retired employee and any members of his family',1,1,'2021-10-01 14:22:59',NULL,NULL,0),
(40,2,'Admissible form any other source to the retired employee',1,1,'2021-10-01 14:22:59',NULL,NULL,0),
(41,2,'Members of his family',1,1,'2021-10-01 14:22:59',NULL,NULL,0),
(42,2,'Name of member',1,1,'2021-10-01 14:22:59',NULL,NULL,0),
(46,3,'Full Name of the Family Member',1,1,'2021-10-01 14:22:59',NULL,NULL,0),
(47,3,'Mobile No',1,1,'2021-10-01 14:22:59',NULL,NULL,0),
(48,3,'Date of Birth',1,1,'2021-10-01 14:22:59',NULL,NULL,0),
(49,3,'Proof of Date of Birth',1,1,'2021-10-01 14:22:59',NULL,NULL,0),
(50,3,'Gender',1,1,'2021-10-01 14:22:59',NULL,NULL,0),
(51,3,'Relation with Pensioner',1,1,'2021-10-01 14:22:59',NULL,NULL,0),
(52,3,'Spouse Type',1,1,'2021-10-01 14:22:59',NULL,NULL,0),
(53,3,'Death Date of 1st Spouse',1,1,'2021-10-01 14:22:59',NULL,NULL,0),
(54,3,'Death Certificate of 1st Spouse',1,1,'2021-10-01 14:22:59',NULL,NULL,0),
(55,3,'Nominee Preference',1,1,'2021-10-01 14:22:59',NULL,NULL,0),
(56,3,'Name of the Bank',1,1,'2021-10-01 14:22:59',NULL,NULL,0),
(57,3,'Name Address of the Branch',1,1,'2021-10-01 14:22:59',NULL,NULL,0),
(58,3,'Savings Bank A/C No. (Single / Joint A/C with Spouse)',1,1,'2021-10-01 14:22:59',NULL,NULL,0),
(59,3,'Marital Status',1,1,'2021-10-01 14:22:59',NULL,NULL,0),
(60,3,'Aadhaar No.',1,1,'2021-10-01 14:22:59',NULL,NULL,0),
(61,3,'Employment Status',1,1,'2021-10-01 14:22:59',NULL,NULL,0),
(62,3,'Total Income per annum',1,1,'2021-10-01 14:22:59',NULL,NULL,0),
(63,3,'Physically Handicapped',1,1,'2021-10-01 14:22:59',NULL,NULL,0),
(64,3,'Upload Disability Certificate',1,1,'2021-10-01 14:22:59',NULL,NULL,0),
(65,3,'Disability Percentage',1,1,'2021-10-01 14:22:59',NULL,NULL,0),
(66,3,'Amount / Share payable to Each',1,1,'2021-10-01 14:22:59',NULL,NULL,0),
(67,3,'Minor',1,1,'2021-10-01 14:22:59',NULL,NULL,0),
(68,3,'Legal Guardian Name',1,1,'2021-10-01 14:22:59',NULL,NULL,0),
(69,3,'Legal Guardian Age',1,1,'2021-10-01 14:22:59',NULL,NULL,0),
(70,3,'Address of Legal Guardian',1,1,'2021-10-01 14:22:59',NULL,NULL,0),
(71,3,'Legal Guardian Attachment',1,1,'2021-10-01 14:22:59',NULL,NULL,0),
(79,1,'PF A/C No.',1,1,'2021-10-01 14:22:59',NULL,NULL,0),
(80,1,'Husband\'s Name',1,1,'2021-10-01 14:22:59',NULL,NULL,0),
(81,4,'Attested copy of death certificate',1,1,'2021-12-08 11:24:23',NULL,NULL,0),
(82,4,'Identification documents of the applicant viz.: Recent passport size photograph (attested on backside), 2 slips bearing specimen signatures / left thumb impressions and 2 slips bearing the present height and identification marks (at least 2 conspicuous marks) of the applicant.',1,1,'2021-12-08 11:24:23',NULL,NULL,0),
(83,4,'Undertaking for recovery of excess payments, if any',1,1,'2021-12-08 11:24:23',NULL,NULL,0),
(84,4,'Attested copy of the Pension Payment Order',1,1,'2021-12-08 11:24:23',NULL,NULL,0),
(85,4,'Power of Attorney (Authorisation to retrieve the dues of the deceased pensioner by the family members) if applicable',1,1,'2021-12-08 11:24:23',NULL,NULL,0),
(86,2,'Date of Death',1,1,'2021-12-08 11:28:14',NULL,NULL,0),
(87,2,'Death Certificate',1,1,'2021-12-08 11:28:14',NULL,NULL,0),
(88,2,'Name of the Applicant',1,1,'2021-12-08 11:28:14',NULL,NULL,0),
(89,2,'Relationship with the Deceased Pensioner',1,1,'2021-12-08 11:28:14',NULL,NULL,0),
(90,2,'Employment Status',1,1,'2021-12-08 11:28:14',NULL,NULL,0),
(91,2,'Enter particulars of employment',1,1,'2021-12-08 11:28:14',NULL,NULL,0),
(92,2,'If the Applicant is in receipt of pension from any other sources',1,1,'2021-12-08 11:28:14',NULL,NULL,0),
(93,2,'Enter particulars of pension',1,1,'2021-12-08 11:28:14',NULL,NULL,0),
(94,2,'PIN Code',1,1,'2021-12-08 16:32:31',NULL,NULL,0),
(95,4,'Attested copy of legal heir certificate',1,1,'2021-12-09 11:45:16',NULL,NULL,0);

/*Table structure for table `optcl_nominee_master` */

DROP TABLE IF EXISTS `optcl_nominee_master`;

CREATE TABLE `optcl_nominee_master` (
  `id` int(11) NOT NULL AUTO_INCREMENT,
  `nominee_id` int(11) DEFAULT NULL,
  `application_no` varchar(30) DEFAULT NULL,
  `employee_code` varchar(15) DEFAULT NULL,
  `aadhaar_no` varchar(12) DEFAULT NULL,
  `employee_name` varchar(50) DEFAULT NULL,
  `designation_id` int(11) DEFAULT NULL,
  `date_of_birth` date DEFAULT NULL,
  `father_name` varchar(50) DEFAULT NULL,
  `gender_id` int(11) DEFAULT NULL,
  `marital_status_id` int(11) DEFAULT NULL,
  `husband_name` varchar(50) DEFAULT NULL,
  `religion_id` int(11) DEFAULT NULL,
  `pf_account_type_id` int(11) DEFAULT NULL,
  `pf_account_no` bigint(10) DEFAULT NULL,
  `optcl_unit_id` int(11) DEFAULT NULL,
  `date_of_joining` date DEFAULT NULL,
  `date_of_retirement` date DEFAULT NULL,
  `status` tinyint(1) DEFAULT 1,
  `created_by` int(11) DEFAULT NULL,
  `created_at` datetime DEFAULT NULL,
  `modified_by` int(11) DEFAULT NULL,
  `modified_at` datetime DEFAULT NULL,
  `deleted` tinyint(1) DEFAULT 0,
  PRIMARY KEY (`id`)
) ENGINE=InnoDB AUTO_INCREMENT=4 DEFAULT CHARSET=utf8mb4;

/*Data for the table `optcl_nominee_master` */

insert  into `optcl_nominee_master`(`id`,`nominee_id`,`application_no`,`employee_code`,`aadhaar_no`,`employee_name`,`designation_id`,`date_of_birth`,`father_name`,`gender_id`,`marital_status_id`,`husband_name`,`religion_id`,`pf_account_type_id`,`pf_account_no`,`optcl_unit_id`,`date_of_joining`,`date_of_retirement`,`status`,`created_by`,`created_at`,`modified_by`,`modified_at`,`deleted`) values 
(1,NULL,'OPTCL-00001-2022','42600','999999999102','BRAJABANDHU SAMAL',14,'1961-04-18','Test Father A',1,1,'',1,1,88102,1,'1982-08-21','2021-04-30',1,44,'2022-01-13 17:18:43',65,'2022-01-25 10:53:18',0),
(2,NULL,'OPTCL-00002-2022','42611','999999999104','GHANASYAMA SAHOO',14,'1961-04-18','Test father name',1,1,'',1,1,88105,1,'1982-08-21','2021-04-30',1,66,'2022-01-25 18:37:09',NULL,NULL,0),
(3,NULL,'OPTCL-00003-2022','42619','874654987984','APPLICANT NMAE',1,'1969-01-05','Applicant Father',1,2,'',1,1,54657,1,'1989-02-07','2022-03-12',1,67,'2022-02-02 19:29:06',NULL,NULL,0);

/*Table structure for table `optcl_nominee_nominee_details` */

DROP TABLE IF EXISTS `optcl_nominee_nominee_details`;

CREATE TABLE `optcl_nominee_nominee_details` (
  `id` int(11) NOT NULL AUTO_INCREMENT,
  `nominee_master_id` int(11) DEFAULT NULL,
  `nominee_id` int(11) DEFAULT NULL,
  `nominee_name` varchar(50) DEFAULT NULL,
  `date_of_birth` date DEFAULT NULL,
  `dob_attachment_path` tinytext DEFAULT NULL,
  `gender_id` int(11) DEFAULT NULL,
  `relationship_id` int(11) DEFAULT NULL,
  `is_spouse` tinyint(1) DEFAULT 0 COMMENT '1 for Yes, 0 for No',
  `is_2nd_spouse` tinyint(1) DEFAULT 0 COMMENT '2 for 2nd Spouse, 1 for 1st Spouse',
  `1st_spouse_death_date` date DEFAULT NULL COMMENT 'if spouse type is 2nd Spouse, then need to provide data',
  `1st_spouse_death_certificate_path` tinytext DEFAULT NULL COMMENT 'if spouse type is 2nd Spouse, then need to provide data',
  `nominee_preference_id` int(11) DEFAULT NULL,
  `marital_status_id` int(11) DEFAULT NULL,
  `nominee_aadhaar_no` bigint(12) DEFAULT NULL,
  `mobile_no` bigint(10) DEFAULT NULL,
  `savings_bank_account_no` bigint(20) DEFAULT NULL,
  `bank_id` int(11) DEFAULT NULL,
  `bank_branch_id` int(11) DEFAULT NULL,
  `employement_status` tinyint(1) DEFAULT 0 COMMENT '1 for employed, 0 for unemployed	',
  `total_income_per_annum` double(10,2) DEFAULT NULL,
  `is_physically_handicapped` tinyint(1) DEFAULT 0,
  `disability_certificate_path` tinytext DEFAULT NULL,
  `disability_percentage` int(11) DEFAULT NULL,
  `pension_amount_share_percentage` double(10,2) DEFAULT NULL,
  `is_minor` tinyint(1) DEFAULT 0,
  `legal_guardian_name` varchar(50) DEFAULT NULL,
  `legal_guardian_age` int(3) DEFAULT NULL,
  `legal_guardian_addr` tinytext DEFAULT NULL,
  `legal_guardian_attachment_path` tinytext DEFAULT NULL,
  `status` tinyint(1) DEFAULT 1,
  `created_by` int(11) DEFAULT NULL,
  `created_at` datetime DEFAULT NULL,
  `modified_by` int(11) DEFAULT NULL,
  `modified_at` datetime DEFAULT NULL,
  `deleted` tinyint(1) DEFAULT 0,
  PRIMARY KEY (`id`)
) ENGINE=InnoDB AUTO_INCREMENT=5 DEFAULT CHARSET=utf8mb4;

/*Data for the table `optcl_nominee_nominee_details` */

insert  into `optcl_nominee_nominee_details`(`id`,`nominee_master_id`,`nominee_id`,`nominee_name`,`date_of_birth`,`dob_attachment_path`,`gender_id`,`relationship_id`,`is_spouse`,`is_2nd_spouse`,`1st_spouse_death_date`,`1st_spouse_death_certificate_path`,`nominee_preference_id`,`marital_status_id`,`nominee_aadhaar_no`,`mobile_no`,`savings_bank_account_no`,`bank_id`,`bank_branch_id`,`employement_status`,`total_income_per_annum`,`is_physically_handicapped`,`disability_certificate_path`,`disability_percentage`,`pension_amount_share_percentage`,`is_minor`,`legal_guardian_name`,`legal_guardian_age`,`legal_guardian_addr`,`legal_guardian_attachment_path`,`status`,`created_by`,`created_at`,`modified_by`,`modified_at`,`deleted`) values 
(1,1,NULL,'werwerwerwer','2022-01-19','uploads/nominee_documents/1642590517-1592662196.png',1,1,1,0,NULL,NULL,1,2,345345534534,2342342342,345345345345,1,399,2,0.00,1,'uploads/nominee_documents/1642590517-1839984204.png',44,44.00,1,'retetertert',44,'fghfghfhfghfgh','uploads/nominee_documents/1642590517-1902781877.png',1,62,'2022-01-19 16:38:37',62,'2022-01-19 16:38:37',1),
(2,1,NULL,'Kabita Tripathi','2009-01-05','uploads/nominee_documents/1642659799-1337192228.png',1,2,NULL,0,NULL,NULL,1,2,999999999110,8888888109,7474859658,1,399,2,0.00,2,NULL,NULL,45.00,0,NULL,NULL,NULL,NULL,1,62,'2022-01-20 11:53:19',62,'2022-01-20 11:53:19',0),
(3,2,NULL,'member one','2009-01-05','uploads/nominee_documents/1643116209-1797711343.png',1,2,NULL,0,NULL,NULL,1,2,121121112332,5353535353,4444444444,1,399,2,0.00,2,NULL,NULL,32.00,0,NULL,NULL,NULL,NULL,1,66,'2022-01-25 18:40:09',66,'2022-01-25 18:40:09',0),
(4,3,NULL,'nominee name','2000-12-30','uploads/nominee_documents/1643811986-1664768414.png',1,2,NULL,0,NULL,NULL,1,2,345345345345,7798546798,345345345435,1,399,2,0.00,2,NULL,NULL,45.00,0,NULL,NULL,NULL,NULL,1,67,'2022-02-02 19:56:25',67,'2022-02-02 19:56:25',0);

/*Table structure for table `optcl_nominee_pension_application_document` */

DROP TABLE IF EXISTS `optcl_nominee_pension_application_document`;

CREATE TABLE `optcl_nominee_pension_application_document` (
  `id` int(11) NOT NULL AUTO_INCREMENT,
  `nominee_master_id` int(11) DEFAULT NULL COMMENT 'employee_id',
  `nominee_id` int(11) DEFAULT NULL,
  `document_id` int(11) DEFAULT NULL COMMENT 'document_id',
  `document_attachment_path` tinytext DEFAULT NULL,
  `status` tinyint(1) DEFAULT 1,
  `created_by` int(11) DEFAULT NULL,
  `created_at` datetime DEFAULT NULL,
  `modified_by` int(11) DEFAULT NULL,
  `modified_at` datetime DEFAULT NULL,
  `deleted` tinyint(1) DEFAULT 0,
  PRIMARY KEY (`id`)
) ENGINE=InnoDB AUTO_INCREMENT=19 DEFAULT CHARSET=utf8mb4;

/*Data for the table `optcl_nominee_pension_application_document` */

insert  into `optcl_nominee_pension_application_document`(`id`,`nominee_master_id`,`nominee_id`,`document_id`,`document_attachment_path`,`status`,`created_by`,`created_at`,`modified_by`,`modified_at`,`deleted`) values 
(1,1,NULL,9,'uploads/documents/nominee/1642660631-1504311439.jpg',1,62,'2022-01-20 12:07:11',62,'2022-01-20 12:07:11',0),
(2,1,NULL,10,'uploads/documents/nominee/1642660637-1728926082.jpg',1,62,'2022-01-20 12:07:16',62,'2022-01-20 12:07:16',0),
(3,1,NULL,11,'uploads/documents/nominee/1642660643-1877064191.jpg',1,62,'2022-01-20 12:07:22',62,'2022-01-20 12:07:22',0),
(4,1,NULL,12,'uploads/documents/nominee/1642660649-1914342161.jpg',1,62,'2022-01-20 12:07:29',62,'2022-01-20 12:07:29',0),
(5,1,NULL,13,'uploads/documents/nominee/1642660655-193456897.jpg',1,62,'2022-01-20 12:07:35',62,'2022-01-20 12:07:35',0),
(6,1,NULL,14,'uploads/documents/nominee/1642660661-136212148.jpg',1,62,'2022-01-20 12:07:41',62,'2022-01-20 12:07:41',0),
(7,2,NULL,9,'uploads/documents/nominee/1643116220-1173883695.jpg',1,66,'2022-01-25 18:40:20',66,'2022-01-25 18:40:20',0),
(8,2,NULL,10,'uploads/documents/nominee/1643116225-1891593056.jpg',1,66,'2022-01-25 18:40:25',66,'2022-01-25 18:40:25',0),
(9,2,NULL,11,'uploads/documents/nominee/1643116233-1516525626.jpg',1,66,'2022-01-25 18:40:33',66,'2022-01-25 18:40:33',0),
(10,2,NULL,12,'uploads/documents/nominee/1643116241-1612429588.jpg',1,66,'2022-01-25 18:40:41',66,'2022-01-25 18:40:41',0),
(11,2,NULL,13,'uploads/documents/nominee/1643116249-1823031586.jpg',1,66,'2022-01-25 18:40:48',66,'2022-01-25 18:40:48',0),
(12,2,NULL,14,'uploads/documents/nominee/1643116256-1777268020.jpg',1,66,'2022-01-25 18:40:56',66,'2022-01-25 18:40:56',0),
(13,3,NULL,9,'uploads/documents/nominee/1643811999-1858842102.jpg',1,67,'2022-02-02 19:56:38',67,'2022-02-02 19:56:38',0),
(14,3,NULL,10,'uploads/documents/nominee/1643812004-1981299374.jpg',1,67,'2022-02-02 19:56:44',67,'2022-02-02 19:56:44',0),
(15,3,NULL,11,'uploads/documents/nominee/1643812010-1748619075.jpg',1,67,'2022-02-02 19:56:49',67,'2022-02-02 19:56:49',0),
(16,3,NULL,12,'uploads/documents/nominee/1643812016-1817463852.jpg',1,67,'2022-02-02 19:56:56',67,'2022-02-02 19:56:56',0),
(17,3,NULL,13,'uploads/documents/nominee/1643812021-1225988420.jpg',1,67,'2022-02-02 19:57:01',67,'2022-02-02 19:57:01',0),
(18,3,NULL,14,'uploads/documents/nominee/1643812027-1290253760.jpg',1,67,'2022-02-02 19:57:07',67,'2022-02-02 19:57:07',0);

/*Table structure for table `optcl_nominee_pension_sanction_order` */

DROP TABLE IF EXISTS `optcl_nominee_pension_sanction_order`;

CREATE TABLE `optcl_nominee_pension_sanction_order` (
  `id` int(11) NOT NULL AUTO_INCREMENT,
  `application_id` int(11) DEFAULT NULL,
  `nominee_master_id` int(11) DEFAULT NULL,
  `sanction_order_to_name` varchar(255) CHARACTER SET utf8 COLLATE utf8_unicode_ci DEFAULT NULL,
  `sanction_faithfully` varchar(255) CHARACTER SET utf8 COLLATE utf8_unicode_ci DEFAULT NULL,
  `status` tinyint(1) DEFAULT 1,
  `created_at` datetime DEFAULT NULL,
  `created_by` int(11) DEFAULT NULL,
  `modified_at` datetime DEFAULT NULL,
  `modified_by` int(11) DEFAULT NULL,
  `deleted` tinyint(1) DEFAULT 0,
  PRIMARY KEY (`id`),
  KEY `application_id` (`application_id`),
  KEY `nominee_master_id` (`nominee_master_id`)
) ENGINE=InnoDB AUTO_INCREMENT=2 DEFAULT CHARSET=utf8mb4;

/*Data for the table `optcl_nominee_pension_sanction_order` */

insert  into `optcl_nominee_pension_sanction_order`(`id`,`application_id`,`nominee_master_id`,`sanction_order_to_name`,`sanction_faithfully`,`status`,`created_at`,`created_by`,`modified_at`,`modified_by`,`deleted`) values 
(1,12,3,'erd','erd',1,'2022-02-03 19:07:06',19,NULL,NULL,0);

/*Table structure for table `optcl_nominee_pension_service_form` */

DROP TABLE IF EXISTS `optcl_nominee_pension_service_form`;

CREATE TABLE `optcl_nominee_pension_service_form` (
  `id` int(11) NOT NULL AUTO_INCREMENT,
  `application_id` int(11) DEFAULT NULL,
  `nominee_master_id` int(11) DEFAULT NULL,
  `is_service_period_duly` tinyint(1) DEFAULT 0,
  `service_period_duly_from` date DEFAULT NULL,
  `service_period_duly_to` date DEFAULT NULL,
  `is_period_of_absence` tinyint(1) DEFAULT 0,
  `service_period_absence_from` date DEFAULT NULL,
  `service_period_absence_to` date DEFAULT NULL,
  `is_departmental_or_judicial` tinyint(1) DEFAULT 0,
  `scale_of_pay` varchar(255) CHARACTER SET utf8 COLLATE utf8_unicode_ci DEFAULT NULL,
  `last_basic_pay` double(10,2) DEFAULT NULL,
  `is_no_demand_certificate` tinyint(1) DEFAULT 0,
  `reason_of_no_demand_certificate` varchar(255) CHARACTER SET utf8 COLLATE utf8_unicode_ci DEFAULT NULL,
  `is_recommended_provisional_pension` tinyint(1) DEFAULT 0,
  `gross_years` int(11) DEFAULT NULL,
  `gross_months` int(11) DEFAULT NULL,
  `gross_days` int(11) DEFAULT NULL,
  `non_qualifying_years` int(11) DEFAULT NULL,
  `non_qualifying_months` int(11) DEFAULT NULL,
  `non_qualifying_days` int(11) DEFAULT NULL,
  `net_qualifying_years` int(11) DEFAULT NULL,
  `net_qualifying_months` int(11) DEFAULT NULL,
  `net_qualifying_days` int(11) DEFAULT NULL,
  `non_qualifying_period_from` date DEFAULT NULL,
  `non_qualifying_period_to` date DEFAULT NULL,
  `status` tinyint(1) DEFAULT 1,
  `created_at` datetime DEFAULT NULL,
  `created_by` int(11) DEFAULT NULL,
  `modified_at` datetime DEFAULT NULL,
  `modified_by` int(11) DEFAULT NULL,
  `deleted` tinyint(1) DEFAULT 0,
  PRIMARY KEY (`id`),
  KEY `application_id` (`application_id`),
  KEY `nominee_master_id` (`nominee_master_id`)
) ENGINE=InnoDB AUTO_INCREMENT=18 DEFAULT CHARSET=utf8mb4;

/*Data for the table `optcl_nominee_pension_service_form` */

insert  into `optcl_nominee_pension_service_form`(`id`,`application_id`,`nominee_master_id`,`is_service_period_duly`,`service_period_duly_from`,`service_period_duly_to`,`is_period_of_absence`,`service_period_absence_from`,`service_period_absence_to`,`is_departmental_or_judicial`,`scale_of_pay`,`last_basic_pay`,`is_no_demand_certificate`,`reason_of_no_demand_certificate`,`is_recommended_provisional_pension`,`gross_years`,`gross_months`,`gross_days`,`non_qualifying_years`,`non_qualifying_months`,`non_qualifying_days`,`net_qualifying_years`,`net_qualifying_months`,`net_qualifying_days`,`non_qualifying_period_from`,`non_qualifying_period_to`,`status`,`created_at`,`created_by`,`modified_at`,`modified_by`,`deleted`) values 
(1,3,1,0,NULL,NULL,1,NULL,NULL,0,'pay',45000.00,1,NULL,0,21,0,1,0,0,0,21,1,1,NULL,NULL,1,'2022-01-20 13:33:23',10,NULL,NULL,0),
(2,4,1,1,'2021-04-01','2021-04-30',0,'2021-04-01','2021-04-20',1,'pay',45000.00,1,NULL,0,21,2,28,0,0,0,21,28,28,NULL,NULL,1,'2022-01-21 17:33:33',10,'2022-01-21 20:27:25',11,0),
(16,6,1,1,'2021-04-06','2021-04-23',0,'2021-04-01','2021-04-23',0,'fdgdfg',56000.00,0,'sdfsdfsdf',0,22,3,29,0,0,0,22,3,29,NULL,NULL,1,NULL,NULL,'2022-01-25 17:29:54',11,0),
(17,12,3,0,NULL,NULL,1,NULL,NULL,1,'Pay',45000.00,1,NULL,0,23,1,23,0,0,0,23,1,23,NULL,NULL,1,NULL,NULL,'2022-02-03 18:25:07',23,0);

/*Table structure for table `optcl_nominee_pension_service_form_history` */

DROP TABLE IF EXISTS `optcl_nominee_pension_service_form_history`;

CREATE TABLE `optcl_nominee_pension_service_form_history` (
  `id` int(11) NOT NULL AUTO_INCREMENT,
  `service_form_id` int(11) DEFAULT NULL,
  `application_id` int(11) DEFAULT NULL,
  `nominee_master_id` int(11) DEFAULT NULL,
  `is_service_period_duly` tinyint(1) DEFAULT 0,
  `service_period_duly_from` date DEFAULT NULL,
  `service_period_duly_to` date DEFAULT NULL,
  `is_period_of_absence` tinyint(1) DEFAULT 0,
  `service_period_absence_from` date DEFAULT NULL,
  `service_period_absence_to` date DEFAULT NULL,
  `is_departmental_or_judicial` tinyint(1) DEFAULT 0,
  `scale_of_pay` varchar(255) CHARACTER SET utf8 COLLATE utf8_unicode_ci DEFAULT NULL,
  `last_basic_pay` double(10,2) DEFAULT NULL,
  `is_no_demand_certificate` tinyint(1) DEFAULT 0,
  `reason_of_no_demand_certificate` varchar(255) CHARACTER SET utf8 COLLATE utf8_unicode_ci DEFAULT NULL,
  `is_recommended_provisional_pension` tinyint(1) DEFAULT 0,
  `gross_years` int(11) DEFAULT NULL,
  `gross_months` int(11) DEFAULT NULL,
  `gross_days` int(11) DEFAULT NULL,
  `non_qualifying_years` int(11) DEFAULT NULL,
  `non_qualifying_months` int(11) DEFAULT NULL,
  `non_qualifying_days` int(11) DEFAULT NULL,
  `net_qualifying_years` int(11) DEFAULT NULL,
  `net_qualifying_months` int(11) DEFAULT NULL,
  `net_qualifying_days` int(11) DEFAULT NULL,
  `non_qualifying_period_from` date DEFAULT NULL,
  `non_qualifying_period_to` date DEFAULT NULL,
  `status_id` int(11) DEFAULT NULL,
  `status` tinyint(1) DEFAULT 1,
  `modified_at` datetime DEFAULT NULL,
  `modified_by` int(11) DEFAULT NULL,
  `deleted` tinyint(1) DEFAULT 0,
  PRIMARY KEY (`id`),
  KEY `application_id` (`application_id`),
  KEY `nominee_master_id` (`nominee_master_id`)
) ENGINE=InnoDB AUTO_INCREMENT=32 DEFAULT CHARSET=utf8mb4;

/*Data for the table `optcl_nominee_pension_service_form_history` */

insert  into `optcl_nominee_pension_service_form_history`(`id`,`service_form_id`,`application_id`,`nominee_master_id`,`is_service_period_duly`,`service_period_duly_from`,`service_period_duly_to`,`is_period_of_absence`,`service_period_absence_from`,`service_period_absence_to`,`is_departmental_or_judicial`,`scale_of_pay`,`last_basic_pay`,`is_no_demand_certificate`,`reason_of_no_demand_certificate`,`is_recommended_provisional_pension`,`gross_years`,`gross_months`,`gross_days`,`non_qualifying_years`,`non_qualifying_months`,`non_qualifying_days`,`net_qualifying_years`,`net_qualifying_months`,`net_qualifying_days`,`non_qualifying_period_from`,`non_qualifying_period_to`,`status_id`,`status`,`modified_at`,`modified_by`,`deleted`) values 
(1,1,3,1,0,NULL,NULL,1,NULL,NULL,0,'pay',45000.00,1,NULL,0,21,0,1,0,0,0,21,1,1,NULL,NULL,13,1,'2022-01-20 13:33:23',10,0),
(2,2,4,1,0,NULL,NULL,1,NULL,NULL,0,'pay',45000.00,1,NULL,0,21,3,28,0,0,0,21,28,28,NULL,NULL,13,1,'2022-01-21 17:33:33',10,0),
(3,3,4,1,0,NULL,NULL,1,NULL,NULL,0,'pay',45000.00,1,NULL,0,21,2,28,0,0,0,21,28,28,'2021-12-04',NULL,13,1,'2022-01-21 19:09:20',11,0),
(4,4,4,1,0,NULL,NULL,1,NULL,NULL,0,'pay',45000.00,1,NULL,0,21,2,29,0,0,0,21,29,29,NULL,NULL,13,1,'2022-01-21 19:23:35',11,0),
(6,6,4,1,0,NULL,NULL,1,NULL,NULL,0,'pay',45000.00,1,NULL,0,21,2,29,0,0,0,21,29,29,NULL,NULL,13,1,'2022-01-21 19:29:57',11,0),
(7,7,4,1,0,NULL,NULL,1,NULL,NULL,0,'pay',45000.00,1,NULL,0,21,2,29,0,0,0,21,29,29,NULL,NULL,13,1,'2022-01-21 19:59:09',11,0),
(8,2,4,1,0,NULL,NULL,1,NULL,NULL,0,'pay',45000.00,1,NULL,0,21,2,29,0,0,0,21,29,29,NULL,NULL,13,1,'2022-01-21 20:00:55',11,0),
(9,2,4,1,0,NULL,NULL,1,NULL,NULL,0,'pay',45000.00,1,NULL,0,21,2,28,0,0,0,21,28,28,NULL,NULL,13,1,'2022-01-21 20:03:16',11,0),
(10,2,4,1,1,'2021-01-04','1970-01-01',0,'2021-01-04','1970-01-01',0,'pay',45000.00,1,NULL,0,21,2,28,0,0,0,21,28,28,NULL,NULL,13,1,'2022-01-21 20:13:44',11,0),
(11,2,4,1,1,'2021-04-01','1970-01-01',0,'2021-04-01','1970-01-01',0,'pay',45000.00,1,NULL,0,21,2,28,0,0,0,21,28,28,NULL,NULL,13,1,'2022-01-21 20:20:01',11,0),
(12,2,4,1,1,'2021-04-01','2021-04-30',0,'2021-04-01','2021-04-20',0,'pay',45000.00,1,NULL,0,21,2,28,0,0,0,21,28,28,NULL,NULL,13,1,'2022-01-21 20:22:32',11,0),
(13,2,4,1,1,'2021-04-01','2021-04-30',0,'2021-04-01','2021-04-20',1,'pay',45000.00,1,NULL,0,21,2,28,0,0,0,21,28,28,NULL,NULL,13,1,'2022-01-21 20:27:25',11,0),
(14,8,6,1,0,NULL,NULL,0,NULL,NULL,0,NULL,NULL,0,NULL,0,0,0,0,0,0,0,0,0,0,NULL,NULL,13,1,'2022-01-25 12:12:07',10,0),
(15,9,6,1,0,NULL,NULL,1,NULL,NULL,0,'Scale Pay',75000.00,1,NULL,0,2,3,29,0,0,0,2,29,29,NULL,NULL,13,1,'2022-01-25 13:00:49',10,0),
(16,10,6,1,0,NULL,NULL,1,NULL,NULL,1,'pay',65000.00,1,NULL,0,11,2,29,0,0,0,11,29,29,NULL,NULL,13,1,'2022-01-25 13:05:04',10,0),
(17,11,6,1,0,NULL,NULL,1,NULL,NULL,1,'pay',56000.00,1,NULL,0,12,3,29,0,0,0,12,29,29,NULL,NULL,13,1,'2022-01-25 14:38:53',10,0),
(18,12,6,1,0,NULL,NULL,1,NULL,NULL,0,'pay',45000.00,1,NULL,0,21,3,29,0,0,0,21,29,29,NULL,NULL,13,1,'2022-01-25 15:44:32',10,0),
(21,15,6,1,0,NULL,NULL,1,NULL,NULL,0,'sdf',34000.00,1,NULL,0,22,3,29,0,0,0,22,29,29,NULL,NULL,13,1,'2022-01-25 15:49:32',10,0),
(22,16,6,1,0,NULL,NULL,1,NULL,NULL,0,'fdgdfg',56000.00,1,NULL,0,22,3,29,0,0,0,22,3,29,NULL,NULL,13,1,'2022-01-25 15:55:02',10,0),
(23,16,6,1,0,NULL,NULL,1,NULL,NULL,0,'fdgdfg',56000.00,0,NULL,0,22,3,29,0,0,0,22,3,29,NULL,NULL,13,1,'2022-01-25 16:19:36',11,0),
(24,16,6,1,1,NULL,NULL,1,NULL,NULL,0,'fdgdfg',56000.00,0,'sdfsdfsdf',0,22,3,29,0,0,0,22,3,29,NULL,NULL,13,1,'2022-01-25 16:28:39',11,0),
(25,16,6,1,1,NULL,NULL,1,NULL,NULL,0,'fdgdfg',56000.00,0,'sdfsdfsdf',0,22,3,29,0,0,0,22,3,29,NULL,NULL,13,1,'2022-01-25 16:30:09',11,0),
(26,16,6,1,1,'2021-04-06','2021-04-23',0,'2021-04-01','2021-04-23',0,'fdgdfg',56000.00,0,'sdfsdfsdf',0,22,3,29,0,0,0,22,3,29,NULL,NULL,13,1,'2022-01-25 16:57:11',11,0),
(27,16,6,1,1,'2021-04-06','2021-04-23',0,'2021-04-01','2021-04-23',0,'fdgdfg',56000.00,0,'sdfsdfsdf',0,22,3,29,0,0,0,22,3,29,NULL,NULL,13,1,'2022-01-25 17:29:54',11,0),
(28,17,12,3,0,NULL,NULL,1,NULL,NULL,1,'Pay',45000.00,1,NULL,0,23,1,23,0,0,0,23,1,23,NULL,NULL,13,1,'2022-02-02 20:00:49',10,0),
(29,17,12,3,0,NULL,NULL,1,NULL,NULL,1,'Pay',45000.00,1,NULL,0,23,1,23,0,0,0,23,1,23,NULL,NULL,13,1,'2022-02-02 20:02:47',11,0),
(30,17,12,3,0,NULL,NULL,1,NULL,NULL,1,'Pay',45000.00,0,NULL,0,23,1,23,0,0,0,23,1,23,NULL,NULL,22,1,'2022-02-02 20:15:30',15,0),
(31,17,12,3,0,NULL,NULL,1,NULL,NULL,1,'Pay',45000.00,1,NULL,0,23,1,23,0,0,0,23,1,23,NULL,NULL,33,1,'2022-02-03 18:25:07',23,0);

/*Table structure for table `optcl_nominee_pension_service_form_three` */

DROP TABLE IF EXISTS `optcl_nominee_pension_service_form_three`;

CREATE TABLE `optcl_nominee_pension_service_form_three` (
  `id` int(11) NOT NULL AUTO_INCREMENT,
  `application_id` int(11) DEFAULT NULL,
  `nominee_master_id` int(11) DEFAULT NULL,
  `interruption_service_from` date DEFAULT NULL,
  `interruption_service_to` date DEFAULT NULL,
  `interruption_service_years` int(11) DEFAULT 0,
  `interruption_service_months` int(11) DEFAULT 0,
  `interruption_service_days` int(11) DEFAULT 0,
  `extraordinary_leave_from` date DEFAULT NULL,
  `extraordinary_leave_to` date DEFAULT NULL,
  `extraordinary_leave_years` int(11) DEFAULT 0,
  `extraordinary_leave_months` int(11) DEFAULT 0,
  `extraordinary_leave_days` int(11) DEFAULT 0,
  `period_of_suspension_from` date DEFAULT NULL,
  `period_of_suspension_to` date DEFAULT NULL,
  `period_of_suspension_years` int(11) DEFAULT 0,
  `period_of_suspension_months` int(11) DEFAULT 0,
  `period_of_suspension_days` int(11) DEFAULT 0,
  `work_charged_service_from` date DEFAULT NULL,
  `work_charged_service_to` date DEFAULT NULL,
  `work_charged_service_years` int(11) DEFAULT 0,
  `work_charged_service_months` int(11) DEFAULT 0,
  `work_charged_service_days` int(11) DEFAULT 0,
  `boy_service_from` date DEFAULT NULL,
  `boy_service_to` date DEFAULT NULL,
  `boy_service_years` int(11) DEFAULT 0,
  `boy_service_months` int(11) DEFAULT 0,
  `boy_service_days` int(11) DEFAULT 0,
  `any_other_service_from` date DEFAULT NULL,
  `any_other_service_to` date DEFAULT NULL,
  `any_other_service_years` int(11) DEFAULT 0,
  `any_other_service_months` int(11) DEFAULT 0,
  `any_other_service_days` int(11) DEFAULT 0,
  `total_non_qualifying_years` int(11) DEFAULT 0,
  `total_non_qualifying_months` int(11) DEFAULT 0,
  `total_non_qualifying_days` int(11) DEFAULT 0,
  `total_qualifying_years` int(11) DEFAULT 0,
  `total_qualifying_months` int(11) DEFAULT 0,
  `total_qualifying_days` int(11) DEFAULT 0,
  `addition_of_qualifying_service_from` date DEFAULT NULL,
  `addition_of_qualifying_service_to` date DEFAULT NULL,
  `total_addition_qualifying_years` int(11) DEFAULT 0,
  `total_addition_qualifying_months` int(11) DEFAULT 0,
  `total_addition_qualifying_days` int(11) DEFAULT 0,
  `total_net_qualifying_years` int(11) DEFAULT 0,
  `total_net_qualifying_months` int(11) DEFAULT 0,
  `total_net_qualifying_days` int(11) DEFAULT 0,
  `total_qualifying_half_years` int(11) DEFAULT 0,
  `emolument_last_basic_pay` double(10,2) DEFAULT 0.00,
  `service_pension` double(10,2) DEFAULT 0.00,
  `date_of_commencement_pension` date DEFAULT NULL,
  `date_of_acknowlegement_commutation` date DEFAULT NULL,
  `age_on_next_birthday` int(11) DEFAULT 0,
  `commuted_amount_of_pension` double(10,2) DEFAULT 0.00,
  `commuted_value_of_pension` double(10,2) DEFAULT 0.00,
  `residuary_pension_commutation` double(10,2) DEFAULT 0.00,
  `total_da_amount` double(10,2) DEFAULT 0.00,
  `amount_of_dcrg` double(10,2) DEFAULT 0.00,
  `enhanced_family_pension` double(10,2) DEFAULT 0.00,
  `normal_family_pension` double(10,2) DEFAULT 0.00,
  `life_time_arrear_from` date DEFAULT NULL,
  `life_time_arrear_to` date DEFAULT NULL,
  `life_time_arrear_amount` double(10,2) DEFAULT 0.00,
  `status` tinyint(1) DEFAULT 1,
  `created_at` datetime DEFAULT NULL,
  `created_by` int(11) DEFAULT NULL,
  `modified_at` datetime DEFAULT NULL,
  `modified_by` int(11) DEFAULT NULL,
  `deleted` tinyint(1) DEFAULT NULL,
  PRIMARY KEY (`id`)
) ENGINE=InnoDB AUTO_INCREMENT=2 DEFAULT CHARSET=utf8mb4;

/*Data for the table `optcl_nominee_pension_service_form_three` */

insert  into `optcl_nominee_pension_service_form_three`(`id`,`application_id`,`nominee_master_id`,`interruption_service_from`,`interruption_service_to`,`interruption_service_years`,`interruption_service_months`,`interruption_service_days`,`extraordinary_leave_from`,`extraordinary_leave_to`,`extraordinary_leave_years`,`extraordinary_leave_months`,`extraordinary_leave_days`,`period_of_suspension_from`,`period_of_suspension_to`,`period_of_suspension_years`,`period_of_suspension_months`,`period_of_suspension_days`,`work_charged_service_from`,`work_charged_service_to`,`work_charged_service_years`,`work_charged_service_months`,`work_charged_service_days`,`boy_service_from`,`boy_service_to`,`boy_service_years`,`boy_service_months`,`boy_service_days`,`any_other_service_from`,`any_other_service_to`,`any_other_service_years`,`any_other_service_months`,`any_other_service_days`,`total_non_qualifying_years`,`total_non_qualifying_months`,`total_non_qualifying_days`,`total_qualifying_years`,`total_qualifying_months`,`total_qualifying_days`,`addition_of_qualifying_service_from`,`addition_of_qualifying_service_to`,`total_addition_qualifying_years`,`total_addition_qualifying_months`,`total_addition_qualifying_days`,`total_net_qualifying_years`,`total_net_qualifying_months`,`total_net_qualifying_days`,`total_qualifying_half_years`,`emolument_last_basic_pay`,`service_pension`,`date_of_commencement_pension`,`date_of_acknowlegement_commutation`,`age_on_next_birthday`,`commuted_amount_of_pension`,`commuted_value_of_pension`,`residuary_pension_commutation`,`total_da_amount`,`amount_of_dcrg`,`enhanced_family_pension`,`normal_family_pension`,`life_time_arrear_from`,`life_time_arrear_to`,`life_time_arrear_amount`,`status`,`created_at`,`created_by`,`modified_at`,`modified_by`,`deleted`) values 
(1,12,3,NULL,NULL,0,0,0,NULL,NULL,0,0,0,NULL,NULL,0,0,0,NULL,NULL,0,0,0,NULL,NULL,0,0,0,NULL,NULL,0,0,0,0,0,0,0,0,0,NULL,NULL,0,0,0,23,1,23,46,45000.00,20700.00,'2022-03-13','2022-02-02',54,0.00,0.00,0.00,0.00,517500.00,20700.00,0.00,NULL,NULL,0.00,1,'2022-02-02 20:31:01',15,'2022-02-03 19:00:29',23,0);

/*Table structure for table `optcl_nominee_pension_service_form_three_history` */

DROP TABLE IF EXISTS `optcl_nominee_pension_service_form_three_history`;

CREATE TABLE `optcl_nominee_pension_service_form_three_history` (
  `id` int(11) NOT NULL AUTO_INCREMENT,
  `form_three_id` int(11) DEFAULT NULL,
  `application_id` int(11) DEFAULT NULL,
  `nominee_master_id` int(11) DEFAULT NULL,
  `interruption_service_from` date DEFAULT NULL,
  `interruption_service_to` date DEFAULT NULL,
  `interruption_service_years` int(11) DEFAULT 0,
  `interruption_service_months` int(11) DEFAULT 0,
  `interruption_service_days` int(11) DEFAULT 0,
  `extraordinary_leave_from` date DEFAULT NULL,
  `extraordinary_leave_to` date DEFAULT NULL,
  `extraordinary_leave_years` int(11) DEFAULT 0,
  `extraordinary_leave_months` int(11) DEFAULT 0,
  `extraordinary_leave_days` int(11) DEFAULT 0,
  `period_of_suspension_from` date DEFAULT NULL,
  `period_of_suspension_to` date DEFAULT NULL,
  `period_of_suspension_years` int(11) DEFAULT 0,
  `period_of_suspension_months` int(11) DEFAULT 0,
  `period_of_suspension_days` int(11) DEFAULT 0,
  `work_charged_service_from` date DEFAULT NULL,
  `work_charged_service_to` date DEFAULT NULL,
  `work_charged_service_years` int(11) DEFAULT 0,
  `work_charged_service_months` int(11) DEFAULT 0,
  `work_charged_service_days` int(11) DEFAULT 0,
  `boy_service_from` date DEFAULT NULL,
  `boy_service_to` date DEFAULT NULL,
  `boy_service_years` int(11) DEFAULT 0,
  `boy_service_months` int(11) DEFAULT 0,
  `boy_service_days` int(11) DEFAULT 0,
  `any_other_service_from` date DEFAULT NULL,
  `any_other_service_to` date DEFAULT NULL,
  `any_other_service_years` int(11) DEFAULT 0,
  `any_other_service_months` int(11) DEFAULT 0,
  `any_other_service_days` int(11) DEFAULT 0,
  `total_non_qualifying_years` int(11) DEFAULT 0,
  `total_non_qualifying_months` int(11) DEFAULT 0,
  `total_non_qualifying_days` int(11) DEFAULT 0,
  `total_qualifying_years` int(11) DEFAULT 0,
  `total_qualifying_months` int(11) DEFAULT 0,
  `total_qualifying_days` int(11) DEFAULT 0,
  `addition_of_qualifying_service_from` date DEFAULT NULL,
  `addition_of_qualifying_service_to` date DEFAULT NULL,
  `total_addition_qualifying_years` int(11) DEFAULT 0,
  `total_addition_qualifying_months` int(11) DEFAULT 0,
  `total_addition_qualifying_days` int(11) DEFAULT 0,
  `total_net_qualifying_years` int(11) DEFAULT 0,
  `total_net_qualifying_months` int(11) DEFAULT 0,
  `total_net_qualifying_days` int(11) DEFAULT 0,
  `total_qualifying_half_years` int(11) DEFAULT 0,
  `emolument_last_basic_pay` double(10,2) DEFAULT 0.00,
  `service_pension` double(10,2) DEFAULT 0.00,
  `date_of_commencement_pension` date DEFAULT NULL,
  `date_of_acknowlegement_commutation` date DEFAULT NULL,
  `age_on_next_birthday` int(11) DEFAULT 0,
  `commuted_amount_of_pension` double(10,2) DEFAULT 0.00,
  `commuted_value_of_pension` double(10,2) DEFAULT 0.00,
  `residuary_pension_commutation` double(10,2) DEFAULT 0.00,
  `total_da_amount` double(10,2) DEFAULT 0.00,
  `amount_of_dcrg` double(10,2) DEFAULT 0.00,
  `enhanced_family_pension` double(10,2) DEFAULT 0.00,
  `normal_family_pension` double(10,2) DEFAULT 0.00,
  `life_time_arrear_from` date DEFAULT NULL,
  `life_time_arrear_to` date DEFAULT NULL,
  `life_time_arrear_amount` double(10,2) DEFAULT 0.00,
  `status` tinyint(1) DEFAULT 1,
  `created_at` datetime DEFAULT NULL,
  `created_by` int(11) DEFAULT NULL,
  `modified_at` datetime DEFAULT NULL,
  `modified_by` int(11) DEFAULT NULL,
  `deleted` tinyint(1) DEFAULT NULL,
  PRIMARY KEY (`id`)
) ENGINE=InnoDB AUTO_INCREMENT=6 DEFAULT CHARSET=utf8mb4;

/*Data for the table `optcl_nominee_pension_service_form_three_history` */

insert  into `optcl_nominee_pension_service_form_three_history`(`id`,`form_three_id`,`application_id`,`nominee_master_id`,`interruption_service_from`,`interruption_service_to`,`interruption_service_years`,`interruption_service_months`,`interruption_service_days`,`extraordinary_leave_from`,`extraordinary_leave_to`,`extraordinary_leave_years`,`extraordinary_leave_months`,`extraordinary_leave_days`,`period_of_suspension_from`,`period_of_suspension_to`,`period_of_suspension_years`,`period_of_suspension_months`,`period_of_suspension_days`,`work_charged_service_from`,`work_charged_service_to`,`work_charged_service_years`,`work_charged_service_months`,`work_charged_service_days`,`boy_service_from`,`boy_service_to`,`boy_service_years`,`boy_service_months`,`boy_service_days`,`any_other_service_from`,`any_other_service_to`,`any_other_service_years`,`any_other_service_months`,`any_other_service_days`,`total_non_qualifying_years`,`total_non_qualifying_months`,`total_non_qualifying_days`,`total_qualifying_years`,`total_qualifying_months`,`total_qualifying_days`,`addition_of_qualifying_service_from`,`addition_of_qualifying_service_to`,`total_addition_qualifying_years`,`total_addition_qualifying_months`,`total_addition_qualifying_days`,`total_net_qualifying_years`,`total_net_qualifying_months`,`total_net_qualifying_days`,`total_qualifying_half_years`,`emolument_last_basic_pay`,`service_pension`,`date_of_commencement_pension`,`date_of_acknowlegement_commutation`,`age_on_next_birthday`,`commuted_amount_of_pension`,`commuted_value_of_pension`,`residuary_pension_commutation`,`total_da_amount`,`amount_of_dcrg`,`enhanced_family_pension`,`normal_family_pension`,`life_time_arrear_from`,`life_time_arrear_to`,`life_time_arrear_amount`,`status`,`created_at`,`created_by`,`modified_at`,`modified_by`,`deleted`) values 
(1,1,12,3,NULL,NULL,0,0,0,NULL,NULL,0,0,0,NULL,NULL,0,0,0,NULL,NULL,0,0,0,NULL,NULL,0,0,0,NULL,NULL,0,0,0,0,0,0,0,0,0,NULL,NULL,0,0,0,23,1,23,46,45000.00,20700.00,'2022-03-13','2022-02-02',54,0.00,0.00,0.00,0.00,517500.00,20700.00,0.00,NULL,NULL,0.00,1,'2022-02-02 20:31:01',15,'2022-02-02 20:31:01',15,0),
(2,17,12,3,NULL,NULL,0,0,0,NULL,NULL,0,0,0,NULL,NULL,0,0,0,NULL,NULL,0,0,0,NULL,NULL,0,0,0,NULL,NULL,0,0,0,0,0,0,0,0,0,NULL,NULL,0,0,0,23,1,23,46,45000.00,20700.00,'2022-03-13','2022-02-02',54,0.00,0.00,0.00,0.00,517500.00,20700.00,0.00,NULL,NULL,0.00,1,'2022-02-03 18:37:24',23,NULL,23,0),
(3,17,12,3,NULL,NULL,0,0,0,NULL,NULL,0,0,0,NULL,NULL,0,0,0,NULL,NULL,0,0,0,NULL,NULL,0,0,0,NULL,NULL,0,0,0,0,0,0,0,0,0,NULL,NULL,0,0,0,23,1,23,46,45000.00,20700.00,'2022-03-13','2022-02-02',54,0.00,0.00,0.00,0.00,517500.00,20700.00,0.00,NULL,NULL,0.00,1,'2022-02-03 18:46:40',23,NULL,23,0),
(4,17,12,3,NULL,NULL,0,0,0,NULL,NULL,0,0,0,NULL,NULL,0,0,0,NULL,NULL,0,0,0,NULL,NULL,0,0,0,NULL,NULL,0,0,0,0,0,0,0,0,0,NULL,NULL,0,0,0,23,1,23,46,45000.00,20700.00,'2022-03-13','2022-02-02',54,0.00,0.00,0.00,0.00,517500.00,20700.00,0.00,NULL,NULL,0.00,1,'2022-02-03 18:47:58',23,NULL,23,0),
(5,17,12,3,NULL,NULL,0,0,0,NULL,NULL,0,0,0,NULL,NULL,0,0,0,NULL,NULL,0,0,0,NULL,NULL,0,0,0,NULL,NULL,0,0,0,0,0,0,0,0,0,NULL,NULL,0,0,0,23,1,23,46,45000.00,20700.00,'2022-03-13','2022-02-02',54,0.00,0.00,0.00,0.00,517500.00,20700.00,0.00,NULL,NULL,0.00,1,'2022-02-03 19:00:29',23,NULL,23,0);

/*Table structure for table `optcl_nominee_pension_service_form_three_recovery` */

DROP TABLE IF EXISTS `optcl_nominee_pension_service_form_three_recovery`;

CREATE TABLE `optcl_nominee_pension_service_form_three_recovery` (
  `id` int(11) NOT NULL AUTO_INCREMENT,
  `application_id` int(11) DEFAULT NULL,
  `nominee_master_id` int(11) DEFAULT NULL,
  `recovery_label` varchar(255) CHARACTER SET utf8 COLLATE utf8_unicode_ci DEFAULT NULL,
  `recovery_value` varchar(255) CHARACTER SET utf8 COLLATE utf8_unicode_ci DEFAULT NULL,
  `recovery_remarks` tinytext CHARACTER SET utf8 COLLATE utf8_unicode_ci DEFAULT NULL,
  `status` tinyint(1) DEFAULT 1,
  `created_at` datetime DEFAULT NULL,
  `created_by` int(11) DEFAULT NULL,
  `modified_at` datetime DEFAULT NULL,
  `modified_by` int(11) DEFAULT NULL,
  `deleted` tinyint(1) DEFAULT 0,
  PRIMARY KEY (`id`)
) ENGINE=InnoDB AUTO_INCREMENT=2 DEFAULT CHARSET=utf8mb4;

/*Data for the table `optcl_nominee_pension_service_form_three_recovery` */

/*Table structure for table `optcl_nominee_pension_service_form_three_recovery_history` */

DROP TABLE IF EXISTS `optcl_nominee_pension_service_form_three_recovery_history`;

CREATE TABLE `optcl_nominee_pension_service_form_three_recovery_history` (
  `id` int(11) NOT NULL AUTO_INCREMENT,
  `recovery_id` int(11) DEFAULT NULL,
  `application_id` int(11) DEFAULT NULL,
  `nominee_master_id` int(11) DEFAULT NULL,
  `recovery_label` varchar(255) CHARACTER SET utf8mb4 COLLATE utf8mb4_unicode_ci DEFAULT NULL,
  `recovery_value` varchar(255) CHARACTER SET utf8mb4 COLLATE utf8mb4_unicode_ci DEFAULT NULL,
  `recovery_remarks` tinytext DEFAULT NULL,
  `status` tinyint(1) DEFAULT 1,
  `modified_at` datetime DEFAULT NULL,
  `modified_by` int(11) DEFAULT NULL,
  `deleted` tinyint(1) DEFAULT 0,
  PRIMARY KEY (`id`),
  KEY `application_id` (`application_id`),
  KEY `nominee_master_id` (`nominee_master_id`)
) ENGINE=InnoDB AUTO_INCREMENT=6 DEFAULT CHARSET=utf8mb4;

/*Data for the table `optcl_nominee_pension_service_form_three_recovery_history` */

insert  into `optcl_nominee_pension_service_form_three_recovery_history`(`id`,`recovery_id`,`application_id`,`nominee_master_id`,`recovery_label`,`recovery_value`,`recovery_remarks`,`status`,`modified_at`,`modified_by`,`deleted`) values 
(1,1,12,3,'nominee recovery one','4501',NULL,1,'2022-02-02 20:31:01',15,0),
(2,5,12,3,'nominee recovery one two','4502',NULL,1,'2022-02-03 18:37:24',23,0),
(3,5,12,3,'nominee recovery one two','4502',NULL,1,'2022-02-03 18:46:40',23,0),
(4,5,12,3,'nominee recovery one two','4502',NULL,1,'2022-02-03 18:47:58',23,0),
(5,5,12,3,'nominee recovery one two','4502',NULL,1,'2022-02-03 19:00:29',23,0);

/*Table structure for table `optcl_nominee_pension_service_offices` */

DROP TABLE IF EXISTS `optcl_nominee_pension_service_offices`;

CREATE TABLE `optcl_nominee_pension_service_offices` (
  `id` int(11) NOT NULL AUTO_INCREMENT,
  `service_pension_form_id` int(11) DEFAULT NULL,
  `application_id` int(11) DEFAULT NULL,
  `organisation_name` varchar(255) CHARACTER SET utf8 COLLATE utf8_unicode_ci DEFAULT NULL,
  `name_of_office` varchar(255) CHARACTER SET utf8 COLLATE utf8_unicode_ci DEFAULT NULL,
  `post_held` varchar(255) CHARACTER SET utf8 COLLATE utf8_unicode_ci DEFAULT NULL,
  `service_period_from` date DEFAULT NULL,
  `service_period_to` date DEFAULT NULL,
  `total_service_years` int(11) DEFAULT 0,
  `total_service_months` int(11) DEFAULT 0,
  `total_service_days` int(11) DEFAULT 0,
  `created_by` int(11) DEFAULT NULL,
  `created_at` datetime DEFAULT NULL,
  `modified_by` int(11) DEFAULT NULL,
  `modified_at` datetime DEFAULT NULL,
  `status` tinyint(1) NOT NULL DEFAULT 1,
  `deleted` tinyint(1) NOT NULL DEFAULT 0,
  PRIMARY KEY (`id`),
  KEY `service_pension_form_id` (`service_pension_form_id`),
  KEY `application_id` (`application_id`)
) ENGINE=InnoDB AUTO_INCREMENT=17 DEFAULT CHARSET=utf8mb4;

/*Data for the table `optcl_nominee_pension_service_offices` */

insert  into `optcl_nominee_pension_service_offices`(`id`,`service_pension_form_id`,`application_id`,`organisation_name`,`name_of_office`,`post_held`,`service_period_from`,`service_period_to`,`total_service_years`,`total_service_months`,`total_service_days`,`created_by`,`created_at`,`modified_by`,`modified_at`,`status`,`deleted`) values 
(1,1,3,'dfsdfsdf','sdfsdfsdf','sdfsdfsdf','2000-02-08','2021-02-09',21,0,1,10,'2022-01-20 13:33:23',NULL,NULL,1,0),
(2,2,4,'werwer','werwer','werwer','2000-02-01','2021-04-29',21,2,28,10,'2022-01-21 17:33:33',11,'2022-01-21 20:27:25',1,0),
(15,16,6,'abcd','abcd','abcd','1999-01-01','2021-04-30',22,3,29,10,'2022-01-25 15:55:02',11,'2022-01-25 17:29:54',1,0),
(16,17,12,'abcd','abcd','abcd','1999-01-01','1970-01-01',23,1,23,10,'2022-02-02 20:00:49',23,'2022-02-03 18:25:07',1,0);

/*Table structure for table `optcl_nominee_pension_service_offices_history` */

DROP TABLE IF EXISTS `optcl_nominee_pension_service_offices_history`;

CREATE TABLE `optcl_nominee_pension_service_offices_history` (
  `id` int(11) NOT NULL AUTO_INCREMENT,
  `service_office_id` int(11) DEFAULT NULL,
  `service_pension_form_id` int(11) DEFAULT NULL,
  `application_id` int(11) DEFAULT NULL,
  `organisation_name` varchar(255) CHARACTER SET utf8 COLLATE utf8_unicode_ci DEFAULT NULL,
  `name_of_office` varchar(255) CHARACTER SET utf8 COLLATE utf8_unicode_ci DEFAULT NULL,
  `post_held` varchar(255) CHARACTER SET utf8 COLLATE utf8_unicode_ci DEFAULT NULL,
  `service_period_from` date DEFAULT NULL,
  `service_period_to` date DEFAULT NULL,
  `total_service_years` int(11) DEFAULT 0,
  `total_service_months` int(11) DEFAULT 0,
  `total_service_days` int(11) DEFAULT 0,
  `modified_by` int(11) DEFAULT NULL,
  `modified_at` datetime DEFAULT NULL,
  `status` tinyint(1) NOT NULL DEFAULT 1,
  `deleted` tinyint(1) NOT NULL DEFAULT 0,
  PRIMARY KEY (`id`),
  KEY `service_pension_form_id` (`service_pension_form_id`),
  KEY `application_id` (`application_id`)
) ENGINE=InnoDB AUTO_INCREMENT=29 DEFAULT CHARSET=utf8mb4;

/*Data for the table `optcl_nominee_pension_service_offices_history` */

insert  into `optcl_nominee_pension_service_offices_history`(`id`,`service_office_id`,`service_pension_form_id`,`application_id`,`organisation_name`,`name_of_office`,`post_held`,`service_period_from`,`service_period_to`,`total_service_years`,`total_service_months`,`total_service_days`,`modified_by`,`modified_at`,`status`,`deleted`) values 
(1,1,1,3,'dfsdfsdf','sdfsdfsdf','sdfsdfsdf','2000-02-08','2021-02-09',21,0,1,10,'2022-01-20 13:33:23',1,0),
(2,2,2,4,'werwer','werwer','werwer','2000-02-01','1970-01-01',21,3,28,10,'2022-01-21 17:33:33',1,0),
(7,2,2,4,'werwer','werwer','werwer','2000-02-01','2021-04-30',21,2,29,11,'2022-01-21 20:00:55',1,0),
(8,2,2,4,'werwer','werwer','werwer','2000-02-01','2021-04-29',21,2,28,11,'2022-01-21 20:03:16',1,0),
(9,2,2,4,'werwer','werwer','werwer','2000-02-01','2021-04-29',21,2,28,11,'2022-01-21 20:13:44',1,0),
(10,2,2,4,'werwer','werwer','werwer','2000-02-01','2021-04-29',21,2,28,11,'2022-01-21 20:20:01',1,0),
(11,2,2,4,'werwer','werwer','werwer','2000-02-01','2021-04-29',21,2,28,11,'2022-01-21 20:22:32',1,0),
(12,2,2,4,'werwer','werwer','werwer','2000-02-01','2021-04-29',21,2,28,11,'2022-01-21 20:27:25',1,0),
(13,7,8,6,NULL,NULL,NULL,NULL,NULL,0,0,0,10,'2022-01-25 12:12:07',1,0),
(14,8,9,6,'aaaa','aaaaa','aaaaa','2019-01-01','1970-01-01',2,3,29,10,'2022-01-25 13:00:49',1,0),
(15,9,10,6,'abcd','abcd','abcd','2010-01-02','1970-01-01',11,2,29,10,'2022-01-25 13:05:04',1,0),
(16,10,11,6,'abcd','abcd','abcd','2009-01-01','1970-01-01',12,3,29,10,'2022-01-25 14:38:53',1,0),
(17,11,12,6,'acbcd','abcd','abcd','2000-01-01','2021-04-30',21,3,29,10,'2022-01-25 15:44:32',1,0),
(18,14,15,6,'abcd','abcd','abcd','1999-01-01','2021-04-30',22,3,29,10,'2022-01-25 15:49:32',1,0),
(19,15,16,6,'abcd','abcd','abcd','1999-01-01','2021-04-30',22,3,29,10,'2022-01-25 15:55:02',1,0),
(20,15,16,6,'abcd','abcd','abcd','1999-01-01','2021-04-30',22,3,29,11,'2022-01-25 16:19:36',1,0),
(21,15,16,6,'abcd','abcd','abcd','1999-01-01','2021-04-30',22,3,29,11,'2022-01-25 16:28:39',1,0),
(22,15,16,6,'abcd','abcd','abcd','1999-01-01','2021-04-30',22,3,29,11,'2022-01-25 16:30:09',1,0),
(23,15,16,6,'abcd','abcd','abcd','1999-01-01','2021-04-30',22,3,29,11,'2022-01-25 16:57:11',1,0),
(24,15,16,6,'abcd','abcd','abcd','1999-01-01','2021-04-30',22,3,29,11,'2022-01-25 17:29:54',1,0),
(25,16,17,12,'abcd','abcd','abcd','1999-01-01','2022-02-24',23,1,23,10,'2022-02-02 20:00:49',1,0),
(26,16,17,12,'abcd','abcd','abcd','1999-01-01','2022-02-24',23,1,23,11,'2022-02-02 20:02:47',1,0),
(27,16,17,12,'abcd','abcd','abcd','1999-01-01','1970-01-01',23,1,23,15,'2022-02-02 20:15:30',1,0),
(28,16,17,12,'abcd','abcd','abcd','1999-01-01','1970-01-01',23,1,23,23,'2022-02-03 18:25:07',1,0);

/*Table structure for table `optcl_nominee_preference_master` */

DROP TABLE IF EXISTS `optcl_nominee_preference_master`;

CREATE TABLE `optcl_nominee_preference_master` (
  `id` int(11) NOT NULL AUTO_INCREMENT,
  `nominee_prefrence` varchar(10) DEFAULT NULL,
  `status` tinyint(1) DEFAULT 1,
  `created_by` int(11) DEFAULT NULL,
  `created_at` datetime DEFAULT NULL,
  `modified_by` int(11) DEFAULT NULL,
  `modified_at` datetime DEFAULT NULL,
  `deleted` tinyint(1) DEFAULT 0,
  PRIMARY KEY (`id`)
) ENGINE=InnoDB AUTO_INCREMENT=6 DEFAULT CHARSET=utf8;

/*Data for the table `optcl_nominee_preference_master` */

insert  into `optcl_nominee_preference_master`(`id`,`nominee_prefrence`,`status`,`created_by`,`created_at`,`modified_by`,`modified_at`,`deleted`) values 
(1,'1st Prefer',1,1,'2021-09-25 12:15:28',NULL,NULL,0),
(2,'2nd Prefer',1,1,'2021-09-25 12:15:30',NULL,NULL,0),
(3,'3rd Prefer',1,1,'2021-09-25 12:15:32',NULL,NULL,0),
(4,'4th Prefer',1,1,'2021-09-25 12:15:33',NULL,NULL,0),
(5,'5th Prefer',1,1,'2021-09-25 12:15:35',NULL,NULL,0);

/*Table structure for table `optcl_pension_application_document` */

DROP TABLE IF EXISTS `optcl_pension_application_document`;

CREATE TABLE `optcl_pension_application_document` (
  `id` int(11) NOT NULL AUTO_INCREMENT,
  `employee_id` int(11) DEFAULT NULL COMMENT 'employee_id',
  `document_id` int(11) DEFAULT NULL COMMENT 'document_id',
  `document_attachment_path` tinytext CHARACTER SET utf8mb4 DEFAULT NULL,
  `status` tinyint(1) DEFAULT 1,
  `created_by` int(11) DEFAULT NULL,
  `created_at` datetime DEFAULT NULL,
  `modified_by` int(11) DEFAULT NULL,
  `modified_at` datetime DEFAULT NULL,
  `deleted` tinyint(1) DEFAULT 0,
  PRIMARY KEY (`id`)
) ENGINE=InnoDB AUTO_INCREMENT=64 DEFAULT CHARSET=utf8;

/*Data for the table `optcl_pension_application_document` */

insert  into `optcl_pension_application_document`(`id`,`employee_id`,`document_id`,`document_attachment_path`,`status`,`created_by`,`created_at`,`modified_by`,`modified_at`,`deleted`) values 
(1,2,1,'uploads/documents/1642050729-1883149132.jpg',1,20,'2022-01-12 16:28:18',20,'2022-01-13 10:42:08',0),
(2,2,3,'uploads/documents/1642050775-1129338941.jpg',1,20,'2022-01-12 16:43:34',20,'2022-01-13 10:42:54',0),
(3,2,4,'uploads/documents/1642050792-1518372721.jpg',1,20,'2022-01-12 16:44:02',20,'2022-01-13 10:43:12',0),
(4,2,5,'uploads/documents/1642050822-1969677682.jpg',1,20,'2022-01-12 16:44:15',20,'2022-01-13 10:43:42',0),
(5,2,6,'uploads/documents/1642050918-1994377455.jpg',1,20,'2022-01-12 16:44:25',20,'2022-01-13 10:45:18',0),
(6,2,7,'uploads/documents/1642050889-1350435161.jpg',1,20,'2022-01-12 16:44:49',20,'2022-01-13 10:44:49',0),
(7,2,2,'uploads/documents/1642050853-1166671256.jpg',1,20,'2022-01-12 16:44:58',20,'2022-01-13 10:44:12',0),
(8,3,1,'uploads/documents/1642059423-1486191024.jpg',1,21,'2022-01-13 13:07:02',21,'2022-01-13 13:07:02',0),
(9,3,3,'uploads/documents/1642059431-1503276324.jpg',1,21,'2022-01-13 13:07:11',21,'2022-01-13 13:07:11',0),
(10,3,4,'uploads/documents/1642059448-1640379046.jpg',1,21,'2022-01-13 13:07:28',21,'2022-01-13 13:07:28',0),
(11,3,5,'uploads/documents/1642059458-1833153648.jpg',1,21,'2022-01-13 13:07:37',21,'2022-01-13 13:07:37',0),
(12,3,6,'uploads/documents/1642059471-1948875952.jpg',1,21,'2022-01-13 13:07:51',21,'2022-01-13 13:07:51',0),
(13,3,7,'uploads/documents/1642059479-1906056056.jpg',1,21,'2022-01-13 13:07:59',21,'2022-01-13 13:07:59',0),
(14,3,2,'uploads/documents/1642059494-1948824575.jpg',1,21,'2022-01-13 13:08:13',21,'2022-01-13 13:08:13',0),
(15,4,1,'uploads/documents/1643636736-1700867847.jpg',1,8,'2022-01-31 19:15:36',8,'2022-01-31 19:15:36',0),
(16,4,3,'uploads/documents/1643636741-1668379799.jpg',1,8,'2022-01-31 19:15:41',8,'2022-01-31 19:15:41',0),
(17,4,4,'uploads/documents/1643636747-1303915707.jpg',1,8,'2022-01-31 19:15:47',8,'2022-01-31 19:15:47',0),
(18,4,5,'uploads/documents/1643636752-1669311216.jpg',1,8,'2022-01-31 19:15:52',8,'2022-01-31 19:15:52',0),
(19,4,6,'uploads/documents/1643636758-149169798.jpg',1,8,'2022-01-31 19:15:57',8,'2022-01-31 19:15:57',0),
(20,4,7,'uploads/documents/1643636763-1706376365.jpg',1,8,'2022-01-31 19:16:03',8,'2022-01-31 19:16:03',0),
(21,4,2,'uploads/documents/1643636769-1368499474.jpg',1,8,'2022-01-31 19:16:09',8,'2022-01-31 19:16:09',0),
(22,5,1,'uploads/documents/1643699487-1114255519.jpg',1,22,'2022-02-01 12:41:27',22,'2022-02-01 12:41:27',0),
(23,5,3,'uploads/documents/1643699494-150614120.jpg',1,22,'2022-02-01 12:41:33',22,'2022-02-01 12:41:33',0),
(24,5,4,'uploads/documents/1643699514-1573941271.jpg',1,22,'2022-02-01 12:41:53',22,'2022-02-01 12:41:53',0),
(25,5,5,'uploads/documents/1643699521-1328828476.jpg',1,22,'2022-02-01 12:42:01',22,'2022-02-01 12:42:01',0),
(26,5,6,'uploads/documents/1643699528-1203564200.jpg',1,22,'2022-02-01 12:42:08',22,'2022-02-01 12:42:08',0),
(27,5,7,'uploads/documents/1643699534-142047729.jpg',1,22,'2022-02-01 12:42:14',22,'2022-02-01 12:42:14',0),
(28,5,2,'uploads/documents/1643699541-1399923332.jpg',1,22,'2022-02-01 12:42:21',22,'2022-02-01 12:42:21',0),
(29,6,1,'uploads/documents/1643737897-1761611494.jpg',1,24,'2022-02-01 23:21:37',24,'2022-02-01 23:21:37',0),
(30,6,3,'uploads/documents/1643737906-181000270.jpg',1,24,'2022-02-01 23:21:45',24,'2022-02-01 23:21:45',0),
(31,6,4,'uploads/documents/1643737912-1142708530.jpg',1,24,'2022-02-01 23:21:52',24,'2022-02-01 23:21:52',0),
(32,6,5,'uploads/documents/1643737920-1954099002.jpg',1,24,'2022-02-01 23:22:00',24,'2022-02-01 23:22:00',0),
(33,6,6,'uploads/documents/1643737930-1705918574.jpg',1,24,'2022-02-01 23:22:09',24,'2022-02-01 23:22:09',0),
(34,6,7,'uploads/documents/1643737936-1262682056.jpg',1,24,'2022-02-01 23:22:16',24,'2022-02-01 23:22:16',0),
(35,6,2,'uploads/documents/1643737943-1233501138.jpg',1,24,'2022-02-01 23:22:23',24,'2022-02-01 23:22:23',0),
(36,7,1,'uploads/documents/1643806068-1382308268.jpg',1,30,'2022-02-02 18:17:48',30,'2022-02-02 18:17:48',0),
(37,7,3,'uploads/documents/1643806074-1797060954.jpg',1,30,'2022-02-02 18:17:54',30,'2022-02-02 18:17:54',0),
(38,7,4,'uploads/documents/1643806079-1653676014.jpg',1,30,'2022-02-02 18:17:59',30,'2022-02-02 18:17:59',0),
(39,7,5,'uploads/documents/1643806086-1585886516.jpg',1,30,'2022-02-02 18:18:05',30,'2022-02-02 18:18:05',0),
(40,7,6,'uploads/documents/1643806091-1934314934.jpg',1,30,'2022-02-02 18:18:10',30,'2022-02-02 18:18:10',0),
(41,7,7,'uploads/documents/1643806096-1182324802.jpg',1,30,'2022-02-02 18:18:16',30,'2022-02-02 18:18:16',0),
(42,7,2,'uploads/documents/1643806102-1873495435.jpg',1,30,'2022-02-02 18:18:21',30,'2022-02-02 18:18:21',0),
(43,8,1,'uploads/documents/1643953462-1187197744.jpg',1,29,'2022-02-04 11:14:22',29,'2022-02-04 11:14:22',0),
(44,8,3,'uploads/documents/1643953470-1131631531.jpg',1,29,'2022-02-04 11:14:30',29,'2022-02-04 11:14:30',0),
(45,8,4,'uploads/documents/1643953484-1633647396.jpg',1,29,'2022-02-04 11:14:44',29,'2022-02-04 11:14:44',0),
(46,8,5,'uploads/documents/1643953495-1112682943.jpg',1,29,'2022-02-04 11:14:55',29,'2022-02-04 11:14:55',0),
(47,8,6,'uploads/documents/1643953509-1183538136.jpg',1,29,'2022-02-04 11:15:09',29,'2022-02-04 11:15:09',0),
(48,8,7,'uploads/documents/1643953528-1808697526.jpg',1,29,'2022-02-04 11:15:28',29,'2022-02-04 11:15:28',0),
(49,8,2,'uploads/documents/1643953550-145673688.jpg',1,29,'2022-02-04 11:15:50',29,'2022-02-04 11:15:50',0),
(50,9,1,'uploads/documents/1643959409-1901366645.jpg',1,27,'2022-02-04 12:53:28',27,'2022-02-04 12:53:28',0),
(51,9,3,'uploads/documents/1643959417-1432827135.jpg',1,27,'2022-02-04 12:53:37',27,'2022-02-04 12:53:37',0),
(52,9,4,'uploads/documents/1643959423-1104827942.jpg',1,27,'2022-02-04 12:53:43',27,'2022-02-04 12:53:43',0),
(53,9,5,'uploads/documents/1643959429-1726192917.jpg',1,27,'2022-02-04 12:53:49',27,'2022-02-04 12:53:49',0),
(54,9,6,'uploads/documents/1643959435-1601873859.jpg',1,27,'2022-02-04 12:53:55',27,'2022-02-04 12:53:55',0),
(55,9,7,'uploads/documents/1643959442-1994912009.jpg',1,27,'2022-02-04 12:54:02',27,'2022-02-04 12:54:02',0),
(56,9,2,'uploads/documents/1643959449-1425305052.jpg',1,27,'2022-02-04 12:54:09',27,'2022-02-04 12:54:09',0),
(57,10,1,'uploads/documents/1644302644-1832859148.jpg',1,13,'2022-02-08 12:14:04',13,'2022-02-08 12:14:04',0),
(58,10,3,'uploads/documents/1644302648-1513181270.jpg',1,13,'2022-02-08 12:14:08',13,'2022-02-08 12:14:08',0),
(59,10,4,'uploads/documents/1644302654-1230599309.jpg',1,13,'2022-02-08 12:14:14',13,'2022-02-08 12:14:14',0),
(60,10,5,'uploads/documents/1644302686-1316978827.jpg',1,13,'2022-02-08 12:14:46',13,'2022-02-08 12:14:46',0),
(61,10,6,'uploads/documents/1644302694-1610731552.jpg',1,13,'2022-02-08 12:14:54',13,'2022-02-08 12:14:54',0),
(62,10,7,'uploads/documents/1644302702-1860403101.jpg',1,13,'2022-02-08 12:15:02',13,'2022-02-08 12:15:02',0),
(63,10,2,'uploads/documents/1644302719-1597436377.jpg',1,13,'2022-02-08 12:15:19',13,'2022-02-08 12:15:19',0);

/*Table structure for table `optcl_pension_application_form` */

DROP TABLE IF EXISTS `optcl_pension_application_form`;

CREATE TABLE `optcl_pension_application_form` (
  `id` int(11) NOT NULL AUTO_INCREMENT,
  `application_type` tinyint(1) DEFAULT 1,
  `pension_type_id` int(11) DEFAULT NULL COMMENT 'Pension Type (Service Pension / Family pension)',
  `is_existing` tinyint(1) NOT NULL DEFAULT 0,
  `user_id` int(11) DEFAULT NULL,
  `employee_id` int(11) DEFAULT NULL,
  `employee_code` bigint(10) DEFAULT NULL,
  `employee_aadhaar_no` bigint(12) DEFAULT NULL,
  `application_no` varchar(20) CHARACTER SET utf8mb4 DEFAULT NULL COMMENT 'application no to be generated',
  `sanction_number` varchar(100) DEFAULT NULL,
  `recovery_attachment` tinytext DEFAULT NULL,
  `is_commutation_received` tinyint(1) NOT NULL DEFAULT 0,
  `is_dcr_gratuity_received` tinyint(1) NOT NULL DEFAULT 0,
  `sanction_order_file_path` text DEFAULT NULL,
  `gratuity_sanction_order_file_path` text DEFAULT NULL,
  `ppo_order_file_path` text DEFAULT NULL,
  `is_ppo_generate` tinyint(1) NOT NULL DEFAULT 0 COMMENT 'if ppo generate true =1, false =0	',
  `ppo_number` varchar(50) DEFAULT NULL,
  `basic_amount` double(18,2) DEFAULT NULL,
  `basic_effective_date` date DEFAULT NULL,
  `additional_pension_amount` double(18,2) DEFAULT NULL,
  `additional_pension_effective_date` date DEFAULT NULL,
  `enhanced_pension_amount` double(18,2) DEFAULT NULL,
  `enhanced_pension_effective_date` date DEFAULT NULL,
  `enhanced_pension_end_date` date DEFAULT NULL,
  `normal_pension_amount` double(18,2) DEFAULT NULL,
  `normal_pension_effective_date` date DEFAULT NULL,
  `gross_pension_amount` double(18,2) DEFAULT NULL,
  `total_income` double(18,2) DEFAULT NULL,
  `is_taxable_amount_generated` tinyint(1) DEFAULT 0,
  `taxable_amount` double(18,2) DEFAULT NULL,
  `application_status_id` int(11) DEFAULT NULL,
  `is_life_certificate_submitted` tinyint(1) DEFAULT 1,
  `is_dead` tinyint(1) DEFAULT 0,
  `date_of_death` date DEFAULT NULL,
  `status` tinyint(1) DEFAULT 1,
  `created_by` int(11) DEFAULT NULL,
  `created_at` datetime DEFAULT NULL,
  `modified_by` int(11) DEFAULT NULL,
  `modified_at` datetime DEFAULT NULL,
  `deleted` tinyint(1) DEFAULT 0,
  PRIMARY KEY (`id`)
) ENGINE=InnoDB AUTO_INCREMENT=16 DEFAULT CHARSET=utf8;

/*Data for the table `optcl_pension_application_form` */

insert  into `optcl_pension_application_form`(`id`,`application_type`,`pension_type_id`,`is_existing`,`user_id`,`employee_id`,`employee_code`,`employee_aadhaar_no`,`application_no`,`sanction_number`,`recovery_attachment`,`is_commutation_received`,`is_dcr_gratuity_received`,`sanction_order_file_path`,`gratuity_sanction_order_file_path`,`ppo_order_file_path`,`is_ppo_generate`,`ppo_number`,`basic_amount`,`basic_effective_date`,`additional_pension_amount`,`additional_pension_effective_date`,`enhanced_pension_amount`,`enhanced_pension_effective_date`,`enhanced_pension_end_date`,`normal_pension_amount`,`normal_pension_effective_date`,`gross_pension_amount`,`total_income`,`is_taxable_amount_generated`,`taxable_amount`,`application_status_id`,`is_life_certificate_submitted`,`is_dead`,`date_of_death`,`status`,`created_by`,`created_at`,`modified_by`,`modified_at`,`deleted`) values 
(1,1,1,0,20,2,42610,123456789945,'202200001',NULL,NULL,0,0,NULL,NULL,NULL,0,NULL,NULL,NULL,NULL,NULL,NULL,NULL,NULL,NULL,NULL,NULL,NULL,NULL,NULL,17,1,0,NULL,1,20,'2022-01-12 16:59:48',NULL,NULL,0),
(2,1,1,0,21,3,42611,123456789946,'202200002',NULL,'uploads/documents/1643720459-1734424076.pdf',0,0,NULL,NULL,NULL,0,NULL,NULL,NULL,NULL,NULL,NULL,NULL,NULL,NULL,NULL,NULL,NULL,NULL,NULL,14,1,0,NULL,1,21,'2022-01-13 13:17:54',NULL,NULL,0),
(3,1,2,0,62,1,42600,123456789001,'202200003',NULL,'uploads/documents/1642665022-1154727892.pdf',0,0,NULL,NULL,NULL,0,NULL,NULL,NULL,NULL,NULL,NULL,NULL,NULL,NULL,NULL,NULL,NULL,NULL,NULL,18,1,0,NULL,1,62,'2022-01-20 12:14:52',NULL,NULL,0),
(4,1,2,0,63,1,42600,777777777718,'202200004',NULL,'uploads/documents/1642766565-1315157678.pdf',0,0,NULL,NULL,NULL,0,NULL,NULL,NULL,NULL,NULL,NULL,NULL,NULL,NULL,NULL,NULL,NULL,NULL,NULL,21,1,0,NULL,1,63,'2022-01-20 17:22:40',NULL,NULL,0),
(5,1,2,0,64,1,42600,777777777719,'202200005',NULL,'uploads/documents/1642682026-1229859094.pdf',0,0,NULL,NULL,NULL,0,NULL,NULL,NULL,NULL,NULL,NULL,NULL,NULL,NULL,NULL,NULL,NULL,NULL,NULL,12,1,0,NULL,1,64,'2022-01-20 17:37:34',NULL,NULL,0),
(6,1,2,0,65,1,42600,784757956852,'202200006',NULL,'uploads/documents/1643088563-1517430083.pdf',0,0,NULL,NULL,NULL,0,NULL,NULL,NULL,NULL,NULL,NULL,NULL,NULL,NULL,NULL,NULL,NULL,NULL,NULL,19,1,0,NULL,1,65,'2022-01-25 10:53:49',NULL,NULL,0),
(7,1,2,0,66,2,42611,754875869586,'202200007',NULL,NULL,0,0,NULL,NULL,NULL,0,NULL,NULL,NULL,NULL,NULL,NULL,NULL,NULL,NULL,NULL,NULL,NULL,NULL,NULL,1,1,0,NULL,1,66,'2022-01-25 18:41:10',NULL,NULL,0),
(8,1,1,0,8,4,56586,787878787878,'202200008',NULL,NULL,0,0,NULL,NULL,NULL,0,NULL,NULL,NULL,NULL,NULL,NULL,NULL,NULL,NULL,NULL,NULL,NULL,NULL,NULL,2,1,0,NULL,1,8,'2022-01-31 19:39:12',NULL,NULL,0),
(9,1,1,0,22,5,42612,123456789947,'202200009',NULL,'uploads/documents/1643702251-1111681665.pdf',0,0,NULL,NULL,NULL,0,NULL,NULL,NULL,NULL,NULL,NULL,NULL,NULL,NULL,NULL,NULL,NULL,NULL,NULL,12,1,0,NULL,1,22,'2022-02-01 12:42:49',NULL,NULL,0),
(10,1,1,0,24,6,42614,123456789943,'202200010','SNOD202200010','uploads/documents/1643776473-1155337835.pdf',0,0,NULL,NULL,NULL,0,NULL,NULL,NULL,NULL,NULL,NULL,NULL,NULL,NULL,NULL,NULL,NULL,NULL,NULL,36,1,0,NULL,1,24,'2022-02-01 23:22:59',NULL,NULL,0),
(11,1,1,0,30,7,42619,123456789949,'202200011','SNOD202200011','uploads/documents/1643806255-1417751878.pdf',0,0,'public/uploads/sanction_order/sanction_order_202200011.pdf','public/uploads/gratuity_sanction_order/gratuity_sanction_order_202200011.pdf','public/uploads/ppo_order/ppo_order_202200011.pdf',0,'3410/02/2022',NULL,NULL,NULL,NULL,NULL,NULL,NULL,NULL,NULL,NULL,NULL,NULL,NULL,50,1,0,NULL,1,30,'2022-02-02 18:18:34',NULL,NULL,0),
(12,1,2,0,67,3,42619,798765467987,'202200012','SNOD202200012','uploads/documents/1643812188-1977831638.pdf',0,0,'public/uploads/family_pension/sanction_order/sanction_order_202200012.pdf','public/uploads/family_pension/gratuity_sanction_order/gratuity_sanction_order_202200012.pdf','public/uploads/ppo_order/ppo_order_202200012.pdf',0,'04/2022/00010',NULL,NULL,NULL,NULL,NULL,NULL,NULL,NULL,NULL,NULL,NULL,NULL,NULL,49,1,0,NULL,1,67,'2022-02-02 19:57:20',NULL,NULL,0),
(13,1,1,0,29,8,42618,123456789948,'202200013',NULL,'uploads/documents/1643957912-1226051406.pdf',0,0,NULL,NULL,NULL,0,NULL,NULL,NULL,NULL,NULL,NULL,NULL,NULL,NULL,NULL,NULL,NULL,NULL,NULL,17,1,0,NULL,1,29,'2022-02-04 11:16:01',NULL,NULL,0),
(14,1,1,0,27,9,42617,123456789947,'202200014',NULL,'uploads/documents/1643959606-1755926978.pdf',0,0,NULL,NULL,NULL,0,NULL,NULL,NULL,NULL,NULL,NULL,NULL,NULL,NULL,NULL,NULL,NULL,NULL,NULL,10,1,0,NULL,1,27,'2022-02-04 12:54:23',NULL,NULL,0),
(15,1,1,0,13,10,38906,75757575757575,'202200015',NULL,'uploads/documents/1644305859-1432773003.pdf',0,0,NULL,NULL,NULL,0,NULL,NULL,NULL,NULL,NULL,NULL,NULL,NULL,NULL,NULL,NULL,NULL,NULL,NULL,10,1,0,NULL,1,13,'2022-02-08 12:15:27',NULL,NULL,0);

/*Table structure for table `optcl_pension_calculation_history` */

DROP TABLE IF EXISTS `optcl_pension_calculation_history`;

CREATE TABLE `optcl_pension_calculation_history` (
  `id` int(11) NOT NULL AUTO_INCREMENT,
  `application_id` int(11) DEFAULT NULL,
  `pension_tranasction_id` int(11) DEFAULT NULL,
  `calculted_value` float(18,2) DEFAULT NULL,
  `rounded_calculated_value` float(18,2) DEFAULT NULL,
  `status` tinyint(1) DEFAULT 1,
  `created_by` int(11) DEFAULT NULL,
  `created_at` datetime DEFAULT NULL,
  `modified_by` int(11) DEFAULT NULL,
  `modified_at` datetime DEFAULT NULL,
  `deleted` tinyint(1) DEFAULT 0,
  PRIMARY KEY (`id`)
) ENGINE=InnoDB AUTO_INCREMENT=10 DEFAULT CHARSET=utf8 COMMENT='Table to store pension calculation tranasction history';

/*Data for the table `optcl_pension_calculation_history` */

insert  into `optcl_pension_calculation_history`(`id`,`application_id`,`pension_tranasction_id`,`calculted_value`,`rounded_calculated_value`,`status`,`created_by`,`created_at`,`modified_by`,`modified_at`,`deleted`) values 
(1,10,1,27440.00,27440.00,1,15,'2022-02-02 12:57:23',NULL,NULL,0),
(2,10,2,16800.00,16800.00,1,15,'2022-02-02 12:57:36',NULL,NULL,0),
(3,10,3,681499.00,681499.00,1,15,'2022-02-02 12:57:47',NULL,NULL,0),
(4,11,4,27000.00,27000.00,1,15,'2022-02-02 19:00:58',NULL,NULL,0),
(5,11,5,12150.00,12150.00,1,15,'2022-02-02 19:01:12',NULL,NULL,0),
(6,11,6,1265252.38,1265253.00,1,15,'2022-02-02 19:01:21',NULL,NULL,0),
(7,11,7,14850.00,14850.00,1,15,'2022-02-02 19:01:28',NULL,NULL,0),
(8,11,8,16200.00,16200.00,1,15,'2022-02-02 19:01:37',NULL,NULL,0),
(9,11,9,819000.00,819000.00,1,15,'2022-02-02 19:01:46',NULL,NULL,0);

/*Table structure for table `optcl_pension_calculation_transaction` */

DROP TABLE IF EXISTS `optcl_pension_calculation_transaction`;

CREATE TABLE `optcl_pension_calculation_transaction` (
  `id` int(11) NOT NULL AUTO_INCREMENT,
  `application_id` int(11) DEFAULT NULL,
  `employee_id` int(11) DEFAULT NULL,
  `rule_id` int(11) DEFAULT NULL,
  `calculation_type_id` int(11) DEFAULT NULL,
  `calculation_value` float(18,2) DEFAULT NULL,
  `rounded_calculation_value` float(18,2) DEFAULT NULL,
  `is_latest` tinyint(1) NOT NULL DEFAULT 1,
  `status` tinyint(1) DEFAULT 1,
  `created_by` int(11) DEFAULT NULL,
  `created_at` datetime DEFAULT NULL,
  `modified_by` int(11) DEFAULT NULL,
  `modified_at` datetime DEFAULT NULL,
  `deleted` tinyint(1) DEFAULT 0,
  PRIMARY KEY (`id`)
) ENGINE=InnoDB AUTO_INCREMENT=10 DEFAULT CHARSET=utf8;

/*Data for the table `optcl_pension_calculation_transaction` */

insert  into `optcl_pension_calculation_transaction`(`id`,`application_id`,`employee_id`,`rule_id`,`calculation_type_id`,`calculation_value`,`rounded_calculation_value`,`is_latest`,`status`,`created_by`,`created_at`,`modified_by`,`modified_at`,`deleted`) values 
(1,10,6,1,1,27440.00,27440.00,1,1,15,'2022-02-02 12:57:23',NULL,NULL,0),
(2,10,6,5,3,16800.00,16800.00,1,1,15,'2022-02-02 12:57:36',NULL,NULL,0),
(3,10,6,7,4,681499.00,681499.00,1,1,15,'2022-02-02 12:57:47',NULL,NULL,0),
(4,11,7,1,1,27000.00,27000.00,1,1,15,'2022-02-02 19:00:58',NULL,NULL,0),
(5,11,7,3,6,12150.00,12150.00,1,1,15,'2022-02-02 19:01:12',NULL,NULL,0),
(6,11,7,2,2,1265252.38,1265253.00,1,1,15,'2022-02-02 19:01:21',NULL,NULL,0),
(7,11,7,4,7,14850.00,14850.00,1,1,15,'2022-02-02 19:01:28',NULL,NULL,0),
(8,11,7,5,3,16200.00,16200.00,1,1,15,'2022-02-02 19:01:37',NULL,NULL,0),
(9,11,7,7,4,819000.00,819000.00,1,1,15,'2022-02-02 19:01:46',NULL,NULL,0);

/*Table structure for table `optcl_pension_calculation_transaction_details` */

DROP TABLE IF EXISTS `optcl_pension_calculation_transaction_details`;

CREATE TABLE `optcl_pension_calculation_transaction_details` (
  `id` int(11) NOT NULL AUTO_INCREMENT,
  `pension_calculation_transaction_id` int(11) DEFAULT NULL,
  `calculation_id` int(11) DEFAULT NULL,
  `calculation_value` float DEFAULT NULL,
  `is_latest` tinyint(1) DEFAULT NULL,
  `status` tinyint(1) DEFAULT NULL,
  `created_by` int(11) DEFAULT NULL,
  `created_at` datetime DEFAULT NULL,
  `modified_by` int(11) DEFAULT NULL,
  `modified_at` datetime DEFAULT NULL,
  `deleted` tinyint(1) DEFAULT NULL,
  PRIMARY KEY (`id`)
) ENGINE=InnoDB DEFAULT CHARSET=utf8;

/*Data for the table `optcl_pension_calculation_transaction_details` */

/*Table structure for table `optcl_pension_document_master` */

DROP TABLE IF EXISTS `optcl_pension_document_master`;

CREATE TABLE `optcl_pension_document_master` (
  `id` int(11) NOT NULL AUTO_INCREMENT,
  `pension_type_id` int(11) DEFAULT NULL COMMENT 'pension_type',
  `document_name` text CHARACTER SET utf8mb4 DEFAULT NULL,
  `field_id` int(11) DEFAULT NULL,
  `status` tinyint(1) DEFAULT 1,
  `created_by` int(11) DEFAULT NULL,
  `created_at` datetime DEFAULT NULL,
  `modified_by` int(11) DEFAULT NULL,
  `modified_at` datetime DEFAULT NULL,
  `deleted` tinyint(1) DEFAULT 0,
  PRIMARY KEY (`id`)
) ENGINE=InnoDB AUTO_INCREMENT=15 DEFAULT CHARSET=utf8;

/*Data for the table `optcl_pension_document_master` */

insert  into `optcl_pension_document_master`(`id`,`pension_type_id`,`document_name`,`field_id`,`status`,`created_by`,`created_at`,`modified_by`,`modified_at`,`deleted`) values 
(1,1,'Attach recent passport size photograph with spouse (if\r\nmarried) and single photograph of self (applicant) duly\r\nattested',72,1,1,'2021-09-25 14:11:32',NULL,NULL,0),
(2,1,'Attach descriptive roll slips bearing three specimen signatures\r\n(L.T.I if illiterate). Particulars of height and identification marks\r\n(at least 2 conspicuous marks) and left hand thumb and all\r\nfingers impression of the applicant duly attested by the he',73,1,1,'2021-09-25 14:11:34',NULL,NULL,0),
(3,1,'Attach attested copies of the date of birth certificates of all\r\nfamily members & nominee(s).',74,1,1,'2021-09-25 14:11:36',NULL,NULL,0),
(4,1,'Attach the Undertaking / Declaration for refund / recovery /\r\nof outstanding dues / excess payment wherever applicable.',75,1,1,'2021-09-25 14:11:38',NULL,NULL,0),
(5,1,'Attach attested copy of the first page of Bank Pass Book with\r\nIFSC and MICR code.',76,1,1,'2021-09-25 14:11:40',NULL,NULL,0),
(6,1,'Attach copy of cancelled cheque issued by the concerned\r\nbank.',77,1,1,'2021-09-25 14:11:43',NULL,NULL,0),
(7,1,'Attach Indemnity Bond (For the PF account which have not\r\nbeen transferred from the RPFC).',78,1,1,'2021-09-25 14:11:45',NULL,NULL,0),
(9,2,'Attested copy of death certificate',81,1,NULL,NULL,NULL,NULL,0),
(10,2,'Identification documents of the applicant viz.: Recent passport size photograph (attested on backside), 2 slips bearing specimen signatures / left thumb impressions and 2 slips bearing the present height and identification marks (at least 2 conspicuous marks) of the applicant.',82,1,NULL,NULL,NULL,NULL,0),
(11,2,'Undertaking for recovery of excess payments, if any',83,1,NULL,NULL,NULL,NULL,0),
(12,2,'Attested copy of the Pension Payment Order',84,1,NULL,NULL,NULL,NULL,0),
(13,2,'Power of Attorney (Authorisation to retrieve the dues of the deceased pensioner by the family members) if applicable',85,1,NULL,NULL,NULL,NULL,0),
(14,2,'Attested copy of legal heir certificate',95,1,NULL,NULL,NULL,NULL,0);

/*Table structure for table `optcl_pension_form_field_master` */

DROP TABLE IF EXISTS `optcl_pension_form_field_master`;

CREATE TABLE `optcl_pension_form_field_master` (
  `id` int(11) NOT NULL AUTO_INCREMENT,
  `form_id` int(11) DEFAULT NULL,
  `field_name` text DEFAULT NULL,
  `status` tinyint(1) DEFAULT NULL,
  `created_by` int(11) DEFAULT NULL,
  `created_at` datetime DEFAULT NULL,
  `modified_by` int(11) DEFAULT NULL,
  `modified_at` datetime DEFAULT NULL,
  `deleted` tinyint(1) DEFAULT NULL,
  PRIMARY KEY (`id`),
  KEY `form_id` (`form_id`),
  CONSTRAINT `optcl_pension_form_field_master_ibfk_1` FOREIGN KEY (`form_id`) REFERENCES `optcl_pension_form_master` (`id`)
) ENGINE=InnoDB AUTO_INCREMENT=86 DEFAULT CHARSET=utf8;

/*Data for the table `optcl_pension_form_field_master` */

insert  into `optcl_pension_form_field_master`(`id`,`form_id`,`field_name`,`status`,`created_by`,`created_at`,`modified_by`,`modified_at`,`deleted`) values 
(1,1,'Employee No/Code',1,1,'2021-10-01 14:22:59',NULL,NULL,0),
(2,1,'Aadhaar No',1,1,'2021-10-01 14:22:59',NULL,NULL,0),
(3,1,'Name (In Block Letter)',1,1,'2021-10-01 14:22:59',NULL,NULL,0),
(4,1,'Designation',1,1,'2021-10-01 14:22:59',NULL,NULL,0),
(5,1,'Father\'s Name',1,1,'2021-10-01 14:22:59',NULL,NULL,0),
(6,1,'Gender',1,1,'2021-10-01 14:22:59',NULL,NULL,0),
(7,1,'Marital Status',1,1,'2021-10-01 14:22:59',NULL,NULL,0),
(8,1,'Religion',1,1,'2021-10-01 14:22:59',NULL,NULL,0),
(9,1,'PF A/C Type',1,1,'2021-10-01 14:22:59',NULL,NULL,0),
(10,1,'Name of the Office / Dept. last Served',1,1,'2021-10-01 14:22:59',NULL,NULL,0),
(11,1,'Date of Birth',1,1,'2021-10-01 14:22:59',NULL,NULL,0),
(12,1,'Date of Joining in Service',1,1,'2021-10-01 14:22:59',NULL,NULL,0),
(13,1,'Date of Retirement',1,1,'2021-10-01 14:22:59',NULL,NULL,0),
(14,2,'Permanent At',1,1,'2021-10-01 14:22:59',NULL,NULL,0),
(15,2,'Permanent Post',1,1,'2021-10-01 14:22:59',NULL,NULL,0),
(16,2,'Permanent PIN Code',1,1,'2021-10-01 14:22:59',NULL,NULL,0),
(17,2,'Permanent Country',1,1,'2021-10-01 14:22:59',NULL,NULL,0),
(18,2,'Permanent State',1,1,'2021-10-01 14:22:59',NULL,NULL,0),
(19,2,'Permanent District',1,1,'2021-10-01 14:22:59',NULL,NULL,0),
(20,2,'Present At',1,1,'2021-10-01 14:22:59',NULL,NULL,0),
(21,2,'Present Post',1,1,'2021-10-01 14:22:59',NULL,NULL,0),
(22,2,'Present PIN Code',1,1,'2021-10-01 14:22:59',NULL,NULL,0),
(23,2,'Present Country',1,1,'2021-10-01 14:22:59',NULL,NULL,0),
(24,2,'Present State',1,1,'2021-10-01 14:22:59',NULL,NULL,0),
(25,2,'Present District',1,1,'2021-10-01 14:22:59',NULL,NULL,0),
(26,2,'Telephone No with STD Code (If Any)',1,1,'2021-10-01 14:22:59',NULL,NULL,0),
(27,2,'Mobile No',1,1,'2021-10-01 14:22:59',NULL,NULL,0),
(28,2,'Email Address (If Any)',1,1,'2021-10-01 14:22:59',NULL,NULL,0),
(29,2,'PAN No',1,1,'2021-10-01 14:22:59',NULL,NULL,0),
(30,2,'Savings Bank A/C No.(Single or Joint Account with Spouse)',1,1,'2021-10-01 14:22:59',NULL,NULL,0),
(31,2,'Name of the Bank',1,1,'2021-10-01 14:22:59',NULL,NULL,0),
(32,2,'Name Address of the Branch',1,1,'2021-10-01 14:22:59',NULL,NULL,0),
(33,2,'IFSC Code',1,1,'2021-10-01 14:22:59',NULL,NULL,0),
(34,2,'Amount of Basic pay at the time of Retirement',1,1,'2021-10-01 14:22:59',NULL,NULL,0),
(35,2,'Name of the Unit (where life certificate & income tax declaration to be submitted)',1,1,'2021-10-01 14:22:59',NULL,NULL,0),
(36,2,'Particulars of previous civil service if any and amount and nature of any pension or gratuity received',1,1,'2021-10-01 14:22:59',NULL,NULL,0),
(37,2,'Particulars of previous civil service',1,1,'2021-10-01 14:22:59',NULL,NULL,0),
(38,2,'Amount and nature of any pension or gratuity received',1,1,'2021-10-01 14:22:59',NULL,NULL,0),
(39,2,'Particulars of family pension if any Received / admissible from any other source to the retired employee and any members of his family',1,1,'2021-10-01 14:22:59',NULL,NULL,0),
(40,2,'Admissible form any other source to the retired employee',1,1,'2021-10-01 14:22:59',NULL,NULL,0),
(41,2,'Members of his family',1,1,'2021-10-01 14:22:59',NULL,NULL,0),
(42,2,'Name of member',1,1,'2021-10-01 14:22:59',NULL,NULL,0),
(43,2,'Whether Commutation of pension to be made & percentage to be specified (not applicable for applicants for family pension)',1,1,'2021-10-01 14:22:59',NULL,NULL,0),
(44,2,'Commutation percentage',1,1,'2021-10-01 14:22:59',NULL,NULL,0),
(46,3,'Full Name of the Family Member',1,1,'2021-10-01 14:22:59',NULL,NULL,0),
(47,3,'Mobile No',1,1,'2021-10-01 14:22:59',NULL,NULL,0),
(48,3,'Date of Birth',1,1,'2021-10-01 14:22:59',NULL,NULL,0),
(49,3,'Proof of Date of Birth',1,1,'2021-10-01 14:22:59',NULL,NULL,0),
(50,3,'Gender',1,1,'2021-10-01 14:22:59',NULL,NULL,0),
(51,3,'Relation with Pensioner',1,1,'2021-10-01 14:22:59',NULL,NULL,0),
(52,3,'Spouse Type',1,1,'2021-10-01 14:22:59',NULL,NULL,0),
(53,3,'Death Date of 1st Spouse',1,1,'2021-10-01 14:22:59',NULL,NULL,0),
(54,3,'Death Certificate of 1st Spouse',1,1,'2021-10-01 14:22:59',NULL,NULL,0),
(55,3,'Nominee Preference',1,1,'2021-10-01 14:22:59',NULL,NULL,0),
(56,3,'Name of the Bank',1,1,'2021-10-01 14:22:59',NULL,NULL,0),
(57,3,'Name Address of the Branch',1,1,'2021-10-01 14:22:59',NULL,NULL,0),
(58,3,'Savings Bank A/C No. (Single / Joint A/C with Spouse)',1,1,'2021-10-01 14:22:59',NULL,NULL,0),
(59,3,'Marital Status',1,1,'2021-10-01 14:22:59',NULL,NULL,0),
(60,3,'Aadhaar No.',1,1,'2021-10-01 14:22:59',NULL,NULL,0),
(61,3,'Employment Status',1,1,'2021-10-01 14:22:59',NULL,NULL,0),
(62,3,'Total Income per annum',1,1,'2021-10-01 14:22:59',NULL,NULL,0),
(63,3,'Physically Handicapped',1,1,'2021-10-01 14:22:59',NULL,NULL,0),
(64,3,'Upload Disability Certificate',1,1,'2021-10-01 14:22:59',NULL,NULL,0),
(65,3,'Disability Percentage',1,1,'2021-10-01 14:22:59',NULL,NULL,0),
(66,3,'Amount / Share payable to Each',1,1,'2021-10-01 14:22:59',NULL,NULL,0),
(67,3,'Minor',1,1,'2021-10-01 14:22:59',NULL,NULL,0),
(68,3,'Legal Guardian Name',1,1,'2021-10-01 14:22:59',NULL,NULL,0),
(69,3,'Legal Guardian Age',1,1,'2021-10-01 14:22:59',NULL,NULL,0),
(70,3,'Address of Legal Guardian',1,1,'2021-10-01 14:22:59',NULL,NULL,0),
(71,3,'Legal Guardian Attachment',1,1,'2021-10-01 14:22:59',NULL,NULL,0),
(72,4,'Attach recent passport size photograph with spouse (if married) and single photograph of self (applicant) duly attested',1,1,'2021-10-01 14:22:59',NULL,NULL,0),
(73,4,'Attach three descriptive roll slips each bearing three specimen signatures (L.T.I if illiterate). Particulars of height and identification marks (at least 2 conspicuous marks) and left hand thumb and all fingers impression of the applicant duly attested by the head of office.',1,1,'2021-10-01 14:22:59',NULL,NULL,0),
(74,4,'Attach attested copies of the date of birth certificates of all family members & nominee(s)',1,1,'2021-10-01 14:22:59',NULL,NULL,0),
(75,4,'Attach the Undertaking / Declaration for refund / recovery / of outstanding dues / excess payment wherever applicable',1,1,'2021-10-01 14:22:59',NULL,NULL,0),
(76,4,'Attach attested copy of the first page of Bank Pass Book with IFSC and MICR code',1,1,'2021-10-01 14:22:59',NULL,NULL,0),
(77,4,'Attach copy of cancelled cheque issued by the concerned bank',1,1,'2021-10-01 14:22:59',NULL,NULL,0),
(78,4,'Attach Indemnity Bond (For the PF account which have not been transferred from the RPFC)',1,1,'2021-10-01 14:22:59',NULL,NULL,0),
(79,1,'PF A/C No.',1,1,'2021-10-01 14:22:59',NULL,NULL,0),
(80,1,'Husband\'s Name',1,1,'2021-10-01 14:22:59',NULL,NULL,0),
(81,NULL,'Attested copy of death certificate',NULL,NULL,NULL,NULL,NULL,NULL),
(82,NULL,'Identification documents of the applicant viz.: Recent passport size photograph (attested on backside), 2 slips bearing specimen signatures / left thumb impressions and 2 slips bearing the present height and identification marks (at least 2 conspicuous marks) of the applicant.',NULL,NULL,NULL,NULL,NULL,NULL),
(83,NULL,'Undertaking for recovery of excess payments, if any',NULL,NULL,NULL,NULL,NULL,NULL),
(84,NULL,'Attested copy of the Pension Payment Order',NULL,NULL,NULL,NULL,NULL,NULL),
(85,NULL,'Power of Attorney (Authorisation to retrieve the dues of the deceased pensioner by the family members) if applicable',NULL,NULL,NULL,NULL,NULL,NULL);

/*Table structure for table `optcl_pension_form_master` */

DROP TABLE IF EXISTS `optcl_pension_form_master`;

CREATE TABLE `optcl_pension_form_master` (
  `id` int(11) NOT NULL AUTO_INCREMENT,
  `pension_type_id` int(11) DEFAULT NULL,
  `form_name` varchar(50) DEFAULT NULL,
  `status` tinyint(1) DEFAULT 1,
  `created_by` int(11) DEFAULT NULL,
  `created_at` datetime DEFAULT NULL,
  `modified_by` int(11) DEFAULT NULL,
  `modified_at` datetime DEFAULT NULL,
  `deleted` tinyint(1) DEFAULT 0,
  PRIMARY KEY (`id`)
) ENGINE=InnoDB AUTO_INCREMENT=9 DEFAULT CHARSET=utf8 COMMENT='Form master data';

/*Data for the table `optcl_pension_form_master` */

insert  into `optcl_pension_form_master`(`id`,`pension_type_id`,`form_name`,`status`,`created_by`,`created_at`,`modified_by`,`modified_at`,`deleted`) values 
(1,1,'Pensioner Details',1,1,'2021-09-25 13:17:17',NULL,NULL,0),
(2,1,'Personal Details ',1,1,'2021-09-25 13:17:19',NULL,NULL,0),
(3,1,'Nominee Details',1,1,'2021-09-25 13:17:22',NULL,NULL,0),
(4,1,'List of Documents',1,1,'2021-09-25 13:17:23',NULL,NULL,0),
(5,2,'Family Pension Form',1,1,'2021-12-08 11:02:43',NULL,NULL,0),
(6,2,'Family Pensioner',1,1,'2021-12-08 11:02:46',NULL,NULL,0),
(7,2,'Nominees',1,1,'2021-12-08 11:02:49',NULL,NULL,0),
(8,2,'List of Documents',1,1,'2021-12-08 11:02:52',NULL,NULL,0);

/*Table structure for table `optcl_pension_rule_master` */

DROP TABLE IF EXISTS `optcl_pension_rule_master`;

CREATE TABLE `optcl_pension_rule_master` (
  `id` int(11) NOT NULL AUTO_INCREMENT,
  `rule_name` text DEFAULT NULL,
  `status` tinyint(1) DEFAULT NULL,
  `created_by` int(11) DEFAULT NULL,
  `created_at` datetime DEFAULT NULL,
  `modified_by` int(11) DEFAULT NULL,
  `modified_at` datetime DEFAULT NULL,
  `deleted` tinyint(1) DEFAULT NULL,
  PRIMARY KEY (`id`)
) ENGINE=InnoDB DEFAULT CHARSET=utf8 COMMENT='Table to store the Pension Rules';

/*Data for the table `optcl_pension_rule_master` */

/*Table structure for table `optcl_pension_type_master` */

DROP TABLE IF EXISTS `optcl_pension_type_master`;

CREATE TABLE `optcl_pension_type_master` (
  `id` int(11) NOT NULL AUTO_INCREMENT,
  `pension_type` varchar(20) CHARACTER SET utf8mb4 DEFAULT NULL,
  `status` tinyint(1) DEFAULT 1,
  `created_by` int(11) DEFAULT NULL,
  `created_at` datetime DEFAULT NULL,
  `modified_by` int(11) DEFAULT NULL,
  `modified_at` datetime DEFAULT NULL,
  `deleted` tinyint(1) DEFAULT 0,
  PRIMARY KEY (`id`)
) ENGINE=InnoDB AUTO_INCREMENT=3 DEFAULT CHARSET=utf8;

/*Data for the table `optcl_pension_type_master` */

insert  into `optcl_pension_type_master`(`id`,`pension_type`,`status`,`created_by`,`created_at`,`modified_by`,`modified_at`,`deleted`) values 
(1,'Service Pension',1,1,'2021-09-24 11:21:13',NULL,NULL,0),
(2,'Family Pension',1,1,'2021-09-24 11:21:17',NULL,NULL,0);

/*Table structure for table `optcl_pension_unit_master` */

DROP TABLE IF EXISTS `optcl_pension_unit_master`;

CREATE TABLE `optcl_pension_unit_master` (
  `id` int(11) NOT NULL AUTO_INCREMENT,
  `pension_unit_name` varchar(50) DEFAULT NULL,
  `unit_code` varchar(20) DEFAULT NULL,
  `created_by` int(11) DEFAULT NULL,
  `created_at` datetime DEFAULT NULL,
  `modified_by` int(11) DEFAULT NULL,
  `modified_at` datetime DEFAULT NULL,
  `status` tinyint(1) DEFAULT 1,
  `deleted` tinyint(1) DEFAULT 0,
  PRIMARY KEY (`id`)
) ENGINE=InnoDB AUTO_INCREMENT=22 DEFAULT CHARSET=utf8;

/*Data for the table `optcl_pension_unit_master` */

insert  into `optcl_pension_unit_master`(`id`,`pension_unit_name`,`unit_code`,`created_by`,`created_at`,`modified_by`,`modified_at`,`status`,`deleted`) values 
(1,'DDO Hqrs BBSR','HQRS',1,'2021-09-25 12:28:08',NULL,NULL,1,0),
(2,'EHT OM Div BBSR','EHTBBSR',1,'2021-09-25 12:28:08',NULL,NULL,1,0),
(3,'EMR DIV BBSR','EMRBBSR',1,'2021-09-25 12:28:08',NULL,NULL,1,0),
(4,'EHT OM Circle Cuttack','CTC',1,'2021-09-25 12:28:08',NULL,NULL,1,0),
(5,'EHT OM Div Chainpal','CPL',1,'2021-09-25 12:28:08',NULL,NULL,1,0),
(6,'EHT OM Div DKL','EMRDKL',1,'2021-09-25 12:28:08',NULL,NULL,1,0),
(7,'EMR Div MRM','RENGALI',1,'2021-09-25 12:28:08',NULL,NULL,1,0),
(8,'EHT OM Circle Jeypore','JEYPORE',1,'2021-09-25 12:28:08',NULL,NULL,1,0),
(9,'EHT OM Div Kesinga','KESINGA',1,'2021-09-25 12:28:08',NULL,NULL,1,0),
(10,'EHT con Div Angul','AGL',1,'2021-09-25 12:28:08',NULL,NULL,1,0),
(11,'EHT OM DIV Bhanjanagar','BJNR',1,'2021-09-25 12:28:08',NULL,NULL,1,0),
(12,'EHT OM DIV Balasore','BLS',1,'2021-09-25 12:28:08',NULL,NULL,1,0),
(13,'EHTOM Circle,Berhampur','BHM',1,'2021-09-25 12:28:08',NULL,NULL,1,0),
(14,'EHT OM Div,J Road','JROAD',1,'2021-09-25 12:28:08',NULL,NULL,1,0),
(15,'EHT OM Div,Joda','JODA',1,'2021-09-25 12:28:08',NULL,NULL,1,0),
(16,'EHT OM Div,Rourkela','RKL',1,'2021-09-25 12:28:08',NULL,NULL,1,0),
(17,'EHT OM Div,Bolangir','BOLANGIR',1,'2021-09-25 12:28:08',NULL,NULL,1,0),
(18,'EHT Con Div,Jharsuguda','JSG',1,'2021-09-25 12:28:08',NULL,NULL,1,0),
(19,'EHT OM Div Choudwar','CDR',1,'2021-09-25 12:28:08',NULL,NULL,1,0),
(20,'EHT OM Circle,Burla','BURLA',1,'2021-09-25 12:28:08',NULL,NULL,1,0),
(21,'EMR Div Rayagada','EMRRGDA',1,'2021-09-25 12:28:08',NULL,NULL,1,0);

/*Table structure for table `optcl_pf_account_type_master` */

DROP TABLE IF EXISTS `optcl_pf_account_type_master`;

CREATE TABLE `optcl_pf_account_type_master` (
  `id` int(11) NOT NULL AUTO_INCREMENT,
  `account_type` varchar(10) DEFAULT NULL,
  `status` tinyint(1) DEFAULT 1,
  `created_by` int(11) DEFAULT NULL,
  `created_at` datetime DEFAULT NULL,
  `modified_by` int(11) DEFAULT NULL,
  `modified_at` datetime DEFAULT NULL,
  `deleted` tinyint(1) DEFAULT 0,
  PRIMARY KEY (`id`)
) ENGINE=InnoDB AUTO_INCREMENT=4 DEFAULT CHARSET=utf8;

/*Data for the table `optcl_pf_account_type_master` */

insert  into `optcl_pf_account_type_master`(`id`,`account_type`,`status`,`created_by`,`created_at`,`modified_by`,`modified_at`,`deleted`) values 
(1,'EPF',1,1,'2021-09-25 12:16:15',NULL,NULL,0),
(2,'GPF',1,1,'2021-09-25 12:16:18',NULL,NULL,0),
(3,'CPF',1,1,'2021-09-25 12:16:20',NULL,NULL,0);

/*Table structure for table `optcl_physical_verification` */

DROP TABLE IF EXISTS `optcl_physical_verification`;

CREATE TABLE `optcl_physical_verification` (
  `id` int(11) NOT NULL AUTO_INCREMENT,
  `application_id` int(11) DEFAULT NULL,
  `application_no` varchar(20) DEFAULT NULL,
  `user_id` int(11) DEFAULT NULL,
  `is_checked_bank_passbook` tinyint(1) DEFAULT NULL,
  `is_checked_aadhaar_no` tinyint(1) DEFAULT NULL,
  `is_checked_pan_no` tinyint(1) DEFAULT NULL,
  `status` tinyint(1) DEFAULT 1,
  `created_by` int(11) DEFAULT NULL,
  `created_at` datetime DEFAULT NULL,
  `modified_by` int(11) DEFAULT NULL,
  `modified_at` datetime DEFAULT NULL,
  `deleted` tinyint(1) DEFAULT 0,
  PRIMARY KEY (`id`)
) ENGINE=InnoDB AUTO_INCREMENT=5 DEFAULT CHARSET=utf8mb4;

/*Data for the table `optcl_physical_verification` */

insert  into `optcl_physical_verification`(`id`,`application_id`,`application_no`,`user_id`,`is_checked_bank_passbook`,`is_checked_aadhaar_no`,`is_checked_pan_no`,`status`,`created_by`,`created_at`,`modified_by`,`modified_at`,`deleted`) values 
(1,NULL,'202100001',17,1,1,1,1,17,'2022-01-05 18:56:17',NULL,NULL,0),
(2,NULL,'202100001',17,1,1,1,1,17,'2022-01-05 19:00:51',NULL,NULL,0),
(3,NULL,'202100001',17,1,1,1,1,17,'2022-01-05 19:02:03',NULL,NULL,0),
(4,NULL,'202100001',17,1,1,1,1,17,'2022-01-05 19:07:20',NULL,NULL,0);

/*Table structure for table `optcl_ppo_no_list` */

DROP TABLE IF EXISTS `optcl_ppo_no_list`;

CREATE TABLE `optcl_ppo_no_list` (
  `id` int(11) NOT NULL AUTO_INCREMENT,
  `pensioner_type_id` int(11) DEFAULT NULL COMMENT 'optcl_application_pensioner_type_master',
  `application_type` int(11) DEFAULT NULL COMMENT 'optcl_application_type',
  `pensioner_type` int(11) DEFAULT NULL COMMENT 'optcl_pension_type_master',
  `application_id` int(11) DEFAULT NULL,
  `ppo_no` varchar(30) DEFAULT NULL,
  `created_by` int(11) DEFAULT NULL,
  `created_at` datetime DEFAULT NULL,
  `status` tinyint(1) NOT NULL DEFAULT 1,
  `deleted` tinyint(1) NOT NULL DEFAULT 0,
  PRIMARY KEY (`id`)
) ENGINE=InnoDB AUTO_INCREMENT=17 DEFAULT CHARSET=utf8mb4;

/*Data for the table `optcl_ppo_no_list` */

insert  into `optcl_ppo_no_list`(`id`,`pensioner_type_id`,`application_type`,`pensioner_type`,`application_id`,`ppo_no`,`created_by`,`created_at`,`status`,`deleted`) values 
(1,3,NULL,NULL,NULL,'03/2022/00001',17,'2022-03-29 17:08:33',1,0),
(2,4,NULL,NULL,NULL,'03/2022/00002',17,'2022-03-29 19:09:20',1,0),
(3,3,NULL,NULL,NULL,'03/2022/00003',17,'2022-03-30 11:10:01',1,0),
(4,4,NULL,NULL,NULL,'04/2022/00004',17,'2022-04-01 12:11:14',1,0),
(5,3,NULL,NULL,NULL,'04/2022/00005',17,'2022-04-01 14:51:45',1,0),
(6,3,NULL,NULL,NULL,'04/2022/00006',17,'2022-04-02 10:49:17',1,0),
(7,3,NULL,NULL,NULL,'04/2022/00007',17,'2022-04-02 10:57:17',1,0),
(8,4,NULL,NULL,NULL,'04/2022/00008',17,'2022-04-02 11:54:16',1,0),
(9,3,NULL,NULL,NULL,'04/2022/00009',17,'2022-04-04 16:09:43',1,0),
(10,2,NULL,NULL,NULL,'04/2022/00010',33,'2022-04-04 19:11:12',1,0),
(11,3,NULL,NULL,NULL,'04/2022/00011',17,'2022-04-11 13:26:07',1,0),
(12,3,NULL,NULL,NULL,'04/2022/00012',17,'2022-04-11 17:25:33',1,0),
(13,3,NULL,NULL,NULL,'04/2022/00013',17,'2022-04-11 17:31:24',1,0),
(14,3,NULL,NULL,NULL,'04/2022/00014',17,'2022-04-19 20:01:39',1,0),
(15,3,NULL,NULL,NULL,'04/2022/0015',17,'2022-04-26 16:52:24',1,0),
(16,3,2,2,30,'2022/05/0016',17,'2022-05-11 16:58:05',1,0);

/*Table structure for table `optcl_relation_master` */

DROP TABLE IF EXISTS `optcl_relation_master`;

CREATE TABLE `optcl_relation_master` (
  `id` int(11) NOT NULL AUTO_INCREMENT,
  `relation_name` varchar(50) DEFAULT NULL,
  `status` tinyint(1) DEFAULT 1,
  `created_by` int(11) DEFAULT NULL,
  `created_at` datetime DEFAULT NULL,
  `modified_by` int(11) DEFAULT NULL,
  `modified_at` datetime DEFAULT NULL,
  `deleted` tinyint(1) DEFAULT 0,
  PRIMARY KEY (`id`)
) ENGINE=InnoDB AUTO_INCREMENT=6 DEFAULT CHARSET=utf8;

/*Data for the table `optcl_relation_master` */

insert  into `optcl_relation_master`(`id`,`relation_name`,`status`,`created_by`,`created_at`,`modified_by`,`modified_at`,`deleted`) values 
(1,'Spouse',1,1,'2021-09-25 12:18:54',NULL,NULL,0),
(2,'Son',1,1,'2021-09-25 12:18:56',NULL,NULL,0),
(3,'Daughter',1,1,'2021-09-25 12:18:58',NULL,NULL,0),
(4,'Father',1,1,'2021-09-25 12:19:00',NULL,NULL,0),
(5,'Mother',1,1,'2021-09-25 12:19:02',NULL,NULL,0);

/*Table structure for table `optcl_relation_status_master` */

DROP TABLE IF EXISTS `optcl_relation_status_master`;

CREATE TABLE `optcl_relation_status_master` (
  `id` int(11) NOT NULL AUTO_INCREMENT,
  `relation_id` int(11) DEFAULT NULL,
  `relation_status_name` varchar(100) DEFAULT NULL,
  `created_by` int(11) DEFAULT NULL,
  `created_at` datetime DEFAULT NULL,
  `modified_by` int(11) DEFAULT NULL,
  `modified_at` datetime DEFAULT NULL,
  `status` tinyint(1) NOT NULL DEFAULT 1,
  `deleted` tinyint(1) NOT NULL DEFAULT 0,
  PRIMARY KEY (`id`)
) ENGINE=InnoDB AUTO_INCREMENT=12 DEFAULT CHARSET=utf8mb4;

/*Data for the table `optcl_relation_status_master` */

insert  into `optcl_relation_status_master`(`id`,`relation_id`,`relation_status_name`,`created_by`,`created_at`,`modified_by`,`modified_at`,`status`,`deleted`) values 
(1,1,'Widow',1,'2022-02-12 12:17:40',NULL,NULL,1,0),
(2,1,'Divorce',1,'2022-02-12 12:17:40',NULL,NULL,1,0),
(3,2,'Married',1,'2022-02-12 12:17:40',NULL,NULL,1,0),
(4,2,'Unmarried',1,'2022-02-12 12:17:40',NULL,NULL,1,0),
(5,3,'Married',1,'2022-02-12 12:17:40',NULL,NULL,1,0),
(6,3,'Unmarried',1,'2022-02-12 12:17:40',NULL,NULL,1,0),
(7,3,'Widow',1,'2022-02-12 12:17:40',NULL,NULL,1,0),
(8,3,'Divorce',1,'2022-02-12 12:17:40',NULL,NULL,1,0),
(9,2,'Child',1,'2022-02-12 12:17:40',NULL,NULL,1,0),
(10,4,'NA',1,'2022-02-12 12:17:40',NULL,NULL,1,0),
(11,5,'NA',1,'2022-02-12 12:17:40',NULL,NULL,1,0);

/*Table structure for table `optcl_religion_master` */

DROP TABLE IF EXISTS `optcl_religion_master`;

CREATE TABLE `optcl_religion_master` (
  `id` int(11) NOT NULL AUTO_INCREMENT,
  `religion_name` varchar(20) DEFAULT NULL,
  `status` tinyint(1) DEFAULT 1,
  `created_by` int(11) DEFAULT NULL,
  `created_at` datetime DEFAULT NULL,
  `modified_by` int(11) DEFAULT NULL,
  `modified_at` datetime DEFAULT NULL,
  `deleted` tinyint(1) DEFAULT 0,
  PRIMARY KEY (`id`)
) ENGINE=InnoDB AUTO_INCREMENT=7 DEFAULT CHARSET=utf8;

/*Data for the table `optcl_religion_master` */

insert  into `optcl_religion_master`(`id`,`religion_name`,`status`,`created_by`,`created_at`,`modified_by`,`modified_at`,`deleted`) values 
(1,'Hindu',1,1,'2021-09-25 12:18:04',NULL,NULL,0),
(2,'Muslim',1,1,'2021-09-25 12:18:06',NULL,NULL,0),
(3,'Cristian',1,1,'2021-09-25 12:18:08',NULL,NULL,0),
(4,'Jain',1,1,'2021-09-25 12:18:10',NULL,NULL,0),
(5,'Sikh',1,1,'2021-09-25 12:18:12',NULL,NULL,0),
(6,'Parsi',1,1,'2021-09-25 12:18:14',NULL,NULL,0);

/*Table structure for table `optcl_state_master` */

DROP TABLE IF EXISTS `optcl_state_master`;

CREATE TABLE `optcl_state_master` (
  `id` int(11) NOT NULL AUTO_INCREMENT,
  `country_id` int(11) DEFAULT NULL,
  `state_name` varchar(50) DEFAULT NULL,
  `status` tinyint(1) DEFAULT 1,
  `created_by` int(11) DEFAULT NULL,
  `created_at` datetime DEFAULT NULL,
  `modified_by` int(11) DEFAULT NULL,
  `modified_at` datetime DEFAULT NULL,
  `deleted` tinyint(1) DEFAULT 0,
  PRIMARY KEY (`id`),
  KEY `country_id` (`country_id`),
  CONSTRAINT `optcl_state_master_ibfk_1` FOREIGN KEY (`country_id`) REFERENCES `optcl_country_master` (`id`)
) ENGINE=InnoDB AUTO_INCREMENT=39 DEFAULT CHARSET=utf8;

/*Data for the table `optcl_state_master` */

insert  into `optcl_state_master`(`id`,`country_id`,`state_name`,`status`,`created_by`,`created_at`,`modified_by`,`modified_at`,`deleted`) values 
(2,1,'Andhra Pradesh',1,1,'2021-09-25 12:04:03',NULL,NULL,0),
(3,1,'Arunachal Pradesh',1,1,'2021-09-25 12:04:03',NULL,NULL,0),
(4,1,'Assam',1,1,'2021-09-25 12:04:03',NULL,NULL,0),
(5,1,'Bihar',1,1,'2021-09-25 12:04:03',NULL,NULL,0),
(7,1,'Chhattisgarh',1,1,'2021-09-25 12:04:03',NULL,NULL,0),
(10,1,'Delhi',1,1,'2021-09-25 12:04:03',NULL,NULL,0),
(11,1,'Goa',1,1,'2021-09-25 12:04:03',NULL,NULL,0),
(12,1,'Gujarat',1,1,'2021-09-25 12:04:03',NULL,NULL,0),
(13,1,'Haryana',1,1,'2021-09-25 12:04:03',NULL,NULL,0),
(14,1,'Himachal Pradesh',1,1,'2021-09-25 12:04:03',NULL,NULL,0),
(15,1,'Jammu Kashmir',1,1,'2021-09-25 12:04:03',NULL,NULL,0),
(16,1,'Jharkhand',1,1,'2021-09-25 12:04:03',NULL,NULL,0),
(17,1,'Karnataka',1,1,'2021-09-25 12:04:03',NULL,NULL,0),
(18,1,'Kerala',1,1,'2021-09-25 12:04:03',NULL,NULL,0),
(21,1,'Madhya Pradesh',1,1,'2021-09-25 12:04:03',NULL,NULL,0),
(22,1,'Maharashtra',1,1,'2021-09-25 12:04:03',NULL,NULL,0),
(23,1,'Manipur',1,1,'2021-09-25 12:04:03',NULL,NULL,0),
(24,1,'Meghalaya',1,1,'2021-09-25 12:04:03',NULL,NULL,0),
(25,1,'Mizoram',1,1,'2021-09-25 12:04:03',NULL,NULL,0),
(26,1,'Nagaland',1,1,'2021-09-25 12:04:03',NULL,NULL,0),
(27,1,'Odisha',1,1,'2021-09-25 12:04:03',NULL,NULL,0),
(29,1,'Punjab',1,1,'2021-09-25 12:04:03',NULL,NULL,0),
(30,1,'Rajasthan',1,1,'2021-09-25 12:04:03',NULL,NULL,0),
(31,1,'Sikkim',1,1,'2021-09-25 12:04:03',NULL,NULL,0),
(32,1,'Tamil Nadu',1,1,'2021-09-25 12:04:03',NULL,NULL,0),
(33,1,'Telangana',1,NULL,'2021-11-23 13:49:49',NULL,'2021-11-23 13:49:49',0),
(34,1,'Tripura',1,1,'2021-09-25 12:04:03',NULL,NULL,0),
(35,1,'Uttar Pradesh',1,1,'2021-09-25 12:04:03',NULL,NULL,0),
(36,1,'Uttarakhand',1,1,'2021-09-25 12:04:03',NULL,NULL,0),
(37,1,'West Bengal',1,1,'2021-09-25 12:04:03',NULL,NULL,0);

/*Table structure for table `optcl_tax_declaration_master` */

DROP TABLE IF EXISTS `optcl_tax_declaration_master`;

CREATE TABLE `optcl_tax_declaration_master` (
  `id` int(11) NOT NULL AUTO_INCREMENT,
  `emp_id` int(11) DEFAULT NULL,
  `emp_code` int(11) DEFAULT NULL,
  `aadhaar_no` varchar(15) DEFAULT NULL,
  `optcl_unit_id` int(11) DEFAULT NULL,
  `is_approved` tinyint(1) DEFAULT NULL,
  `is_income_other_pension` tinyint(4) DEFAULT NULL,
  `income_property` float DEFAULT NULL,
  `income_property_file` text DEFAULT NULL,
  `other_income` float DEFAULT NULL,
  `other_income_file` text DEFAULT NULL,
  `lic` float DEFAULT NULL,
  `lic_file` text DEFAULT NULL,
  `nsc` int(11) DEFAULT NULL,
  `nsc_file` text DEFAULT NULL,
  `ppf` int(11) DEFAULT NULL,
  `ppf_file` text DEFAULT NULL,
  `eighty_d` int(11) DEFAULT NULL,
  `eighty_d_file` text DEFAULT NULL,
  `eighty_dd` int(11) DEFAULT NULL,
  `eighty_dd_file` text DEFAULT NULL,
  `status` tinyint(1) DEFAULT 1,
  `created_at` datetime NOT NULL DEFAULT current_timestamp(),
  `modified_at` datetime DEFAULT NULL,
  `created_by` int(11) DEFAULT NULL,
  `modified_by` int(11) DEFAULT NULL,
  `deleted` tinyint(1) DEFAULT 0,
  PRIMARY KEY (`id`)
) ENGINE=InnoDB AUTO_INCREMENT=11 DEFAULT CHARSET=utf8;

/*Data for the table `optcl_tax_declaration_master` */

insert  into `optcl_tax_declaration_master`(`id`,`emp_id`,`emp_code`,`aadhaar_no`,`optcl_unit_id`,`is_approved`,`is_income_other_pension`,`income_property`,`income_property_file`,`other_income`,`other_income_file`,`lic`,`lic_file`,`nsc`,`nsc_file`,`ppf`,`ppf_file`,`eighty_d`,`eighty_d_file`,`eighty_dd`,`eighty_dd_file`,`status`,`created_at`,`modified_at`,`created_by`,`modified_by`,`deleted`) values 
(2,1,42600,'123456789999',NULL,1,1,1000,'uploads/tax_declaration/income_property_file/1634723912-1149445113.jpg',1000,'uploads/tax_declaration/other_income_file/1634723912-1890207912.jpg',1000,'uploads/tax_declaration/lic_file/1634723912-1663737274.jpg',1000,'uploads/tax_declaration/nsc_file/1634723912-1499141577.jpg',1000,'uploads/tax_declaration/ppf_file/1634723912-1498395544.jpg',1000,'uploads/tax_declaration/ety_d_file/1634723912-1905285615.jpg',1000,'uploads/tax_declaration/ety_dd_file/1634723912-161553057.jpg',1,'2021-10-20 15:28:32',NULL,NULL,NULL,0),
(4,1,42601,'123456789999',NULL,0,1,1022,'uploads/tax_declaration/income_property_file/1634725210-1370181957.jpg',1055,'uploads/tax_declaration/other_income_file/1634725210-1601882240.jpg',4556,'uploads/tax_declaration/lic_file/1634725210-1283083286.jpg',1554,'uploads/tax_declaration/nsc_file/1634725210-1970794525.jpg',1225,'uploads/tax_declaration/ppf_file/1634725210-1255656587.jpg',1200,'uploads/tax_declaration/ety_d_file/1634725210-1268313300.jpg',14455,'uploads/tax_declaration/ety_dd_file/1634725210-1365173946.jpg',1,'2021-10-20 15:50:10',NULL,NULL,NULL,0),
(6,1,42600,'123456789999',NULL,1,1,4444440,'uploads/tax_declaration/income_property_file/1634737589-1315929884.jpg',212,'uploads/tax_declaration/other_income_file/1634737589-1853007237.jpg',2121,'uploads/tax_declaration/lic_file/1634737589-1111965915.jpg',2112222,'uploads/tax_declaration/nsc_file/1634737589-1218463822.jpg',121212,'uploads/tax_declaration/ppf_file/1634737589-1258162772.jpg',12121,'uploads/tax_declaration/ety_d_file/1634737589-1744279568.jpg',21212,'uploads/tax_declaration/ety_dd_file/1634737589-1233741259.jpg',1,'2021-10-20 19:16:29',NULL,NULL,NULL,0),
(7,1,42600,'123456789999',NULL,0,0,NULL,NULL,NULL,NULL,NULL,NULL,NULL,NULL,NULL,NULL,NULL,NULL,NULL,NULL,1,'2021-10-21 12:29:51',NULL,NULL,NULL,0),
(8,1,42600,'123456789999',NULL,0,0,NULL,NULL,NULL,NULL,NULL,NULL,NULL,NULL,NULL,NULL,NULL,NULL,NULL,NULL,1,'2021-10-21 13:01:22',NULL,NULL,NULL,0),
(9,1,42600,'123456789999',1,NULL,1,1231310,'uploads/tax_declaration/income_property_file/1634817248-126562039.jpg',1223,'uploads/tax_declaration/other_income_file/1634817248-1172537057.jpg',1231210,'uploads/tax_declaration/lic_file/1634817248-1781179414.jpg',1231,'uploads/tax_declaration/nsc_file/1634817248-1139755769.jpg',123132,'uploads/tax_declaration/ppf_file/1634817248-1673122011.jpg',12312,'uploads/tax_declaration/ety_d_file/1634817248-1971414168.jpg',12332,'uploads/tax_declaration/ety_dd_file/1634817248-1207539737.jpg',1,'2021-10-21 17:24:08',NULL,NULL,NULL,0),
(10,1,42600,'123456789999',NULL,NULL,0,NULL,NULL,NULL,NULL,NULL,NULL,NULL,NULL,NULL,NULL,NULL,NULL,NULL,NULL,1,'2021-10-21 18:31:53',NULL,NULL,NULL,0);

/*Table structure for table `optcl_tax_financial_year_master` */

DROP TABLE IF EXISTS `optcl_tax_financial_year_master`;

CREATE TABLE `optcl_tax_financial_year_master` (
  `id` int(11) NOT NULL AUTO_INCREMENT,
  `year_value` varchar(100) DEFAULT NULL,
  `created_by` int(11) DEFAULT NULL,
  `created_at` datetime DEFAULT NULL,
  `updated_by` int(11) DEFAULT NULL,
  `updated_at` datetime DEFAULT NULL,
  `status` tinyint(1) DEFAULT 1,
  `deleted` tinyint(1) DEFAULT 0,
  PRIMARY KEY (`id`)
) ENGINE=InnoDB AUTO_INCREMENT=2 DEFAULT CHARSET=utf8mb4;

/*Data for the table `optcl_tax_financial_year_master` */

insert  into `optcl_tax_financial_year_master`(`id`,`year_value`,`created_by`,`created_at`,`updated_by`,`updated_at`,`status`,`deleted`) values 
(1,'2021-22',1,'2022-04-01 14:38:24',NULL,NULL,1,0);

/*Table structure for table `optcl_tax_master` */

DROP TABLE IF EXISTS `optcl_tax_master`;

CREATE TABLE `optcl_tax_master` (
  `id` int(11) NOT NULL AUTO_INCREMENT,
  `type_name` varchar(50) DEFAULT NULL,
  `created_by` int(11) DEFAULT NULL,
  `created_at` datetime DEFAULT NULL,
  `modified_by` int(11) DEFAULT NULL,
  `modified_at` datetime DEFAULT NULL,
  `status` tinyint(1) DEFAULT 1,
  `deleted` tinyint(1) DEFAULT 0,
  PRIMARY KEY (`id`)
) ENGINE=InnoDB AUTO_INCREMENT=3 DEFAULT CHARSET=utf8mb4;

/*Data for the table `optcl_tax_master` */

insert  into `optcl_tax_master`(`id`,`type_name`,`created_by`,`created_at`,`modified_by`,`modified_at`,`status`,`deleted`) values 
(1,'New Regime',1,'2022-04-08 17:05:20',NULL,NULL,1,0),
(2,'Old Regime',1,'2022-04-08 17:05:34',NULL,NULL,1,0);

/*Table structure for table `optcl_tax_slab_master` */

DROP TABLE IF EXISTS `optcl_tax_slab_master`;

CREATE TABLE `optcl_tax_slab_master` (
  `id` int(11) NOT NULL AUTO_INCREMENT,
  `is_new` tinyint(1) DEFAULT 1 COMMENT '1-New, 0-Old',
  `conditional_value` varchar(30) DEFAULT NULL COMMENT 'less_than, all, greater_than_equal,greater_than',
  `from_age` int(5) DEFAULT NULL,
  `to_age` int(5) DEFAULT NULL,
  `from_salary` double(18,2) DEFAULT NULL,
  `to_salary` double(18,2) DEFAULT NULL,
  `rate_of_tax` float(5,2) DEFAULT NULL,
  `created_by` int(11) DEFAULT NULL,
  `created_at` datetime DEFAULT NULL,
  `updated_by` int(11) DEFAULT NULL,
  `updated_at` datetime DEFAULT NULL,
  `status` tinyint(1) DEFAULT 1,
  `deleted` tinyint(1) DEFAULT 0,
  PRIMARY KEY (`id`)
) ENGINE=InnoDB AUTO_INCREMENT=19 DEFAULT CHARSET=utf8mb4;

/*Data for the table `optcl_tax_slab_master` */

insert  into `optcl_tax_slab_master`(`id`,`is_new`,`conditional_value`,`from_age`,`to_age`,`from_salary`,`to_salary`,`rate_of_tax`,`created_by`,`created_at`,`updated_by`,`updated_at`,`status`,`deleted`) values 
(1,2,'less_than',0,60,0.00,250000.00,0.00,1,'2022-04-01 14:43:47',NULL,NULL,1,0),
(2,2,'less_than',0,60,250001.00,500000.00,5.00,1,'2022-04-01 14:44:49',NULL,NULL,1,0),
(3,2,'less_than',0,60,500001.00,1000000.00,20.00,1,'2022-04-01 14:45:57',NULL,NULL,1,0),
(4,2,'less_than',0,60,1000001.00,NULL,30.00,1,'2022-04-01 14:46:50',NULL,NULL,1,0),
(5,1,'all',NULL,NULL,0.00,250000.00,0.00,1,'2022-04-01 14:46:50',NULL,NULL,1,0),
(6,1,'all',NULL,NULL,250001.00,500000.00,5.00,1,'2022-04-01 14:46:50',NULL,NULL,1,0),
(7,1,'all',NULL,NULL,500001.00,750000.00,10.00,1,'2022-04-01 14:46:50',NULL,NULL,1,0),
(8,1,'all',NULL,NULL,750001.00,1000000.00,15.00,1,'2022-04-01 14:46:50',NULL,NULL,1,0),
(9,1,'all',NULL,NULL,1000001.00,1250000.00,20.00,1,'2022-04-01 14:46:50',NULL,NULL,1,0),
(10,1,'all',NULL,NULL,1250001.00,1500000.00,25.00,1,'2022-04-01 14:46:50',NULL,NULL,1,0),
(11,1,'all',NULL,NULL,1500001.00,NULL,30.00,1,'2022-04-01 14:46:50',NULL,NULL,1,0),
(12,2,'greater_than_equal',60,80,0.00,300000.00,0.00,1,'2022-04-01 14:46:50',NULL,NULL,1,0),
(13,2,'greater_than_equal',60,80,300001.00,500000.00,5.00,1,'2022-04-01 14:46:50',NULL,NULL,1,0),
(14,2,'greater_than_equal',60,80,500001.00,1000000.00,20.00,1,'2022-04-01 14:46:50',NULL,NULL,1,0),
(15,2,'greater_than_equal',60,80,1000001.00,NULL,30.00,1,'2022-04-01 14:46:50',NULL,NULL,1,0),
(16,2,'greater_than',80,NULL,0.00,500000.00,0.00,1,'2022-04-01 14:46:50',NULL,NULL,1,0),
(17,2,'greater_than',80,NULL,500001.00,1000000.00,20.00,1,'2022-04-01 14:46:50',NULL,NULL,1,0),
(18,2,'greater_than',80,NULL,1000001.00,NULL,30.00,1,'2022-04-01 14:46:50',NULL,NULL,1,0);

/*Table structure for table `optcl_taxable_amount_calculation_details` */

DROP TABLE IF EXISTS `optcl_taxable_amount_calculation_details`;

CREATE TABLE `optcl_taxable_amount_calculation_details` (
  `id` int(11) NOT NULL AUTO_INCREMENT,
  `appliation_type` int(11) DEFAULT NULL COMMENT 'optcl_application_type',
  `pensioner_type` int(11) DEFAULT NULL COMMENT 'optcl_pension_type_master',
  `application_id` int(11) DEFAULT NULL COMMENT 'optcl_existing_user/ optcl_pension_application_form',
  `total_income` double(18,2) DEFAULT NULL,
  `standard_deduction` double(18,2) DEFAULT NULL,
  `amount_80c` double(18,2) DEFAULT NULL,
  `amount_80d` double(18,2) DEFAULT NULL,
  `amount_80dd` double(18,2) DEFAULT NULL,
  `amount_80e` double(18,2) DEFAULT NULL,
  `amount_80u` double(18,2) DEFAULT NULL,
  `amount_24b` double(18,2) DEFAULT NULL,
  `amount_others` double(18,2) DEFAULT NULL,
  `taxable_amount` double(18,2) DEFAULT NULL,
  `created_by` int(11) DEFAULT NULL,
  `created_at` datetime DEFAULT NULL,
  `modified_by` int(11) DEFAULT NULL,
  `modified_at` datetime DEFAULT NULL,
  `status` tinyint(1) DEFAULT 1,
  `deleted` tinyint(1) DEFAULT 0,
  PRIMARY KEY (`id`)
) ENGINE=InnoDB AUTO_INCREMENT=8 DEFAULT CHARSET=utf8mb4 COMMENT='Store all details at the time of taxable amount calculation';

/*Data for the table `optcl_taxable_amount_calculation_details` */

insert  into `optcl_taxable_amount_calculation_details`(`id`,`appliation_type`,`pensioner_type`,`application_id`,`total_income`,`standard_deduction`,`amount_80c`,`amount_80d`,`amount_80dd`,`amount_80e`,`amount_80u`,`amount_24b`,`amount_others`,`taxable_amount`,`created_by`,`created_at`,`modified_by`,`modified_at`,`status`,`deleted`) values 
(4,2,1,27,564480.00,50000.00,10000.00,10000.00,0.00,NULL,0.00,0.00,0.00,484480.00,17,'2022-04-16 11:56:45',NULL,NULL,1,0),
(5,2,1,26,552000.00,50000.00,50000.00,0.00,0.00,NULL,0.00,0.00,0.00,452000.00,17,'2022-04-16 11:58:20',NULL,NULL,1,0),
(6,2,1,28,1006800.00,50000.00,1000.00,0.00,0.00,NULL,0.00,0.00,0.00,955800.00,17,'2022-04-19 20:02:12',NULL,NULL,1,0),
(7,2,1,30,713280.00,50000.00,0.00,0.00,0.00,NULL,0.00,0.00,0.00,663280.00,17,'2022-05-16 16:21:03',NULL,NULL,1,0);

/*Table structure for table `optcl_taxable_details_master` */

DROP TABLE IF EXISTS `optcl_taxable_details_master`;

CREATE TABLE `optcl_taxable_details_master` (
  `id` int(11) NOT NULL AUTO_INCREMENT,
  `deduction_value` double(18,2) DEFAULT NULL,
  `rebet_amount` double(18,2) DEFAULT NULL,
  `health_education_cess_per` float(5,2) DEFAULT NULL,
  `created_by` int(11) DEFAULT NULL,
  `created_at` datetime DEFAULT NULL,
  `modified_by` int(11) DEFAULT NULL,
  `modified_at` datetime DEFAULT NULL,
  `status` tinyint(1) DEFAULT 1,
  `deleted` tinyint(1) DEFAULT 0,
  PRIMARY KEY (`id`)
) ENGINE=InnoDB AUTO_INCREMENT=2 DEFAULT CHARSET=utf8mb4 COMMENT='Store standard deduction value is used at the time of taxable amount calculation';

/*Data for the table `optcl_taxable_details_master` */

insert  into `optcl_taxable_details_master`(`id`,`deduction_value`,`rebet_amount`,`health_education_cess_per`,`created_by`,`created_at`,`modified_by`,`modified_at`,`status`,`deleted`) values 
(1,50000.00,12500.00,4.00,1,'2022-04-14 12:59:59',NULL,NULL,1,0);

/*Table structure for table `optcl_ti_category_master` */

DROP TABLE IF EXISTS `optcl_ti_category_master`;

CREATE TABLE `optcl_ti_category_master` (
  `id` int(11) NOT NULL AUTO_INCREMENT,
  `category_name` varchar(50) DEFAULT NULL,
  `ti_master_id` int(11) DEFAULT NULL,
  `created_by` int(11) DEFAULT NULL,
  `created_at` datetime DEFAULT NULL,
  `modified_by` int(11) DEFAULT NULL,
  `modified_at` datetime DEFAULT NULL,
  `status` tinyint(1) NOT NULL DEFAULT 1,
  `deleted` tinyint(1) NOT NULL DEFAULT 0,
  PRIMARY KEY (`id`)
) ENGINE=InnoDB AUTO_INCREMENT=5 DEFAULT CHARSET=utf8mb4;

/*Data for the table `optcl_ti_category_master` */

insert  into `optcl_ti_category_master`(`id`,`category_name`,`ti_master_id`,`created_by`,`created_at`,`modified_by`,`modified_at`,`status`,`deleted`) values 
(1,'Category 1',1,1,'2022-02-09 11:24:31',NULL,NULL,1,0),
(2,'Category 2',2,1,'2022-02-09 11:24:46',NULL,NULL,1,0),
(3,'Category 3',3,1,'2022-02-09 11:25:04',NULL,NULL,1,0),
(4,'Category 4',4,1,'2022-02-09 11:25:19',NULL,NULL,1,0);

/*Table structure for table `optcl_ti_master` */

DROP TABLE IF EXISTS `optcl_ti_master`;

CREATE TABLE `optcl_ti_master` (
  `id` int(11) NOT NULL AUTO_INCREMENT,
  `start_date` date DEFAULT NULL,
  `end_date` date DEFAULT NULL,
  `da_rate` double DEFAULT NULL,
  `is_latest` tinyint(1) DEFAULT NULL,
  `status` tinyint(1) DEFAULT 1,
  `created_by` int(11) DEFAULT NULL,
  `created_at` datetime DEFAULT NULL,
  `modified_by` int(11) DEFAULT NULL,
  `modified_at` datetime DEFAULT NULL,
  `deleted` tinyint(1) DEFAULT 0,
  PRIMARY KEY (`id`)
) ENGINE=InnoDB AUTO_INCREMENT=73 DEFAULT CHARSET=utf8;

/*Data for the table `optcl_ti_master` */

insert  into `optcl_ti_master`(`id`,`start_date`,`end_date`,`da_rate`,`is_latest`,`status`,`created_by`,`created_at`,`modified_by`,`modified_at`,`deleted`) values 
(1,'1986-01-01','1986-06-30',0,NULL,1,NULL,NULL,NULL,NULL,0),
(2,'1986-07-01','1986-12-31',4,NULL,1,NULL,NULL,NULL,NULL,0),
(3,'1987-01-01','1987-06-30',8,NULL,1,NULL,NULL,NULL,NULL,0),
(4,'1987-07-01','1987-12-31',13,NULL,1,NULL,NULL,NULL,NULL,0),
(5,'1988-01-01','1988-06-30',18,NULL,1,NULL,NULL,NULL,NULL,0),
(6,'1988-07-01','1988-12-31',23,NULL,1,NULL,NULL,NULL,NULL,0),
(7,'1989-01-01','1989-06-30',29,NULL,1,NULL,NULL,NULL,NULL,0),
(8,'1989-07-01','1989-12-31',34,NULL,1,NULL,NULL,NULL,NULL,0),
(9,'1990-01-01','1990-06-30',38,NULL,1,NULL,NULL,NULL,NULL,0),
(10,'1990-07-01','1990-12-31',43,NULL,1,NULL,NULL,NULL,NULL,0),
(11,'1991-01-01','1991-06-30',51,NULL,1,NULL,NULL,NULL,NULL,0),
(12,'1991-07-01','1991-12-31',60,NULL,1,NULL,NULL,NULL,NULL,0),
(13,'1992-01-01','1992-06-30',71,NULL,1,NULL,NULL,NULL,NULL,0),
(14,'1992-07-01','1992-12-31',83,NULL,1,NULL,NULL,NULL,NULL,0),
(15,'1993-01-01','1993-06-30',92,NULL,1,NULL,NULL,NULL,NULL,0),
(16,'1993-07-01','1993-12-31',97,NULL,1,NULL,NULL,NULL,NULL,0),
(17,'1994-01-01','1994-06-30',104,NULL,1,NULL,NULL,NULL,NULL,0),
(18,'1994-07-01','1994-12-31',114,NULL,1,NULL,NULL,NULL,NULL,0),
(19,'1995-01-01','1995-06-30',125,NULL,1,NULL,NULL,NULL,NULL,0),
(20,'1995-07-01','1995-12-31',136,NULL,1,NULL,NULL,NULL,NULL,0),
(21,'1996-01-01','1996-06-30',0,NULL,1,NULL,NULL,NULL,NULL,0),
(22,'1996-07-01','1996-12-31',4,NULL,1,NULL,NULL,NULL,NULL,0),
(23,'1997-01-01','1997-06-30',8,NULL,1,NULL,NULL,NULL,NULL,0),
(24,'1997-07-01','1997-12-31',13,NULL,1,NULL,NULL,NULL,NULL,0),
(25,'1998-01-01','1998-06-30',16,NULL,1,NULL,NULL,NULL,NULL,0),
(26,'1998-07-01','1998-12-31',22,NULL,1,NULL,NULL,NULL,NULL,0),
(27,'1999-01-01','1999-06-30',32,NULL,1,NULL,NULL,NULL,NULL,0),
(28,'1999-07-01','1999-12-31',37,NULL,1,NULL,NULL,NULL,NULL,0),
(29,'2000-01-01','2000-06-30',38,NULL,1,NULL,NULL,NULL,NULL,0),
(30,'2000-07-01','2000-12-31',41,NULL,1,NULL,NULL,NULL,NULL,0),
(31,'2001-01-01','2001-06-30',43,NULL,1,NULL,NULL,NULL,NULL,0),
(32,'2001-07-01','2001-12-31',45,NULL,1,NULL,NULL,NULL,NULL,0),
(33,'2002-01-01','2002-06-30',49,NULL,1,NULL,NULL,NULL,NULL,0),
(34,'2002-07-01','2002-12-31',52,NULL,1,NULL,NULL,NULL,NULL,0),
(35,'2003-01-01','2003-06-30',55,NULL,1,NULL,NULL,NULL,NULL,0),
(36,'2003-07-01','2003-12-31',59,NULL,1,NULL,NULL,NULL,NULL,0),
(37,'2004-01-01','2004-06-30',61,NULL,1,NULL,NULL,NULL,NULL,0),
(38,'2004-07-01','2004-12-31',72,NULL,1,NULL,NULL,NULL,NULL,0),
(39,'2005-01-01','2005-06-30',NULL,NULL,1,NULL,NULL,NULL,NULL,0),
(40,'2005-07-01','2005-12-31',NULL,NULL,1,NULL,NULL,NULL,NULL,0),
(41,'2006-01-01','2006-06-30',0,NULL,1,NULL,NULL,NULL,NULL,0),
(42,'2006-07-01','2006-12-31',2,NULL,1,NULL,NULL,NULL,NULL,0),
(43,'2007-01-01','2007-06-30',6,NULL,1,NULL,NULL,NULL,NULL,0),
(44,'2007-07-01','2007-12-31',9,NULL,1,NULL,NULL,NULL,NULL,0),
(45,'2008-01-01','2008-06-30',12,NULL,1,NULL,NULL,NULL,NULL,0),
(46,'2008-07-01','2008-12-31',16,NULL,1,NULL,NULL,NULL,NULL,0),
(47,'2009-01-01','2009-06-30',22,NULL,1,NULL,NULL,NULL,NULL,0),
(48,'2009-07-01','2009-12-31',27,NULL,1,NULL,NULL,NULL,NULL,0),
(49,'2010-01-01','2010-06-30',35,NULL,1,NULL,NULL,NULL,NULL,0),
(50,'2010-07-01','2010-12-31',45,NULL,1,NULL,NULL,NULL,NULL,0),
(51,'2011-01-01','2011-06-30',51,NULL,1,NULL,NULL,NULL,NULL,0),
(52,'2011-07-01','2011-12-31',58,NULL,1,NULL,NULL,NULL,NULL,0),
(53,'2012-01-01','2012-06-30',65,NULL,1,NULL,NULL,NULL,NULL,0),
(54,'2012-07-01','2012-12-31',72,NULL,1,NULL,NULL,NULL,NULL,0),
(55,'2013-01-01','2013-06-30',80,NULL,1,NULL,NULL,NULL,NULL,0),
(56,'2013-07-01','2013-12-31',90,NULL,1,NULL,NULL,NULL,NULL,0),
(57,'2014-01-01','2014-06-30',100,NULL,1,NULL,NULL,NULL,NULL,0),
(58,'2014-07-01','2014-12-31',107,NULL,1,NULL,NULL,NULL,NULL,0),
(59,'2015-01-01','2015-06-30',113,NULL,1,NULL,NULL,NULL,NULL,0),
(60,'2015-07-01','2015-12-31',119,NULL,1,NULL,NULL,NULL,NULL,0),
(61,'2016-01-01','2016-06-30',0,NULL,1,NULL,NULL,NULL,NULL,0),
(62,'2016-07-01','2016-12-31',2,NULL,1,NULL,NULL,NULL,NULL,0),
(63,'2017-01-01','2017-06-30',4,NULL,1,NULL,NULL,NULL,NULL,0),
(64,'2017-07-01','2017-12-31',5,NULL,1,NULL,NULL,NULL,NULL,0),
(65,'2018-01-01','2018-06-30',7,NULL,1,NULL,NULL,NULL,NULL,0),
(66,'2018-07-01','2018-12-31',9,NULL,1,NULL,NULL,NULL,NULL,0),
(67,'2019-01-01','2019-06-30',12,NULL,1,NULL,NULL,NULL,NULL,0),
(68,'2019-07-01','2019-12-31',17,NULL,1,NULL,NULL,NULL,NULL,0),
(69,'2020-01-01','2020-06-30',17,NULL,1,NULL,NULL,NULL,NULL,0),
(70,'2020-07-01','2020-12-31',17,NULL,1,NULL,NULL,NULL,NULL,0),
(71,'2021-01-01','2021-06-30',NULL,NULL,1,NULL,NULL,NULL,NULL,0),
(72,'2021-07-01','2021-12-31',NULL,NULL,1,NULL,NULL,NULL,NULL,0);

/*Table structure for table `optcl_unit_master` */

DROP TABLE IF EXISTS `optcl_unit_master`;

CREATE TABLE `optcl_unit_master` (
  `id` int(11) NOT NULL AUTO_INCREMENT,
  `unit_name` varchar(50) DEFAULT NULL,
  `unit_code` varchar(10) DEFAULT NULL,
  `status` tinyint(1) DEFAULT 1,
  `created_by` int(11) DEFAULT NULL,
  `created_at` datetime DEFAULT NULL,
  `modified_by` int(11) DEFAULT NULL,
  `modified_at` datetime DEFAULT NULL,
  `deleted` tinyint(1) DEFAULT 0,
  PRIMARY KEY (`id`)
) ENGINE=InnoDB AUTO_INCREMENT=85 DEFAULT CHARSET=utf8;

/*Data for the table `optcl_unit_master` */

insert  into `optcl_unit_master`(`id`,`unit_name`,`unit_code`,`status`,`created_by`,`created_at`,`modified_by`,`modified_at`,`deleted`) values 
(1,'D.D.O Hqrs.OPTCL,Bhubaneswar','POH/002',1,1,'2021-09-25 12:26:44',NULL,NULL,0),
(2,'SR.G.M Power System, Bhubaneswar','GRT/132',1,1,'2021-09-25 12:26:44',NULL,NULL,0),
(3,'EHT(O&M) Circle, Cuttack','TMK/133',1,1,'2021-09-25 12:26:44',NULL,NULL,0),
(4,'EHT(O&M) Division, Chainpal','TMH/134',1,1,'2021-09-25 12:26:44',NULL,NULL,0),
(5,'EHT(O&M) Division, Choudwar','TMC/135',1,1,'2021-09-25 12:26:44',NULL,NULL,0),
(6,'EHT(O&M) Division, Bhubaneswar.','TJM/136',1,1,'2021-09-25 12:26:44',NULL,NULL,0),
(7,'E&MR Division, Bhubaneswar.','EMB/137',1,1,'2021-09-25 12:26:44',NULL,NULL,0),
(8,'EHT(O&M) Circle, Berhampur.','TMS/141',1,1,'2021-09-25 12:26:44',NULL,NULL,0),
(9,'EHT(O&M) Division, Berhampur.','TMB/142',1,1,'2021-09-25 12:26:44',NULL,NULL,0),
(10,'EHT(O&M)Division, BhanjaNagar','TMR/143',1,1,'2021-09-25 12:26:44',NULL,NULL,0),
(11,'EHT(O&M) Division, Theruvali','TMT/144',1,1,'2021-09-25 12:26:44',NULL,NULL,0),
(12,'EHT(O&M) Division,Jayanagar','TMY/145',1,1,'2021-09-25 12:26:44',NULL,NULL,0),
(13,'E&MR DIVN. Berhampur.','EMB/146',1,1,'2021-09-25 12:26:44',NULL,NULL,0),
(14,'E&MR Division, Rayagada','EMA/147',1,1,'2021-09-25 12:26:44',NULL,NULL,0),
(15,'EHT(O&M) Circle, Burla','TMN/151',1,1,'2021-09-25 12:26:44',NULL,NULL,0),
(16,'EHT(O&M) Division, Rourkela','TMO/152',1,1,'2021-09-25 12:26:44',NULL,NULL,0),
(17,'EHT(O&M) Division, Burla','TMU/153',1,1,'2021-09-25 12:26:44',NULL,NULL,0),
(18,'E&MR Division, Burla','EMR/154',1,1,'2021-09-25 12:26:44',NULL,NULL,0),
(19,'EHT(O&M) Division, Bolangir','TML/156',1,1,'2021-09-25 12:26:44',NULL,NULL,0),
(20,'EHT (O&M) Circle, Jajpur Road','TMG/161',1,1,'2021-09-25 12:26:44',NULL,NULL,0),
(21,'EHT(O&M)Division,Balasore','TME/163',1,1,'2021-09-25 12:26:44',NULL,NULL,0),
(22,'EHT(O&M) Division, Joda','TMJ/164',1,1,'2021-09-25 12:26:44',NULL,NULL,0),
(23,'EHT(O&M)Division, Jajpur Road','TMA/166',1,1,'2021-09-25 12:26:44',NULL,NULL,0),
(24,'Telecom Circle, Bhubaneswar.','TCC/171',1,1,'2021-09-25 12:26:44',NULL,NULL,0),
(25,'Telecom Division,Berhampur','TBG/173',1,1,'2021-09-25 12:26:44',NULL,NULL,0),
(26,'Telecom Division, Meramundali At TTPS.','LDD/176',1,1,'2021-09-25 12:26:44',NULL,NULL,0),
(27,'EHT(C ) Circle, Bhubaneswar.','CTB/182',1,1,'2021-09-25 12:26:44',NULL,NULL,0),
(28,'EHT(C ) Division, Bhubaneswar.','CTM/183',1,1,'2021-09-25 12:26:44',NULL,NULL,0),
(29,'EHT(C ) Division, Balasore.','CTH/184',1,1,'2021-09-25 12:26:44',NULL,NULL,0),
(30,'EHT(C ) Division, Jeypore','CTE/192',1,1,'2021-09-25 12:26:44',NULL,NULL,0),
(31,'EHT(C ) Circle, Sambalpur','CTA/201',1,1,'2021-09-25 12:26:44',NULL,NULL,0),
(32,'EHT(C ) Division, Angul','CTN/202',1,1,'2021-09-25 12:26:44',NULL,NULL,0),
(33,'EHT(C ) Division, Jharsuguda','CTD/203',1,1,'2021-09-25 12:26:44',NULL,NULL,0),
(34,'Civil Works Circle, Bhubaneswar.','CWC/211',1,1,'2021-09-25 12:26:44',NULL,NULL,0),
(35,'Civil Works Division,Bhubaneswar.','CWD/212',1,1,'2021-09-25 12:26:44',NULL,NULL,0),
(36,'Civil Works Division, Burla','CWB/213',1,1,'2021-09-25 12:26:44',NULL,NULL,0),
(37,'Sr.G .M (Const) Zone-I ,Bhubaneswar','CZB/221',1,1,'2021-09-25 12:26:44',NULL,NULL,0),
(38,'EHT (Const.) Division, Berhampur','CDG/222',1,1,'2021-09-25 12:26:44',NULL,NULL,0),
(39,'EHT (Const.) Circle, Jajpur Road','CCJ/223',1,1,'2021-09-25 12:26:44',NULL,NULL,0),
(40,'EHT (Const.) Division, Keonjhar','CDK/224',1,1,'2021-09-25 12:26:44',NULL,NULL,0),
(41,'Sr. G.M. Construction,Zone - II, Sambalpur','CZS/225',1,1,'2021-09-25 12:26:44',NULL,NULL,0),
(42,'EHT (Const.) Circle, Rayagada','CCR/226',1,1,'2021-09-25 12:26:44',NULL,NULL,0),
(43,'EHT (Const.) Division, Rayagada','CDR/227',1,1,'2021-09-25 12:26:44',NULL,NULL,0),
(44,'Telecom Circle, Meramundali','TCM/231',1,1,'2021-09-25 12:26:44',NULL,NULL,0),
(45,'Telecom Division, Sambalpur','TDS/232',1,1,'2021-09-25 12:26:44',NULL,NULL,0),
(46,'Telecom Division, Jajpur Road','TDJ/233',1,1,'2021-09-25 12:26:44',NULL,NULL,0),
(47,'Telecom Division, Bhubanesswar','TDB/234',1,1,'2021-09-25 12:26:44',NULL,NULL,0),
(48,'Telecom Division, Jeypore','TDK/235',1,1,'2021-09-25 12:26:44',NULL,NULL,0),
(49,'Telecom Division, Bolangir','TDL/236',1,1,'2021-09-25 12:26:44',NULL,NULL,0),
(50,'Stores Circle, Bhubaneswar.','SES/244',1,1,'2021-09-25 12:26:44',NULL,NULL,0),
(51,'EHT (Stores) Division, Bhubaneswar','TSB/245',1,1,'2021-09-25 12:26:44',NULL,NULL,0),
(52,'EHT (Store)Division Rayagada','TSR/246',1,1,'2021-09-25 12:26:44',NULL,NULL,0),
(53,'EHT (Store)Division Jharsuguda.','TSJ/247',1,1,'2021-09-25 12:26:44',NULL,NULL,0),
(54,'EHT(O&M) Division, Kesinga','TMQ/251',1,1,'2021-09-25 12:26:44',NULL,NULL,0),
(55,'EHT(O&M) Circle,Chainpal','TMD/252',1,1,'2021-09-25 12:26:44',NULL,NULL,0),
(56,'EHT(O&M) Circle, Jeypore','TMP/253',1,1,'2021-09-25 12:26:44',NULL,NULL,0),
(57,'EHT(C ) Division, Bolangir','CTO/255',1,1,'2021-09-25 12:26:44',NULL,NULL,0),
(58,'EHT(C ) Division, Cuttack','CTL/256',1,1,'2021-09-25 12:26:44',NULL,NULL,0),
(59,'Sr.GM (O&M) , Zone-I , Narendrapur','MZN/261',1,1,'2021-09-25 12:26:44',NULL,NULL,0),
(60,'State Capital Circle ,Cuttack','MCC/262',1,1,'2021-09-25 12:26:44',NULL,NULL,0),
(61,'EHT (O & M) Division ,Khurda','MDK/263',1,1,'2021-09-25 12:26:44',NULL,NULL,0),
(62,'EHT (O & M) Division ,Puri','MDP/264',1,1,'2021-09-25 12:26:44',NULL,NULL,0),
(63,'EHT (O & M) Division ,Mendhasal 400 KV S/S','MDM/265',1,1,'2021-09-25 12:26:44',NULL,NULL,0),
(64,'EHT (O & M) Division ,Cuttack','MDC/266',1,1,'2021-09-25 12:26:44',NULL,NULL,0),
(65,'EHT (O & M) Division ,Paradeep','MDJ/267',1,1,'2021-09-25 12:26:44',NULL,NULL,0),
(66,'EHT (O & M) Division ,Chhatrapur','MDG/268',1,1,'2021-09-25 12:26:44',NULL,NULL,0),
(67,'Sr.GM (Electctrical) Zone -II , Meramundali','MZM/271',1,1,'2021-09-25 12:26:44',NULL,NULL,0),
(68,'EHT (O & M) Division ,New Duburi 400 KV S/S','MDD/272',1,1,'2021-09-25 12:26:44',NULL,NULL,0),
(69,'EHT (O & M) Division ,Baripada','MDB/273',1,1,'2021-09-25 12:26:44',NULL,NULL,0),
(70,'E & MR Division, Jajpur Road','EMJ/274',1,1,'2021-09-25 12:26:44',NULL,NULL,0),
(71,'EHT (O & M) Division ,Meramundali 400 KV S/S','MDL/275',1,1,'2021-09-25 12:26:44',NULL,NULL,0),
(72,'EHT (O & M) Division ,Dhenkanal','MDN/276',1,1,'2021-09-25 12:26:44',NULL,NULL,0),
(73,'E & MR Division , Meramumdali','EMM/277',1,1,'2021-09-25 12:26:44',NULL,NULL,0),
(74,'EHT (O & M) Division , Rajgangpur','MDR/278',1,1,'2021-09-25 12:26:44',NULL,NULL,0),
(75,'EHT (O & M) Division , Jharsuguda','MDG/279',1,1,'2021-09-25 12:26:44',NULL,NULL,0),
(76,'EHT(O&M) Circle, Bhubaneswar','MCB/280',1,1,'2021-09-25 12:26:44',NULL,NULL,0),
(77,'E&MR Division ,Cuttack','EDC/282',1,1,'2021-09-25 12:26:44',NULL,NULL,0),
(78,'EHT (O & M) Division , Malkangiri','MDM/295',1,1,'2021-09-25 12:26:44',NULL,NULL,0),
(79,'EHT (O & M) Division , Barpali','MDB/286',1,1,'2021-09-25 12:26:44',NULL,NULL,0),
(80,'E&MR (Division) Bolangir','EML/290',1,1,'2021-09-25 12:26:44',NULL,NULL,0),
(81,'Telecom (Division) Cuttack.','TDC/292',1,1,'2021-09-25 12:26:44',NULL,NULL,0),
(82,'EHT (O&M) Division, Bhadrak','MDH/283',1,1,'2021-09-25 12:26:44',NULL,NULL,0),
(83,'EHT (O&M) Division, Nuapada','MDU/285',1,1,'2021-09-25 12:26:44',NULL,NULL,0),
(84,'EHT (O&M) Circle,Bolangir','MCB/284',1,1,'2021-09-25 12:26:44',NULL,NULL,0);

/*Table structure for table `optcl_update_pension_record` */

DROP TABLE IF EXISTS `optcl_update_pension_record`;

CREATE TABLE `optcl_update_pension_record` (
  `id` int(11) NOT NULL AUTO_INCREMENT,
  `employee_id` int(11) DEFAULT NULL,
  `employee_code` int(11) DEFAULT NULL,
  `pension_unit_id` int(11) DEFAULT NULL,
  `user_id` int(11) DEFAULT NULL COMMENT 'which user approved',
  `bank_id` int(11) DEFAULT NULL,
  `bank_branch_id` int(11) DEFAULT NULL,
  `bank_ac_no` bigint(18) DEFAULT NULL,
  `is_approved` tinyint(1) DEFAULT 0,
  `is_latest` tinyint(1) NOT NULL DEFAULT 0,
  `status` tinyint(1) DEFAULT 1,
  `created_at` datetime DEFAULT NULL,
  `created_by` int(11) DEFAULT NULL,
  `modified_at` datetime DEFAULT NULL,
  `modified_by` int(11) DEFAULT NULL,
  `deleted` tinyint(1) DEFAULT 0,
  PRIMARY KEY (`id`)
) ENGINE=InnoDB AUTO_INCREMENT=12 DEFAULT CHARSET=utf8mb4;

/*Data for the table `optcl_update_pension_record` */

insert  into `optcl_update_pension_record`(`id`,`employee_id`,`employee_code`,`pension_unit_id`,`user_id`,`bank_id`,`bank_branch_id`,`bank_ac_no`,`is_approved`,`is_latest`,`status`,`created_at`,`created_by`,`modified_at`,`modified_by`,`deleted`) values 
(11,1,42600,1,NULL,1,411,180004466658,0,0,1,'2021-10-29 09:52:44',NULL,NULL,NULL,0);

/*Table structure for table `optcl_user_designation_master` */

DROP TABLE IF EXISTS `optcl_user_designation_master`;

CREATE TABLE `optcl_user_designation_master` (
  `id` int(11) NOT NULL AUTO_INCREMENT,
  `designation_name` varchar(100) DEFAULT NULL,
  `designation_code` varchar(30) DEFAULT NULL,
  `user_role_id` int(11) DEFAULT NULL,
  `status` tinyint(1) DEFAULT 1,
  `created_by` int(11) DEFAULT NULL,
  `created_at` datetime DEFAULT NULL,
  `modified_by` int(11) DEFAULT NULL,
  `modified_at` datetime DEFAULT NULL,
  `deleted` tinyint(1) DEFAULT 0,
  PRIMARY KEY (`id`)
) ENGINE=InnoDB AUTO_INCREMENT=13 DEFAULT CHARSET=latin1;

/*Data for the table `optcl_user_designation_master` */

insert  into `optcl_user_designation_master`(`id`,`designation_name`,`designation_code`,`user_role_id`,`status`,`created_by`,`created_at`,`modified_by`,`modified_at`,`deleted`) values 
(1,'Admin','A',NULL,1,1,NULL,NULL,NULL,0),
(2,'Dealing Assistant','DA',1,1,1,NULL,NULL,NULL,0),
(3,'Finance Executive','FE',1,1,1,NULL,NULL,NULL,0),
(4,'Unit Head','UH',1,1,1,NULL,NULL,NULL,0),
(5,'Dealing Assistant','HRWDA',2,1,1,NULL,NULL,NULL,0),
(6,'HR Executive','HRE',2,1,1,NULL,NULL,NULL,0),
(7,'Sanctioning Authority','HRWSA',2,1,1,NULL,NULL,NULL,0),
(8,'Initiator','I',3,1,1,NULL,NULL,NULL,0),
(9,'Verifier','V',3,1,1,NULL,NULL,NULL,0),
(10,'Approver','A',3,1,1,NULL,NULL,NULL,0),
(11,'Billing Officer','BO',3,1,1,NULL,NULL,NULL,0),
(12,'Pension Unit Head','PUH',4,1,1,NULL,NULL,NULL,0);

/*Table structure for table `optcl_user_notification` */

DROP TABLE IF EXISTS `optcl_user_notification`;

CREATE TABLE `optcl_user_notification` (
  `id` bigint(20) NOT NULL AUTO_INCREMENT,
  `user_id` int(11) DEFAULT NULL,
  `application_id` int(11) DEFAULT NULL,
  `application_type` varchar(50) DEFAULT 'service' COMMENT 'service/family',
  `status_message` text DEFAULT NULL,
  `is_warning` tinyint(1) NOT NULL DEFAULT 0,
  `view_status` tinyint(1) DEFAULT 0,
  `created_at` datetime DEFAULT NULL,
  `modified_at` datetime DEFAULT NULL,
  `status` tinyint(1) NOT NULL DEFAULT 1,
  `deleted` tinyint(1) NOT NULL DEFAULT 0,
  PRIMARY KEY (`id`)
) ENGINE=InnoDB AUTO_INCREMENT=513 DEFAULT CHARSET=utf8mb4;

/*Data for the table `optcl_user_notification` */

insert  into `optcl_user_notification`(`id`,`user_id`,`application_id`,`application_type`,`status_message`,`is_warning`,`view_status`,`created_at`,`modified_at`,`status`,`deleted`) values 
(1,10,1,'service','One application has been submitted with application no 202200001. Please check the application details.',0,1,'2022-01-12 16:59:49',NULL,1,0),
(2,20,1,'service','Your application has been returned with application no 202200001. Please check the application details.',0,1,'2022-01-12 17:32:15',NULL,1,0),
(3,10,1,'service','Application resubmitted by pensioner with application no 202200001. Please check the application details.',0,1,'2022-01-13 10:42:09',NULL,1,0),
(4,10,1,'service','Application resubmitted by pensioner with application no 202200001. Please check the application details.',0,1,'2022-01-13 10:42:55',NULL,1,0),
(5,11,1,'service','Application resubmitted by pensioner with application no 202200001. Please check the application details.',0,1,'2022-01-13 10:42:55',NULL,1,0),
(6,10,1,'service','Application resubmitted by pensioner with application no 202200001. Please check the application details.',0,1,'2022-01-13 10:43:12',NULL,1,0),
(7,11,1,'service','Application resubmitted by pensioner with application no 202200001. Please check the application details.',0,1,'2022-01-13 10:43:12',NULL,1,0),
(8,10,1,'service','Application resubmitted by pensioner with application no 202200001. Please check the application details.',0,1,'2022-01-13 10:43:42',NULL,1,0),
(9,11,1,'service','Application resubmitted by pensioner with application no 202200001. Please check the application details.',0,1,'2022-01-13 10:43:42',NULL,1,0),
(10,10,1,'service','Application resubmitted by pensioner with application no 202200001. Please check the application details.',0,1,'2022-01-13 10:44:13',NULL,1,0),
(11,11,1,'service','Application resubmitted by pensioner with application no 202200001. Please check the application details.',0,1,'2022-01-13 10:44:13',NULL,1,0),
(12,10,1,'service','Application resubmitted by pensioner with application no 202200001. Please check the application details.',0,1,'2022-01-13 10:44:49',NULL,1,0),
(13,11,1,'service','Application resubmitted by pensioner with application no 202200001. Please check the application details.',0,1,'2022-01-13 10:44:49',NULL,1,0),
(14,10,1,'service','Application resubmitted by pensioner with application no 202200001. Please check the application details.',0,1,'2022-01-13 10:45:18',NULL,1,0),
(15,11,1,'service','Application resubmitted by pensioner with application no 202200001. Please check the application details.',0,1,'2022-01-13 10:45:18',NULL,1,0),
(16,10,1,'service','Application resubmitted by pensioner with application no 202200001. Please check the application details.',0,1,'2022-01-13 10:46:19',NULL,1,0),
(17,11,1,'service','Application resubmitted by pensioner with application no 202200001. Please check the application details.',0,1,'2022-01-13 10:46:19',NULL,1,0),
(18,10,2,'service','One application has been submitted with application no 202200002. Please check the application details.',0,1,'2022-01-13 13:17:54',NULL,1,0),
(19,10,3,'service','One application for family has been submitted with application no 202200003. Please check the family pension application details.',0,1,'2022-01-20 12:14:52',NULL,1,0),
(20,62,3,'family','Your application has been approved by Dealing Assistant. Please check the application details.',0,0,'2022-01-20 13:08:03',NULL,1,0),
(21,62,3,'family','Recovery details added by the Dealing Assistant. Please check the application details.',0,0,'2022-01-20 13:20:22',NULL,1,0),
(22,62,3,'family','Part - II form submitted by the Dealing Assistant. Please check the application details.',0,0,'2022-01-20 13:33:23',NULL,1,0),
(23,11,3,'family','Part - II form submitted by the Dealing Assistant with application no 202200003. Please check the application details.',0,1,'2022-01-20 13:33:23',NULL,1,0),
(24,10,4,'service','One application for family has been submitted with application no 202200004. Please check the family pension application details.',0,1,'2022-01-20 17:22:40',NULL,1,0),
(25,10,5,'service','One application for family has been submitted with application no 202200005. Please check the family pension application details.',0,1,'2022-01-20 17:37:34',NULL,1,0),
(26,64,5,'family','Your application has been approved by Dealing Assistant. Please check the application details.',0,0,'2022-01-20 17:48:57',NULL,1,0),
(27,64,5,'family','Recovery details added by the Dealing Assistant. Please check the application details.',0,0,'2022-01-20 18:03:46',NULL,1,0),
(28,62,3,'family','Your application has been approved by Dealing Assistant. Please check the application details.',0,0,'2022-01-21 16:48:55',NULL,1,0),
(29,62,3,'service','Recovery details added by the Dealing Assistant. Please check the application details.',0,0,'2022-01-21 16:49:01',NULL,1,0),
(30,63,4,'family','Your application has been approved by Dealing Assistant. Please check the application details.',0,0,'2022-01-21 17:31:59',NULL,1,0),
(31,63,4,'family','Recovery details added by the Dealing Assistant. Please check the application details.',0,0,'2022-01-21 17:32:45',NULL,1,0),
(32,63,4,'family','Part - II form submitted by the Dealing Assistant. Please check the application details.',0,0,'2022-01-21 17:33:33',NULL,1,0),
(33,11,4,'family','Part - II form submitted by the Dealing Assistant with application no 202200004. Please check the application details.',0,1,'2022-01-21 17:33:33',NULL,1,0),
(34,63,4,'family','Your application has been approved by Dealing Assistant. Please check the application details.',0,0,'2022-01-21 18:47:42',NULL,1,0),
(35,63,4,'service','Recovery details added by the Dealing Assistant. Please check the application details.',0,0,'2022-01-21 18:48:07',NULL,1,0),
(36,63,4,'service','Recovery details added by the Dealing Assistant. Please check the application details.',0,0,'2022-01-21 18:54:58',NULL,1,0),
(37,63,4,'service','Recovery details added by the Dealing Assistant. Please check the application details.',0,0,'2022-01-21 19:18:37',NULL,1,0),
(44,19,4,'service','One application has been approved by Unit Head with application no 202200004. Please check the application details.',0,1,'2022-01-24 12:07:58',NULL,1,0),
(45,10,4,'family','One application has been approved by Unit Head with application no 202200004. Please check the application.',0,1,'2022-01-24 12:07:58',NULL,1,0),
(46,11,4,'family','One application has been approved by Unit Head with application no 202200004. Please check the application details.',0,1,'2022-01-24 12:07:58',NULL,1,0),
(47,63,4,'family','Your application has been approved by Unit Head. Please check the application details.',0,0,'2022-01-24 12:07:58',NULL,1,0),
(48,19,4,'service','One application has been approved by Unit Head with application no 202200004. Please check the application.',0,1,'2022-01-24 12:07:58',NULL,1,0),
(49,63,4,'service','Application assigned by Sanctioning Authority. Please check the application details.',0,0,'2022-01-24 16:46:08',NULL,1,0),
(50,NULL,4,'service','Application assigned by Sanctioning Authority with application no 202200004. Please check the application details.',0,0,'2022-01-24 16:46:08',NULL,1,0),
(51,NULL,4,'service','Application assigned by Sanctioning Authority with application no 202200004. Please check the application details.',0,0,'2022-01-24 16:46:08',NULL,1,0),
(52,NULL,4,'service','Application assigned by Sanctioning Authority with application no 202200004. Please check the application details.',0,0,'2022-01-24 16:46:08',NULL,1,0),
(53,15,4,'service','Application assigned by Sanctioning Authority with application no 202200004. Please check the application details.',0,1,'2022-01-24 16:46:08',NULL,1,0),
(54,63,4,'family','Application approved by HR Wing Dealing Assistant. Please check the application details.',0,0,'2022-01-24 17:53:18',NULL,1,0),
(55,NULL,4,'family','Application approved by HR Wing Dealing Assistant with application no 202200004. Please check the application details.',0,0,'2022-01-24 17:53:18',NULL,1,0),
(56,NULL,4,'family','Application approved by HR Wing Dealing Assistant with application no 202200004. Please check the application details.',0,0,'2022-01-24 17:53:18',NULL,1,0),
(57,NULL,4,'family','Application approved by HR Wing Dealing Assistant with application no 202200004. Please check the application details.',0,0,'2022-01-24 17:53:18',NULL,1,0),
(58,19,4,'family','Application approved by HR Wing Dealing Assistant. Please check the application details.',0,1,'2022-01-24 17:53:18',NULL,1,0),
(59,63,4,'family','Recovery updated by HR Wing Dealing Assistant. Please check the application details.',0,0,'2022-01-24 17:53:36',NULL,1,0),
(60,NULL,4,'family','Recovery updated by HR Wing Dealing Assistant with application no 202200004. Please check the application details.',0,0,'2022-01-24 17:53:36',NULL,1,0),
(61,NULL,4,'family','Recovery updated by HR Wing Dealing Assistant with application no 202200004. Please check the application details.',0,0,'2022-01-24 17:53:36',NULL,1,0),
(62,NULL,4,'family','Recovery updated by HR Wing Dealing Assistant with application no 202200004. Please check the application details.',0,0,'2022-01-24 17:53:36',NULL,1,0),
(63,19,4,'family','Recovery updated by HR Wing Dealing Assistant with application no 202200004. Please check the application details.',0,1,'2022-01-24 17:53:36',NULL,1,0),
(64,10,6,'service','One application for family has been submitted with application no 202200006. Please check the family pension application details.',0,1,'2022-01-25 10:53:49',NULL,1,0),
(65,65,6,'family','Your application has been approved by Dealing Assistant. Please check the application details.',0,0,'2022-01-25 10:58:47',NULL,1,0),
(66,65,6,'family','Recovery details added by the Dealing Assistant. Please check the application details.',0,0,'2022-01-25 10:59:23',NULL,1,0),
(67,65,6,'family','Part - II form submitted by the Dealing Assistant. Please check the application details.',0,0,'2022-01-25 12:12:07',NULL,1,0),
(68,11,6,'family','Part - II form submitted by the Dealing Assistant with application no 202200006. Please check the application details.',0,1,'2022-01-25 12:12:07',NULL,1,0),
(69,65,6,'family','Part - II form submitted by the Dealing Assistant. Please check the application details.',0,0,'2022-01-25 13:00:49',NULL,1,0),
(70,11,6,'family','Part - II form submitted by the Dealing Assistant with application no 202200006. Please check the application details.',0,1,'2022-01-25 13:00:49',NULL,1,0),
(71,65,6,'family','Part - II form submitted by the Dealing Assistant. Please check the application details.',0,0,'2022-01-25 13:05:04',NULL,1,0),
(72,11,6,'family','Part - II form submitted by the Dealing Assistant with application no 202200006. Please check the application details.',0,1,'2022-01-25 13:05:04',NULL,1,0),
(73,65,6,'family','Part - II form submitted by the Dealing Assistant. Please check the application details.',0,0,'2022-01-25 14:38:53',NULL,1,0),
(74,11,6,'family','Part - II form submitted by the Dealing Assistant with application no 202200006. Please check the application details.',0,1,'2022-01-25 14:38:53',NULL,1,0),
(75,65,6,'family','Part - II form submitted by the Dealing Assistant. Please check the application details.',0,0,'2022-01-25 15:44:32',NULL,1,0),
(76,11,6,'family','Part - II form submitted by the Dealing Assistant with application no 202200006. Please check the application details.',0,1,'2022-01-25 15:44:32',NULL,1,0),
(77,65,6,'family','Part - II form submitted by the Dealing Assistant. Please check the application details.',0,0,'2022-01-25 15:49:33',NULL,1,0),
(78,11,6,'family','Part - II form submitted by the Dealing Assistant with application no 202200006. Please check the application details.',0,1,'2022-01-25 15:49:33',NULL,1,0),
(79,65,6,'family','Part - II form submitted by the Dealing Assistant. Please check the application details.',0,0,'2022-01-25 15:55:02',NULL,1,0),
(80,11,6,'family','Part - II form submitted by the Dealing Assistant with application no 202200006. Please check the application details.',0,1,'2022-01-25 15:55:02',NULL,1,0),
(81,65,6,'family','Your application has been approved by Dealing Assistant. Please check the application details.',0,0,'2022-01-25 16:00:34',NULL,1,0),
(82,65,6,'service','Recovery details added by the Dealing Assistant. Please check the application details.',0,0,'2022-01-25 16:00:51',NULL,1,0),
(83,10,7,'service','One application for family has been submitted with application no 202200007. Please check the family pension application details.',0,1,'2022-01-25 18:41:10',NULL,1,0),
(84,10,8,'service','One application has been submitted with application no 202200008. Please check the application details.',0,1,'2022-01-31 19:39:13',NULL,1,0),
(85,8,8,'service','Your application has been returned with application no 202200008. Please check the application details.',0,1,'2022-01-31 19:44:50',NULL,1,0),
(86,10,8,'service','Application resubmitted by pensioner with application no 202200008. Please check the application details.',0,1,'2022-01-31 19:55:20',NULL,1,0),
(87,8,8,'service','Your application has been returned with application no 202200008. Please check the application details.',0,1,'2022-02-01 10:19:21',NULL,1,0),
(88,10,8,'service','Application resubmitted by pensioner with application no 202200008. Please check the application details.',0,1,'2022-02-01 10:47:19',NULL,1,0),
(89,8,8,'service','Your application has been returned with application no 202200008. Please check the application details.',0,1,'2022-02-01 10:49:06',NULL,1,0),
(90,10,8,'service','Application resubmitted by pensioner with application no 202200008. Please check the application details.',0,1,'2022-02-01 10:53:01',NULL,1,0),
(91,8,8,'service','Your application has been approved by Dealing Assistant. Please check the application details.',0,1,'2022-02-01 11:56:09',NULL,1,0),
(92,10,9,'service','One application has been submitted with application no 202200009. Please check the application details.',0,1,'2022-02-01 12:42:49',NULL,1,0),
(93,22,9,'service','Your application has been returned with application no 202200009. Please check the application details.',0,1,'2022-02-01 12:46:15',NULL,1,0),
(94,10,9,'service','Application resubmitted by pensioner with application no 202200009. Please check the application details.',0,1,'2022-02-01 12:46:45',NULL,1,0),
(95,22,9,'service','Your application has been approved by Dealing Assistant. Please check the application details.',0,0,'2022-02-01 13:24:44',NULL,1,0),
(96,22,9,'service','Recovery details added by the Dealing Assistant. Please check the application details.',0,0,'2022-02-01 13:27:31',NULL,1,0),
(97,21,2,'service','Your application has been returned with application no 202200002. Please check the application details.',0,1,'2022-02-01 17:17:17',NULL,1,0),
(98,10,2,'service','Application resubmitted by pensioner with application no 202200002. Please check the application details.',0,1,'2022-02-01 18:29:04',NULL,1,0),
(99,21,2,'service','Your application has been approved by Dealing Assistant. Please check the application details.',0,1,'2022-02-01 18:30:07',NULL,1,0),
(100,21,2,'service','Recovery details added by the Dealing Assistant. Please check the application details.',0,1,'2022-02-01 18:30:59',NULL,1,0),
(101,21,2,'service','Part - II form submitted by the Dealing Assistant. Please check the application details.',0,1,'2022-02-01 18:52:40',NULL,1,0),
(102,11,2,'service','Part - II form submitted by the Dealing Assistant with application no 202200002. Please check the application details.',0,1,'2022-02-01 18:52:40',NULL,1,0),
(103,21,2,'service','Your application has been returned by the Finance Executive. Please resubmit the required application details.',0,1,'2022-02-01 19:02:05',NULL,1,0),
(104,10,2,'service','Application resubmitted by pensioner with application no 202200002. Please check the application details.',0,1,'2022-02-01 19:16:40',NULL,1,0),
(105,11,2,'service','Application resubmitted by pensioner with application no 202200002. Please check the application details.',0,1,'2022-02-01 19:16:40',NULL,1,0),
(106,21,2,'service','Your application has been approved by the Finance Executive. Please check the application details.',0,0,'2022-02-01 21:02:18',NULL,1,0),
(107,21,2,'service','Recovery details updated by the Finance Executive. Please check the application details.',0,0,'2022-02-01 21:02:40',NULL,1,0),
(108,21,2,'service','Part - II form updated by the Finance Executive. Please check the application details.',0,0,'2022-02-01 21:03:02',NULL,1,0),
(109,12,2,'service','Part - II form updated by the Finance Executive with application no 202200002. Please check the application details.',0,1,'2022-02-01 21:03:02',NULL,1,0),
(110,19,2,'service','One application has been approved by Unit Head with application no 202200002. Please check the application details.',0,1,'2022-02-01 21:26:57',NULL,1,0),
(111,10,2,'service','One application has been approved by Unit Head with application no 202200002. Please check the application.',0,1,'2022-02-01 21:26:57',NULL,1,0),
(112,11,2,'service','One application has been approved by Unit Head with application no 202200002. Please check the application details.',0,1,'2022-02-01 21:26:57',NULL,1,0),
(113,21,2,'service','Your application has been approved by Unit Head. Please check the application details.',0,0,'2022-02-01 21:26:57',NULL,1,0),
(114,10,10,'service','One application has been submitted with application no 202200010. Please check the application details.',0,1,'2022-02-01 23:22:59',NULL,1,0),
(115,24,10,'service','Your application has been approved by Dealing Assistant. Please check the application details.',0,0,'2022-02-01 23:26:06',NULL,1,0),
(116,24,10,'service','Recovery details added by the Dealing Assistant. Please check the application details.',0,0,'2022-02-02 10:04:33',NULL,1,0),
(117,24,10,'service','Part - II form submitted by the Dealing Assistant. Please check the application details.',0,0,'2022-02-02 10:06:24',NULL,1,0),
(118,11,10,'service','Part - II form submitted by the Dealing Assistant with application no 202200010. Please check the application details.',0,1,'2022-02-02 10:06:24',NULL,1,0),
(119,24,10,'service','Your application has been approved by the Finance Executive. Please check the application details.',0,0,'2022-02-02 10:24:24',NULL,1,0),
(120,24,10,'service','Recovery details updated by the Finance Executive. Please check the application details.',0,0,'2022-02-02 10:24:45',NULL,1,0),
(121,24,10,'service','Part - II form updated by the Finance Executive. Please check the application details.',0,0,'2022-02-02 10:25:06',NULL,1,0),
(122,12,10,'service','Part - II form updated by the Finance Executive with application no 202200010. Please check the application details.',0,1,'2022-02-02 10:25:06',NULL,1,0),
(123,19,10,'service','One application has been approved by Unit Head with application no 202200010. Please check the application details.',0,1,'2022-02-02 11:08:24',NULL,1,0),
(124,10,10,'service','One application has been approved by Unit Head with application no 202200010. Please check the application.',0,1,'2022-02-02 11:08:24',NULL,1,0),
(125,11,10,'service','One application has been approved by Unit Head with application no 202200010. Please check the application details.',0,1,'2022-02-02 11:08:24',NULL,1,0),
(126,24,10,'service','Your application has been approved by Unit Head. Please check the application details.',0,0,'2022-02-02 11:08:24',NULL,1,0),
(127,24,10,'service','Application assigned by Sanctioning Authority. Please check the application details.',0,0,'2022-02-02 11:11:01',NULL,1,0),
(128,10,10,'service','Application assigned by Sanctioning Authority with application no 202200010. Please check the application details.',0,1,'2022-02-02 11:11:01',NULL,1,0),
(129,11,10,'service','Application assigned by Sanctioning Authority with application no 202200010. Please check the application details.',0,1,'2022-02-02 11:11:01',NULL,1,0),
(130,12,10,'service','Application assigned by Sanctioning Authority with application no 202200010. Please check the application details.',0,1,'2022-02-02 11:11:01',NULL,1,0),
(131,15,10,'service','Application assigned by Sanctioning Authority with application no 202200010. Please check the application details.',0,1,'2022-02-02 11:11:01',NULL,1,0),
(132,24,10,'service','Application approved by HR Wing Dealing Assistant with application no 202200010. Please check the application details.',0,0,'2022-02-02 11:20:49',NULL,1,0),
(133,10,10,'service','Application approved by HR Wing Dealing Assistant with application no 202200010. Please check the application details.',0,1,'2022-02-02 11:20:49',NULL,1,0),
(134,11,10,'service','Application approved by HR Wing Dealing Assistant with application no 202200010. Please check the application details.',0,1,'2022-02-02 11:20:49',NULL,1,0),
(135,12,10,'service','Application approved by HR Wing Dealing Assistant with application no 202200010. Please check the application details.',0,1,'2022-02-02 11:20:49',NULL,1,0),
(136,19,10,'service','Application approved by HR Wing Dealing Assistant with application no 202200010. Please check the application details.',0,1,'2022-02-02 11:20:49',NULL,1,0),
(137,24,10,'service','Recovery updated by HR Wing Dealing Assistant. Please check the application details.',0,0,'2022-02-02 11:23:09',NULL,1,0),
(138,10,10,'service','Recovery updated by HR Wing Dealing Assistant with application no 202200010. Please check the application details.',0,1,'2022-02-02 11:23:09',NULL,1,0),
(139,11,10,'service','Recovery updated by HR Wing Dealing Assistant with application no 202200010. Please check the application details.',0,1,'2022-02-02 11:23:09',NULL,1,0),
(140,12,10,'service','Recovery updated by HR Wing Dealing Assistant with application no 202200010. Please check the application details.',0,1,'2022-02-02 11:23:09',NULL,1,0),
(141,19,10,'service','Recovery updated by HR Wing Dealing Assistant with application no 202200010. Please check the application details.',0,1,'2022-02-02 11:23:09',NULL,1,0),
(142,24,10,'service','Part - II form updated by HR Wing Dealing Assistant. Please check the application details.',0,0,'2022-02-02 11:40:23',NULL,1,0),
(143,10,10,'service','Part - II form updated by HR Wing Dealing Assistant with application no 202200010. Please check the application details.',0,1,'2022-02-02 11:40:23',NULL,1,0),
(144,11,10,'service','Part - II form updated by HR Wing Dealing Assistant with application no 202200010. Please check the application details.',0,1,'2022-02-02 11:40:23',NULL,1,0),
(145,12,10,'service','Part - II form updated by HR Wing Dealing Assistant with application no 202200010. Please check the application details.',0,1,'2022-02-02 11:40:23',NULL,1,0),
(146,19,10,'service','Part - II form updated by HR Wing Dealing Assistant with application no 202200010. Please check the application details.',0,1,'2022-02-02 11:40:23',NULL,1,0),
(147,24,10,'service','Part - III form added by HR Wing Dealing Assistant. Please check the application details.',0,0,'2022-02-02 12:56:41',NULL,1,0),
(148,10,10,'service','Part - III form added by HR Wing Dealing Assistant with application no 202200010. Please check the application details.',0,1,'2022-02-02 12:56:41',NULL,1,0),
(149,11,10,'service','Part - III form added by HR Wing Dealing Assistant with application no 202200010. Please check the application details.',0,1,'2022-02-02 12:56:41',NULL,1,0),
(150,12,10,'service','Part - III form added by HR Wing Dealing Assistant with application no 202200010. Please check the application details.',0,1,'2022-02-02 12:56:41',NULL,1,0),
(151,19,10,'service','Part - III form added by HR Wing Dealing Assistant with application no 202200010. Please check the application details.',0,1,'2022-02-02 12:56:41',NULL,1,0),
(152,24,10,'service','Calculation sheet generated by HR Wing Dealing Assistant. Please check the application details.',0,0,'2022-02-02 12:57:57',NULL,1,0),
(153,10,10,'service','Calculation sheet generated by HR Wing Dealing Assistant. Please check the application details.',0,1,'2022-02-02 12:57:57',NULL,1,0),
(154,11,10,'service','Calculation sheet generated by HR Wing Dealing Assistant. Please check the application details.',0,1,'2022-02-02 12:57:57',NULL,1,0),
(155,12,10,'service','Calculation sheet generated by HR Wing Dealing Assistant. Please check the application details.',0,1,'2022-02-02 12:57:57',NULL,1,0),
(156,19,10,'service','Calculation sheet generated by HR Wing Dealing Assistant. Please check the application details.',0,1,'2022-02-02 12:57:57',NULL,1,0),
(157,24,10,'service','Application approved by HR Executive. Please check the application details.',0,0,'2022-02-02 13:01:56',NULL,1,0),
(158,10,10,'service','Application approved by HR Executive with application no 202200010. Please check the application details.',0,1,'2022-02-02 13:01:56',NULL,1,0),
(159,11,10,'service','Application approved by HR Executive with application no 202200010. Please check the application details.',0,1,'2022-02-02 13:01:56',NULL,1,0),
(160,12,10,'service','Application approved by HR Executive with application no 202200010. Please check the application details.',0,1,'2022-02-02 13:01:56',NULL,1,0),
(161,19,10,'service','Application approved by HR Executive with application no 202200010. Please check the application details.',0,1,'2022-02-02 13:01:56',NULL,1,0),
(162,15,10,'service','Application approved by HR Executive with application no 202200010. Please check the application details.',0,1,'2022-02-02 13:01:56',NULL,1,0),
(163,24,10,'service','Recovery updated by HR Executive. Please check the application details.',0,0,'2022-02-02 13:04:44',NULL,1,0),
(164,10,10,'service','Recovery updated by HR Executive with application no 202200010. Please check the application details.',0,1,'2022-02-02 13:04:44',NULL,1,0),
(165,11,10,'service','Recovery updated by HR Executive with application no 202200010. Please check the application details.',0,1,'2022-02-02 13:04:44',NULL,1,0),
(166,12,10,'service','Recovery updated by HR Executive with application no 202200010. Please check the application details.',0,1,'2022-02-02 13:04:44',NULL,1,0),
(167,19,10,'service','Recovery updated by HR Executive with application no 202200010. Please check the application details.',0,1,'2022-02-02 13:04:44',NULL,1,0),
(168,19,10,'service','Recovery updated by HR Executive with application no 202200010. Please check the application details.',0,1,'2022-02-02 13:04:44',NULL,1,0),
(169,15,10,'service','Recovery updated by HR Executive with application no 202200010. Please check the application details.',0,1,'2022-02-02 13:04:44',NULL,1,0),
(170,24,10,'service','Part - II form updated by HR Executive. Please check the application details.',0,0,'2022-02-02 13:25:22',NULL,1,0),
(171,10,10,'service','Part - II form updated by HR Executive with application no 202200010. Please check the application details.',0,1,'2022-02-02 13:25:22',NULL,1,0),
(172,11,10,'service','Part - II form updated by HR Executive with application no 202200010. Please check the application details.',0,1,'2022-02-02 13:25:22',NULL,1,0),
(173,12,10,'service','Part - II form updated by HR Executive with application no 202200010. Please check the application details.',0,1,'2022-02-02 13:25:22',NULL,1,0),
(174,19,10,'service','Part - II form updated by HR Executive with application no 202200010. Please check the application details.',0,1,'2022-02-02 13:25:22',NULL,1,0),
(175,15,10,'service','Part - II form updated by HR Executive with application no 202200010. Please check the application details.',0,1,'2022-02-02 13:25:22',NULL,1,0),
(176,24,10,'service','Part - III form updated by HR Executive. Please check the application details.',0,0,'2022-02-02 16:14:19',NULL,1,0),
(177,10,10,'service','Part - III form updated by HR Executive with application no 202200010. Please check the application details.',0,1,'2022-02-02 16:14:19',NULL,1,0),
(178,11,10,'service','Part - III form updated by HR Executive with application no 202200010. Please check the application details.',0,1,'2022-02-02 16:14:19',NULL,1,0),
(179,12,10,'service','Part - III form updated by HR Executive with application no 202200010. Please check the application details.',0,1,'2022-02-02 16:14:19',NULL,1,0),
(180,19,10,'service','Part - III form updated by HR Executive with application no 202200010. Please check the application details.',0,1,'2022-02-02 16:14:19',NULL,1,0),
(181,19,10,'service','Part - III form updated by HR Executive with application no 202200010. Please check the application details.',0,1,'2022-02-02 16:14:19',NULL,1,0),
(182,15,10,'service','Part - III form updated by HR Executive with application no 202200010. Please check the application details.',0,1,'2022-02-02 16:14:18',NULL,1,0),
(183,24,10,'service','Calculation sheet updated by HR Executive. Please check the application details.',0,0,'2022-02-02 16:16:22',NULL,1,0),
(184,10,10,'service','Calculation sheet updated by HR Executive. Please check the application details.',0,1,'2022-02-02 16:16:22',NULL,1,0),
(185,11,10,'service','Calculation sheet updated by HR Executive. Please check the application details.',0,1,'2022-02-02 16:16:22',NULL,1,0),
(186,12,10,'service','Calculation sheet updated by HR Executive. Please check the application details.',0,1,'2022-02-02 16:16:22',NULL,1,0),
(187,19,10,'service','Calculation sheet updated by HR Executive. Please check the application details.',0,1,'2022-02-02 16:16:22',NULL,1,0),
(188,19,10,'service','Calculation sheet updated by HR Executive. Please check the application details.',0,1,'2022-02-02 16:16:22',NULL,1,0),
(189,15,10,'service','Calculation sheet updated by HR Executive. Please check the application details.',0,1,'2022-02-02 16:16:22',NULL,1,0),
(190,23,10,'service','Calculation sheet updated by HR Executive. Please check the application details.',0,1,'2022-02-02 16:16:22',NULL,1,0),
(191,24,10,'service','Application approved by HR Wing Sanctioning Authority. Please check the application details.',0,0,'2022-02-02 16:53:34',NULL,1,0),
(192,10,10,'service','Application approved by HR Wing Sanctioning Authority with application no 202200010. Please check the application details.',0,1,'2022-02-02 16:53:34',NULL,1,0),
(193,11,10,'service','Application approved by HR Wing Sanctioning Authority with application no 202200010. Please check the application details.',0,1,'2022-02-02 16:53:34',NULL,1,0),
(194,12,10,'service','Application approved by HR Wing Sanctioning Authority with application no 202200010. Please check the application details.',0,1,'2022-02-02 16:53:34',NULL,1,0),
(195,15,10,'service','Application approved by HR Wing Sanctioning Authority. Please check the application details.',0,1,'2022-02-02 16:53:34',NULL,1,0),
(196,23,10,'service','Application approved by HR Wing Sanctioning Authority with application no 202200010. Please check the application details.',0,1,'2022-02-02 16:53:34',NULL,1,0),
(197,24,10,'service','Sanction order generated by HR Wing Sanctioning Authority. Please check the application details.',0,0,'2022-02-02 16:54:13',NULL,1,0),
(198,24,10,'service','Sanction order generated by HR Wing Sanctioning Authority with application no 202200010. Please check the application details.',0,0,'2022-02-02 16:54:13',NULL,1,0),
(199,11,10,'service','Sanction order generated by HR Wing Sanctioning Authority with application no 202200010. Please check the application details.',0,1,'2022-02-02 16:54:13',NULL,1,0),
(200,12,10,'service','Sanction order generated by HR Wing Sanctioning Authority with application no 202200010. Please check the application details.',0,1,'2022-02-02 16:54:13',NULL,1,0),
(201,23,10,'service','Sanction order generated by HR Wing Sanctioning Authority with application no 202200010. Please check the application details.',0,1,'2022-02-02 16:54:13',NULL,1,0),
(202,24,10,'service','Gratuity Sanction order generated by HR Wing Sanctioning Authority. Please check the application details.',0,0,'2022-02-02 16:54:49',NULL,1,0),
(203,10,10,'service','Gratuity Sanction order generated by HR Wing Sanctioning Authority with application no 202200010. Please check the application details.',0,1,'2022-02-02 16:54:49',NULL,1,0),
(204,11,10,'service','Gratuity Sanction order generated by HR Wing Sanctioning Authority with application no 202200010. Please check the application details.',0,1,'2022-02-02 16:54:49',NULL,1,0),
(205,12,10,'service','Gratuity Sanction order generated by HR Wing Sanctioning Authority with application no 202200010. Please check the application details.',0,1,'2022-02-02 16:54:49',NULL,1,0),
(206,23,10,'service','Gratuity Sanction order generated by HR Wing Sanctioning Authority with application no 202200010. Please check the application details.',0,1,'2022-02-02 16:54:49',NULL,1,0),
(207,24,10,'service','Application forwarded to Initiator. Please check the application details.',0,0,'2022-02-02 16:54:56',NULL,1,0),
(208,10,10,'service','Application forwarded to Initiator with application no 202200010. Please check the application details.',0,1,'2022-02-02 16:54:56',NULL,1,0),
(209,11,10,'service','Application forwarded to Initiator with application no 202200010. Please check the application details.',0,1,'2022-02-02 16:54:56',NULL,1,0),
(210,12,10,'service','Application forwarded to Initiator with application no 202200010. Please check the application details.',0,1,'2022-02-02 16:54:56',NULL,1,0),
(211,15,10,'service','Application forwarded to Initiator with application no 202200010. Please check the application details.',0,1,'2022-02-02 16:54:56',NULL,1,0),
(212,23,10,'service','Application forwarded to Initiator with application no 202200010. Please check the application details.',0,1,'2022-02-02 16:54:56',NULL,1,0),
(213,31,10,'service','Application forwarded to Initiator with application no 202200010. Please check the application details.',0,1,'2022-02-02 16:54:56',NULL,1,0),
(214,10,11,'service','One application has been submitted with application no 202200011. Please check the application details.',0,1,'2022-02-02 18:18:35',NULL,1,0),
(215,30,11,'service','Your application has been approved by Dealing Assistant. Please check the application details.',0,1,'2022-02-02 18:20:19',NULL,1,0),
(216,30,11,'service','Recovery details added by the Dealing Assistant. Please check the application details.',0,1,'2022-02-02 18:20:55',NULL,1,0),
(217,30,11,'service','Part - II form submitted by the Dealing Assistant. Please check the application details.',0,1,'2022-02-02 18:43:27',NULL,1,0),
(218,11,11,'service','Part - II form submitted by the Dealing Assistant with application no 202200011. Please check the application details.',0,1,'2022-02-02 18:43:27',NULL,1,0),
(219,30,11,'service','Your application has been approved by the Finance Executive. Please check the application details.',0,1,'2022-02-02 18:47:06',NULL,1,0),
(220,30,11,'service','Recovery details updated by the Finance Executive. Please check the application details.',0,1,'2022-02-02 18:47:23',NULL,1,0),
(221,30,11,'service','Part - II form updated by the Finance Executive. Please check the application details.',0,1,'2022-02-02 18:47:44',NULL,1,0),
(222,12,11,'service','Part - II form updated by the Finance Executive with application no 202200011. Please check the application details.',0,1,'2022-02-02 18:47:44',NULL,1,0),
(223,19,11,'service','One application has been approved by Unit Head with application no 202200011. Please check the application details.',0,1,'2022-02-02 18:48:50',NULL,1,0),
(224,10,11,'service','One application has been approved by Unit Head with application no 202200011. Please check the application.',0,1,'2022-02-02 18:48:50',NULL,1,0),
(225,11,11,'service','One application has been approved by Unit Head with application no 202200011. Please check the application details.',0,1,'2022-02-02 18:48:50',NULL,1,0),
(226,30,11,'service','Your application has been approved by Unit Head. Please check the application details.',0,1,'2022-02-02 18:48:50',NULL,1,0),
(227,30,11,'service','Application assigned by Sanctioning Authority. Please check the application details.',0,1,'2022-02-02 18:49:46',NULL,1,0),
(228,10,11,'service','Application assigned by Sanctioning Authority with application no 202200011. Please check the application details.',0,1,'2022-02-02 18:49:46',NULL,1,0),
(229,11,11,'service','Application assigned by Sanctioning Authority with application no 202200011. Please check the application details.',0,1,'2022-02-02 18:49:46',NULL,1,0),
(230,12,11,'service','Application assigned by Sanctioning Authority with application no 202200011. Please check the application details.',0,1,'2022-02-02 18:49:46',NULL,1,0),
(231,15,11,'service','Application assigned by Sanctioning Authority with application no 202200011. Please check the application details.',0,1,'2022-02-02 18:49:46',NULL,1,0),
(232,30,11,'service','Application approved by HR Wing Dealing Assistant with application no 202200011. Please check the application details.',0,1,'2022-02-02 18:51:02',NULL,1,0),
(233,10,11,'service','Application approved by HR Wing Dealing Assistant with application no 202200011. Please check the application details.',0,1,'2022-02-02 18:51:02',NULL,1,0),
(234,11,11,'service','Application approved by HR Wing Dealing Assistant with application no 202200011. Please check the application details.',0,1,'2022-02-02 18:51:02',NULL,1,0),
(235,12,11,'service','Application approved by HR Wing Dealing Assistant with application no 202200011. Please check the application details.',0,1,'2022-02-02 18:51:02',NULL,1,0),
(236,19,11,'service','Application approved by HR Wing Dealing Assistant with application no 202200011. Please check the application details.',0,1,'2022-02-02 18:51:02',NULL,1,0),
(237,30,11,'service','Recovery updated by HR Wing Dealing Assistant. Please check the application details.',0,1,'2022-02-02 18:54:34',NULL,1,0),
(238,10,11,'service','Recovery updated by HR Wing Dealing Assistant with application no 202200011. Please check the application details.',0,1,'2022-02-02 18:54:34',NULL,1,0),
(239,11,11,'service','Recovery updated by HR Wing Dealing Assistant with application no 202200011. Please check the application details.',0,1,'2022-02-02 18:54:34',NULL,1,0),
(240,12,11,'service','Recovery updated by HR Wing Dealing Assistant with application no 202200011. Please check the application details.',0,1,'2022-02-02 18:54:34',NULL,1,0),
(241,19,11,'service','Recovery updated by HR Wing Dealing Assistant with application no 202200011. Please check the application details.',0,1,'2022-02-02 18:54:34',NULL,1,0),
(242,30,11,'service','Part - II form updated by HR Wing Dealing Assistant. Please check the application details.',0,1,'2022-02-02 18:59:48',NULL,1,0),
(243,10,11,'service','Part - II form updated by HR Wing Dealing Assistant with application no 202200011. Please check the application details.',0,1,'2022-02-02 18:59:48',NULL,1,0),
(244,11,11,'service','Part - II form updated by HR Wing Dealing Assistant with application no 202200011. Please check the application details.',0,1,'2022-02-02 18:59:48',NULL,1,0),
(245,12,11,'service','Part - II form updated by HR Wing Dealing Assistant with application no 202200011. Please check the application details.',0,1,'2022-02-02 18:59:48',NULL,1,0),
(246,19,11,'service','Part - II form updated by HR Wing Dealing Assistant with application no 202200011. Please check the application details.',0,1,'2022-02-02 18:59:48',NULL,1,0),
(247,30,11,'service','Part - III form added by HR Wing Dealing Assistant. Please check the application details.',0,1,'2022-02-02 19:00:05',NULL,1,0),
(248,10,11,'service','Part - III form added by HR Wing Dealing Assistant with application no 202200011. Please check the application details.',0,1,'2022-02-02 19:00:05',NULL,1,0),
(249,11,11,'service','Part - III form added by HR Wing Dealing Assistant with application no 202200011. Please check the application details.',0,1,'2022-02-02 19:00:05',NULL,1,0),
(250,12,11,'service','Part - III form added by HR Wing Dealing Assistant with application no 202200011. Please check the application details.',0,1,'2022-02-02 19:00:05',NULL,1,0),
(251,19,11,'service','Part - III form added by HR Wing Dealing Assistant with application no 202200011. Please check the application details.',0,1,'2022-02-02 19:00:05',NULL,1,0),
(252,30,11,'service','Calculation sheet generated by HR Wing Dealing Assistant. Please check the application details.',0,1,'2022-02-02 19:01:51',NULL,1,0),
(253,10,11,'service','Calculation sheet generated by HR Wing Dealing Assistant. Please check the application details.',0,1,'2022-02-02 19:01:51',NULL,1,0),
(254,11,11,'service','Calculation sheet generated by HR Wing Dealing Assistant. Please check the application details.',0,1,'2022-02-02 19:01:51',NULL,1,0),
(255,12,11,'service','Calculation sheet generated by HR Wing Dealing Assistant. Please check the application details.',0,1,'2022-02-02 19:01:51',NULL,1,0),
(256,19,11,'service','Calculation sheet generated by HR Wing Dealing Assistant. Please check the application details.',0,1,'2022-02-02 19:01:51',NULL,1,0),
(257,30,11,'service','Application approved by HR Executive. Please check the application details.',0,1,'2022-02-02 19:03:04',NULL,1,0),
(258,10,11,'service','Application approved by HR Executive with application no 202200011. Please check the application details.',0,1,'2022-02-02 19:03:04',NULL,1,0),
(259,11,11,'service','Application approved by HR Executive with application no 202200011. Please check the application details.',0,1,'2022-02-02 19:03:04',NULL,1,0),
(260,12,11,'service','Application approved by HR Executive with application no 202200011. Please check the application details.',0,1,'2022-02-02 19:03:04',NULL,1,0),
(261,19,11,'service','Application approved by HR Executive with application no 202200011. Please check the application details.',0,1,'2022-02-02 19:03:04',NULL,1,0),
(262,15,11,'service','Application approved by HR Executive with application no 202200011. Please check the application details.',0,1,'2022-02-02 19:03:04',NULL,1,0),
(263,30,11,'service','Recovery updated by HR Executive. Please check the application details.',0,1,'2022-02-02 19:03:19',NULL,1,0),
(264,10,11,'service','Recovery updated by HR Executive with application no 202200011. Please check the application details.',0,1,'2022-02-02 19:03:19',NULL,1,0),
(265,11,11,'service','Recovery updated by HR Executive with application no 202200011. Please check the application details.',0,1,'2022-02-02 19:03:19',NULL,1,0),
(266,12,11,'service','Recovery updated by HR Executive with application no 202200011. Please check the application details.',0,1,'2022-02-02 19:03:19',NULL,1,0),
(267,19,11,'service','Recovery updated by HR Executive with application no 202200011. Please check the application details.',0,1,'2022-02-02 19:03:19',NULL,1,0),
(268,19,11,'service','Recovery updated by HR Executive with application no 202200011. Please check the application details.',0,1,'2022-02-02 19:03:19',NULL,1,0),
(269,15,11,'service','Recovery updated by HR Executive with application no 202200011. Please check the application details.',0,1,'2022-02-02 19:03:19',NULL,1,0),
(270,30,11,'service','Part - II form updated by HR Executive. Please check the application details.',0,1,'2022-02-02 19:03:34',NULL,1,0),
(271,10,11,'service','Part - II form updated by HR Executive with application no 202200011. Please check the application details.',0,1,'2022-02-02 19:03:34',NULL,1,0),
(272,11,11,'service','Part - II form updated by HR Executive with application no 202200011. Please check the application details.',0,1,'2022-02-02 19:03:34',NULL,1,0),
(273,12,11,'service','Part - II form updated by HR Executive with application no 202200011. Please check the application details.',0,1,'2022-02-02 19:03:34',NULL,1,0),
(274,19,11,'service','Part - II form updated by HR Executive with application no 202200011. Please check the application details.',0,1,'2022-02-02 19:03:34',NULL,1,0),
(275,15,11,'service','Part - II form updated by HR Executive with application no 202200011. Please check the application details.',0,1,'2022-02-02 19:03:34',NULL,1,0),
(276,30,11,'service','Part - III form updated by HR Executive. Please check the application details.',0,1,'2022-02-02 19:03:57',NULL,1,0),
(277,10,11,'service','Part - III form updated by HR Executive with application no 202200011. Please check the application details.',0,1,'2022-02-02 19:03:57',NULL,1,0),
(278,11,11,'service','Part - III form updated by HR Executive with application no 202200011. Please check the application details.',0,1,'2022-02-02 19:03:57',NULL,1,0),
(279,12,11,'service','Part - III form updated by HR Executive with application no 202200011. Please check the application details.',0,1,'2022-02-02 19:03:57',NULL,1,0),
(280,19,11,'service','Part - III form updated by HR Executive with application no 202200011. Please check the application details.',0,1,'2022-02-02 19:03:57',NULL,1,0),
(281,19,11,'service','Part - III form updated by HR Executive with application no 202200011. Please check the application details.',0,1,'2022-02-02 19:03:57',NULL,1,0),
(282,15,11,'service','Part - III form updated by HR Executive with application no 202200011. Please check the application details.',0,1,'2022-02-02 19:03:57',NULL,1,0),
(283,30,11,'service','Calculation sheet updated by HR Executive. Please check the application details.',0,1,'2022-02-02 19:04:19',NULL,1,0),
(284,10,11,'service','Calculation sheet updated by HR Executive. Please check the application details.',0,1,'2022-02-02 19:04:19',NULL,1,0),
(285,11,11,'service','Calculation sheet updated by HR Executive. Please check the application details.',0,1,'2022-02-02 19:04:19',NULL,1,0),
(286,12,11,'service','Calculation sheet updated by HR Executive. Please check the application details.',0,1,'2022-02-02 19:04:19',NULL,1,0),
(287,19,11,'service','Calculation sheet updated by HR Executive. Please check the application details.',0,1,'2022-02-02 19:04:19',NULL,1,0),
(288,19,11,'service','Calculation sheet updated by HR Executive. Please check the application details.',0,1,'2022-02-02 19:04:19',NULL,1,0),
(289,15,11,'service','Calculation sheet updated by HR Executive. Please check the application details.',0,1,'2022-02-02 19:04:19',NULL,1,0),
(290,23,11,'service','Calculation sheet updated by HR Executive. Please check the application details.',0,1,'2022-02-02 19:04:19',NULL,1,0),
(291,30,11,'service','Application approved by HR Wing Sanctioning Authority. Please check the application details.',0,1,'2022-02-02 19:05:35',NULL,1,0),
(292,10,11,'service','Application approved by HR Wing Sanctioning Authority with application no 202200011. Please check the application details.',0,1,'2022-02-02 19:05:35',NULL,1,0),
(293,11,11,'service','Application approved by HR Wing Sanctioning Authority with application no 202200011. Please check the application details.',0,1,'2022-02-02 19:05:35',NULL,1,0),
(294,12,11,'service','Application approved by HR Wing Sanctioning Authority with application no 202200011. Please check the application details.',0,1,'2022-02-02 19:05:35',NULL,1,0),
(295,15,11,'service','Application approved by HR Wing Sanctioning Authority. Please check the application details.',0,1,'2022-02-02 19:05:35',NULL,1,0),
(296,23,11,'service','Application approved by HR Wing Sanctioning Authority with application no 202200011. Please check the application details.',0,1,'2022-02-02 19:05:35',NULL,1,0),
(297,30,11,'service','Sanction order generated by HR Wing Sanctioning Authority. Please check the application details.',0,1,'2022-02-02 19:06:07',NULL,1,0),
(298,30,11,'service','Sanction order generated by HR Wing Sanctioning Authority with application no 202200011. Please check the application details.',0,1,'2022-02-02 19:06:07',NULL,1,0),
(299,11,11,'service','Sanction order generated by HR Wing Sanctioning Authority with application no 202200011. Please check the application details.',0,1,'2022-02-02 19:06:07',NULL,1,0),
(300,12,11,'service','Sanction order generated by HR Wing Sanctioning Authority with application no 202200011. Please check the application details.',0,1,'2022-02-02 19:06:07',NULL,1,0),
(301,23,11,'service','Sanction order generated by HR Wing Sanctioning Authority with application no 202200011. Please check the application details.',0,1,'2022-02-02 19:06:07',NULL,1,0),
(302,30,11,'service','Gratuity Sanction order generated by HR Wing Sanctioning Authority. Please check the application details.',0,1,'2022-02-02 19:06:37',NULL,1,0),
(303,10,11,'service','Gratuity Sanction order generated by HR Wing Sanctioning Authority with application no 202200011. Please check the application details.',0,1,'2022-02-02 19:06:37',NULL,1,0),
(304,11,11,'service','Gratuity Sanction order generated by HR Wing Sanctioning Authority with application no 202200011. Please check the application details.',0,1,'2022-02-02 19:06:37',NULL,1,0),
(305,12,11,'service','Gratuity Sanction order generated by HR Wing Sanctioning Authority with application no 202200011. Please check the application details.',0,1,'2022-02-02 19:06:37',NULL,1,0),
(306,23,11,'service','Gratuity Sanction order generated by HR Wing Sanctioning Authority with application no 202200011. Please check the application details.',0,1,'2022-02-02 19:06:37',NULL,1,0),
(307,30,11,'service','Application forwarded to Initiator. Please check the application details.',0,1,'2022-02-02 19:07:09',NULL,1,0),
(308,10,11,'service','Application forwarded to Initiator with application no 202200011. Please check the application details.',0,1,'2022-02-02 19:07:09',NULL,1,0),
(309,11,11,'service','Application forwarded to Initiator with application no 202200011. Please check the application details.',0,1,'2022-02-02 19:07:09',NULL,1,0),
(310,12,11,'service','Application forwarded to Initiator with application no 202200011. Please check the application details.',0,1,'2022-02-02 19:07:09',NULL,1,0),
(311,15,11,'service','Application forwarded to Initiator with application no 202200011. Please check the application details.',0,1,'2022-02-02 19:07:09',NULL,1,0),
(312,23,11,'service','Application forwarded to Initiator with application no 202200011. Please check the application details.',0,1,'2022-02-02 19:07:09',NULL,1,0),
(313,31,11,'service','Application forwarded to Initiator with application no 202200011. Please check the application details.',0,1,'2022-02-02 19:07:09',NULL,1,0),
(314,30,11,'service','Initiator has been approved the application no - 202200011. Please check the application details.',0,1,'2022-02-02 19:08:31',NULL,1,0),
(315,10,11,'service','Initiator has been approved the application no - 202200011. Please check the application details.',0,1,'2022-02-02 19:08:31',NULL,1,0),
(316,11,11,'service','Initiator has been approved the application no - 202200011. Please check the application details.',0,1,'2022-02-02 19:08:31',NULL,1,0),
(317,12,11,'service','Initiator has been approved the application no - 202200011. Please check the application details.',0,1,'2022-02-02 19:08:31',NULL,1,0),
(318,15,11,'service','Initiator has been approved the application no - 202200011. Please check the application details.',0,1,'2022-02-02 19:08:31',NULL,1,0),
(319,19,11,'service','Initiator has been approved the application no - 202200011. Please check the application details.',0,1,'2022-02-02 19:08:31',NULL,1,0),
(320,23,11,'service','Initiator has been approved the application no - 202200011. Please check the application details.',0,1,'2022-02-02 19:08:31',NULL,1,0),
(321,32,11,'service','Initiator has been approved the application no - 202200011. Please check the application details.',0,1,'2022-02-02 19:08:31',NULL,1,0),
(322,30,11,'service','Verifier has been approved the application no - 202200011. Please check the application details.',0,1,'2022-02-02 19:10:01',NULL,1,0),
(323,10,11,'service','Verifier has been approved the application no - 202200011. Please check the application details.',0,1,'2022-02-02 19:10:01',NULL,1,0),
(324,11,11,'service','Verifier has been approved the application no - 202200011. Please check the application details.',0,1,'2022-02-02 19:10:01',NULL,1,0),
(325,12,11,'service','Verifier has been approved the application no - 202200011. Please check the application details.',0,1,'2022-02-02 19:10:01',NULL,1,0),
(326,15,11,'service','Verifier has been approved the application no - 202200011. Please check the application details.',0,1,'2022-02-02 19:10:01',NULL,1,0),
(327,19,11,'service','Verifier has been approved the application no - 202200011. Please check the application details.',0,1,'2022-02-02 19:10:01',NULL,1,0),
(328,23,11,'service','Verifier has been approved the application no - 202200011. Please check the application details.',0,1,'2022-02-02 19:10:01',NULL,1,0),
(329,31,11,'service','Verifier has been approved the application no - 202200011. Please check the application details.',0,1,'2022-02-02 19:10:01',NULL,1,0),
(330,33,11,'service','Verifier has been approved the application no - 202200011. Please check the application details.',0,1,'2022-02-02 19:10:01',NULL,1,0),
(331,30,11,'service','Approver has been approved the application no - 202200011. Please check the application details.',0,1,'2022-02-02 19:10:48',NULL,1,0),
(332,10,11,'service','Approver has been approved the application no - 202200011. Please check the application details.',0,1,'2022-02-02 19:10:48',NULL,1,0),
(333,11,11,'service','Approver has been approved the application no - 202200011. Please check the application details.',0,1,'2022-02-02 19:10:48',NULL,1,0),
(334,12,11,'service','Approver has been approved the application no - 202200011. Please check the application details.',0,1,'2022-02-02 19:10:48',NULL,1,0),
(335,15,11,'service','Approver has been approved the application no - 202200011. Please check the application details.',0,1,'2022-02-02 19:10:48',NULL,1,0),
(336,19,11,'service','Approver has been approved the application no - 202200011. Please check the application details.',0,1,'2022-02-02 19:10:48',NULL,1,0),
(337,23,11,'service','Approver has been approved the application no - 202200011. Please check the application details.',0,1,'2022-02-02 19:10:48',NULL,1,0),
(338,31,11,'service','Approver has been approved the application no - 202200011. Please check the application details.',0,1,'2022-02-02 19:10:48',NULL,1,0),
(339,32,11,'service','Approver has been approved the application no - 202200011. Please check the application details.',0,1,'2022-02-02 19:10:48',NULL,1,0),
(340,30,11,'service','PPO Order has been generated for the Application No. - 202200011 by Pension Section (Approver), Please check the application details',0,1,'2022-02-02 19:22:18',NULL,1,0),
(341,10,11,'service','PPO Order has been generated for the Application No. - 202200011 by Pension Section (Approver), Please check the application details',0,1,'2022-02-02 19:22:18',NULL,1,0),
(342,11,11,'service','PPO Order has been generated for the Application No. - 202200011 by Pension Section (Approver), Please check the application details',0,1,'2022-02-02 19:22:18',NULL,1,0),
(343,12,11,'service','PPO Order has been generated for the Application No. - 202200011 by Pension Section (Approver), Please check the application details',0,1,'2022-02-02 19:22:18',NULL,1,0),
(344,15,11,'service','PPO Order has been generated for the Application No. - 202200011 by Pension Section (Approver), Please check the application details',0,1,'2022-02-02 19:22:18',NULL,1,0),
(345,19,11,'service','PPO Order has been generated for the Application No. - 202200011 by Pension Section (Approver), Please check the application details',0,1,'2022-02-02 19:22:18',NULL,1,0),
(346,23,11,'service','PPO Order has been generated for the Application No. - 202200011 by Pension Section (Approver), Please check the application details',0,1,'2022-02-02 19:22:18',NULL,1,0),
(347,31,11,'service','PPO Order has been generated for the Application No. - 202200011 by Pension Section (Approver), Please check the application details',0,1,'2022-02-02 19:22:18',NULL,1,0),
(348,32,11,'service','PPO Order has been generated for the Application No. - 202200011 by Pension Section (Approver), Please check the application details',0,1,'2022-02-02 19:22:18',NULL,1,0),
(349,10,12,'service','One application for family has been submitted with application no 202200012. Please check the family pension application details.',0,1,'2022-02-02 19:57:20',NULL,1,0),
(350,67,12,'family','Your application has been approved by Dealing Assistant. Please check the application details.',0,0,'2022-02-02 19:59:09',NULL,1,0),
(351,67,12,'family','Recovery details added by the Dealing Assistant. Please check the application details.',0,0,'2022-02-02 19:59:48',NULL,1,0),
(352,67,12,'family','Part - II form submitted by the Dealing Assistant. Please check the application details.',0,0,'2022-02-02 20:00:49',NULL,1,0),
(353,11,12,'family','Part - II form submitted by the Dealing Assistant with application no 202200012. Please check the application details.',0,1,'2022-02-02 20:00:49',NULL,1,0),
(354,67,12,'family','Your application has been approved by Dealing Assistant. Please check the application details.',0,0,'2022-02-02 20:02:02',NULL,1,0),
(355,67,12,'service','Recovery details added by the Dealing Assistant. Please check the application details.',0,0,'2022-02-02 20:02:33',NULL,1,0),
(356,19,12,'service','One application has been approved by Unit Head with application no 202200012. Please check the application details.',0,1,'2022-02-02 20:04:00',NULL,1,0),
(357,10,12,'family','One application has been approved by Unit Head with application no 202200012. Please check the application.',0,1,'2022-02-02 20:04:00',NULL,1,0),
(358,11,12,'family','One application has been approved by Unit Head with application no 202200012. Please check the application details.',0,1,'2022-02-02 20:04:00',NULL,1,0),
(359,67,12,'family','Your application has been approved by Unit Head. Please check the application details.',0,0,'2022-02-02 20:04:00',NULL,1,0),
(360,19,12,'service','One application has been approved by Unit Head with application no 202200012. Please check the application.',0,1,'2022-02-02 20:04:00',NULL,1,0),
(361,67,12,'service','Application assigned by Sanctioning Authority. Please check the application details.',0,0,'2022-02-02 20:05:16',NULL,1,0),
(362,NULL,12,'service','Application assigned by Sanctioning Authority with application no 202200012. Please check the application details.',0,0,'2022-02-02 20:05:16',NULL,1,0),
(363,NULL,12,'service','Application assigned by Sanctioning Authority with application no 202200012. Please check the application details.',0,0,'2022-02-02 20:05:16',NULL,1,0),
(364,NULL,12,'service','Application assigned by Sanctioning Authority with application no 202200012. Please check the application details.',0,0,'2022-02-02 20:05:16',NULL,1,0),
(365,15,12,'service','Application assigned by Sanctioning Authority with application no 202200012. Please check the application details.',0,1,'2022-02-02 20:05:16',NULL,1,0),
(366,67,12,'family','Application approved by HR Wing Dealing Assistant. Please check the application details.',0,0,'2022-02-02 20:06:06',NULL,1,0),
(367,NULL,12,'family','Application approved by HR Wing Dealing Assistant with application no 202200012. Please check the application details.',0,0,'2022-02-02 20:06:06',NULL,1,0),
(368,NULL,12,'family','Application approved by HR Wing Dealing Assistant with application no 202200012. Please check the application details.',0,0,'2022-02-02 20:06:06',NULL,1,0),
(369,NULL,12,'family','Application approved by HR Wing Dealing Assistant with application no 202200012. Please check the application details.',0,0,'2022-02-02 20:06:06',NULL,1,0),
(370,19,12,'family','Application approved by HR Wing Dealing Assistant. Please check the application details.',0,1,'2022-02-02 20:06:06',NULL,1,0),
(371,67,12,'family','Recovery updated by HR Wing Dealing Assistant. Please check the application details.',0,0,'2022-02-02 20:06:21',NULL,1,0),
(372,NULL,12,'family','Recovery updated by HR Wing Dealing Assistant with application no 202200012. Please check the application details.',0,0,'2022-02-02 20:06:21',NULL,1,0),
(373,NULL,12,'family','Recovery updated by HR Wing Dealing Assistant with application no 202200012. Please check the application details.',0,0,'2022-02-02 20:06:21',NULL,1,0),
(374,NULL,12,'family','Recovery updated by HR Wing Dealing Assistant with application no 202200012. Please check the application details.',0,0,'2022-02-02 20:06:21',NULL,1,0),
(375,19,12,'family','Recovery updated by HR Wing Dealing Assistant with application no 202200012. Please check the application details.',0,1,'2022-02-02 20:06:21',NULL,1,0),
(376,67,12,'family','Part - II form updated by HR Wing Dealing Assistant. Please check the application details.',0,0,'2022-02-02 20:15:31',NULL,1,0),
(377,NULL,12,'family','Part - II form updated by HR Wing Dealing Assistant with application no 202200012. Please check the application details.',0,0,'2022-02-02 20:15:31',NULL,1,0),
(378,NULL,12,'family','Part - II form updated by HR Wing Dealing Assistant with application no 202200012. Please check the application details.',0,0,'2022-02-02 20:15:31',NULL,1,0),
(379,NULL,12,'family','Part - II form updated by HR Wing Dealing Assistant with application no 202200012. Please check the application details.',0,0,'2022-02-02 20:15:31',NULL,1,0),
(380,19,12,'family','Part - II form updated by HR Wing Dealing Assistant with application no 202200012. Please check the application details.',0,1,'2022-02-02 20:15:31',NULL,1,0),
(381,67,12,'family','Part - III form added by HR Wing Dealing Assistant. Please check the application details.',0,0,'2022-02-02 20:31:01',NULL,1,0),
(382,NULL,12,'family','Part - III form added by HR Wing Dealing Assistant with application no 202200012. Please check the application details.',0,0,'2022-02-02 20:31:01',NULL,1,0),
(383,NULL,12,'family','Part - III form added by HR Wing Dealing Assistant with application no 202200012. Please check the application details.',0,0,'2022-02-02 20:31:01',NULL,1,0),
(384,NULL,12,'family','Part - III form added by HR Wing Dealing Assistant with application no 202200012. Please check the application details.',0,0,'2022-02-02 20:31:01',NULL,1,0),
(385,19,12,'family','Part - III form added by HR Wing Dealing Assistant with application no 202200012. Please check the application details.',0,1,'2022-02-02 20:31:01',NULL,1,0),
(386,67,12,'service','Calculation sheet generated by HR Wing Dealing Assistant. Please check the application details.',0,0,'2022-02-03 16:48:46',NULL,1,0),
(387,NULL,12,'service','Calculation sheet generated by HR Wing Dealing Assistant. Please check the application details.',0,0,'2022-02-03 16:48:46',NULL,1,0),
(388,NULL,12,'service','Calculation sheet generated by HR Wing Dealing Assistant. Please check the application details.',0,0,'2022-02-03 16:48:46',NULL,1,0),
(389,NULL,12,'service','Calculation sheet generated by HR Wing Dealing Assistant. Please check the application details.',0,0,'2022-02-03 16:48:46',NULL,1,0),
(390,19,12,'service','Calculation sheet generated by HR Wing Dealing Assistant. Please check the application details.',0,1,'2022-02-03 16:48:46',NULL,1,0),
(391,67,12,'service','Application approved by HR Executive. Please check the application details.',0,0,'2022-02-03 16:49:25',NULL,1,0),
(392,NULL,12,'service','Application approved by HR Executive. Please check the application details.',0,0,'2022-02-03 16:49:25',NULL,1,0),
(393,NULL,12,'service','Application approved by HR Executive. Please check the application details.',0,0,'2022-02-03 16:49:25',NULL,1,0),
(394,NULL,12,'service','Application approved by HR Executive. Please check the application details.',0,0,'2022-02-03 16:49:25',NULL,1,0),
(395,19,12,'service','Application approved by HR Executive. Please check the application details.',0,1,'2022-02-03 16:49:25',NULL,1,0),
(396,15,12,'service','Application approved by HR Executive. Please check the application details.',0,1,'2022-02-03 16:49:25',NULL,1,0),
(397,67,12,'family','Calculation sheet updated by HR Executive. Please check the application details.',0,0,'2022-02-03 19:06:07',NULL,1,0),
(398,NULL,12,'family','Calculation sheet updated by HR Executive. Please check the application details.',0,0,'2022-02-03 19:06:07',NULL,1,0),
(399,NULL,12,'family','Calculation sheet updated by HR Executive. Please check the application details.',0,0,'2022-02-03 19:06:07',NULL,1,0),
(400,NULL,12,'family','Calculation sheet updated by HR Executive. Please check the application details.',0,0,'2022-02-03 19:06:07',NULL,1,0),
(401,19,12,'family','Calculation sheet updated by HR Executive. Please check the application details.',0,1,'2022-02-03 19:06:07',NULL,1,0),
(402,19,12,'family','Calculation sheet updated by HR Executive. Please check the application details.',0,1,'2022-02-03 19:06:07',NULL,1,0),
(403,15,12,'family','Calculation sheet updated by HR Executive. Please check the application details.',0,1,'2022-02-03 19:06:07',NULL,1,0),
(404,23,12,'family','Calculation sheet updated by HR Executive. Please check the application details.',0,1,'2022-02-03 19:06:07',NULL,1,0),
(405,67,12,'service','Sanction order generated by HR Wing Sanctioning Authority with application no 202200012. Please check the application details.',0,0,'2022-02-03 19:07:06',NULL,1,0),
(406,NULL,12,'service','Sanction order generated by HR Wing Sanctioning Authority with application no 202200012. Please check the application details.',0,0,'2022-02-03 19:07:06',NULL,1,0),
(407,NULL,12,'service','Sanction order generated by HR Wing Sanctioning Authority with application no 202200012. Please check the application details.',0,0,'2022-02-03 19:07:06',NULL,1,0),
(408,NULL,12,'service','Sanction order generated by HR Wing Sanctioning Authority with application no 202200012. Please check the application details.',0,0,'2022-02-03 19:07:06',NULL,1,0),
(409,23,12,'service','Sanction order generated by HR Wing Sanctioning Authority with application no 202200012. Please check the application details.',0,0,'2022-02-03 19:07:06',NULL,1,0),
(410,67,12,'service','Gratuity Sanction order generated by HR Wing Sanctioning Authority with application no 202200012. Please check the application details.',0,0,'2022-02-03 19:07:13',NULL,1,0),
(411,NULL,12,'service','Gratuity Sanction order generated by HR Wing Sanctioning Authority with application no 202200012. Please check the application details.',0,0,'2022-02-03 19:07:13',NULL,1,0),
(412,NULL,12,'service','Gratuity Sanction order generated by HR Wing Sanctioning Authority with application no 202200012. Please check the application details.',0,0,'2022-02-03 19:07:13',NULL,1,0),
(413,NULL,12,'service','Gratuity Sanction order generated by HR Wing Sanctioning Authority with application no 202200012. Please check the application details.',0,0,'2022-02-03 19:07:13',NULL,1,0),
(414,23,12,'service','Gratuity Sanction order generated by HR Wing Sanctioning Authority with application no 202200012. Please check the application details.',0,0,'2022-02-03 19:07:13',NULL,1,0),
(415,67,12,'service','Application forwarded to Initiator with application no 202200012. Please check the application details.',0,0,'2022-02-03 20:06:04',NULL,1,0),
(416,NULL,12,'service','Application forwarded to Initiator with application no 202200012. Please check the application details.',0,0,'2022-02-03 20:06:04',NULL,1,0),
(417,NULL,12,'service','Application forwarded to Initiator with application no 202200012. Please check the application details.',0,0,'2022-02-03 20:06:04',NULL,1,0),
(418,NULL,12,'service','Application forwarded to Initiator with application no 202200012. Please check the application details.',0,0,'2022-02-03 20:06:04',NULL,1,0),
(419,15,12,'service','Application forwarded to Initiator with application no 202200012. Please check the application details.',0,1,'2022-02-03 20:06:04',NULL,1,0),
(420,23,12,'service','Application forwarded to Initiator with application no 202200012. Please check the application details.',0,0,'2022-02-03 20:06:04',NULL,1,0),
(421,31,12,'service','Application forwarded to Initiator with application no 202200012. Please check the application details.',0,1,'2022-02-03 20:06:04',NULL,1,0),
(422,67,12,'family','Initiator has been approved the application no - 202200012. Please check the application details.',0,0,'2022-02-03 20:06:47',NULL,1,0),
(423,15,12,'family','Initiator has been approved the application no - 202200012. Please check the application details.',0,1,'2022-02-03 20:06:47',NULL,1,0),
(424,19,12,'family','Initiator has been approved the application no - 202200012. Please check the application details.',0,1,'2022-02-03 20:06:47',NULL,1,0),
(425,32,12,'family','Initiator has been approved the application no - 202200012. Please check the application details.',0,1,'2022-02-03 20:06:47',NULL,1,0),
(426,67,12,'family','Verifier has been approved the application no - 202200012. Please check the application details.',0,0,'2022-02-03 20:07:36',NULL,1,0),
(427,15,12,'family','Verifier has been approved the application no - 202200012. Please check the application details.',0,1,'2022-02-03 20:07:36',NULL,1,0),
(428,19,12,'family','Verifier has been approved the application no - 202200012. Please check the application details.',0,1,'2022-02-03 20:07:36',NULL,1,0),
(429,31,12,'family','Verifier has been approved the application no - 202200012. Please check the application details.',0,0,'2022-02-03 20:07:36',NULL,1,0),
(430,33,12,'family','Verifier has been approved the application no - 202200012. Please check the application details.',0,1,'2022-02-03 20:07:36',NULL,1,0),
(431,67,12,'family','Approver has been approved the application no - 202200012. Please check the application details.',0,0,'2022-02-03 20:08:42',NULL,1,0),
(432,15,12,'family','Approver has been approved the application no - 202200012. Please check the application details.',0,1,'2022-02-03 20:08:42',NULL,1,0),
(433,19,12,'family','Approver has been approved the application no - 202200012. Please check the application details.',0,1,'2022-02-03 20:08:42',NULL,1,0),
(434,31,12,'family','Approver has been approved the application no - 202200012. Please check the application details.',0,0,'2022-02-03 20:08:42',NULL,1,0),
(435,32,12,'family','Approver has been approved the application no - 202200012. Please check the application details.',0,0,'2022-02-03 20:08:43',NULL,1,0),
(436,67,12,'family','PPO Order has been generated for the Application No. 202200012 by Pension Section (Approver), Please check the application details',0,0,'2022-02-03 20:12:39',NULL,1,0),
(437,15,12,'family','PPO Order has been generated for the Application No. 202200012 by Pension Section (Approver), Please check the application details',0,1,'2022-02-03 20:12:39',NULL,1,0),
(438,19,12,'family','PPO Order has been generated for the Application No. 202200012 by Pension Section (Approver), Please check the application details',0,1,'2022-02-03 20:12:39',NULL,1,0),
(439,31,12,'family','PPO Order has been generated for the Application No. 202200012 by Pension Section (Approver), Please check the application details',0,0,'2022-02-03 20:12:39',NULL,1,0),
(440,32,12,'family','PPO Order has been generated for the Application No. 202200012 by Pension Section (Approver), Please check the application details',0,0,'2022-02-03 20:12:39',NULL,1,0),
(441,10,13,'service','One application has been submitted with application no 202200013. Please check the application details.',0,1,'2022-02-04 11:16:01',NULL,1,0),
(442,29,13,'service','Your application has been returned with application no 202200013. Please check the application details.',0,1,'2022-02-04 11:47:01',NULL,1,0),
(443,10,13,'service','Application resubmitted by pensioner with application no 202200013. Please check the application details.',0,1,'2022-02-04 12:26:19',NULL,1,0),
(444,29,13,'service','Your application has been approved by Dealing Assistant. Please check the application details.',0,1,'2022-02-04 12:27:57',NULL,1,0),
(445,29,13,'service','Recovery details added by the Dealing Assistant. Please check the application details.',0,1,'2022-02-04 12:28:32',NULL,1,0),
(446,29,13,'service','Part - II form submitted by the Dealing Assistant. Please check the application details.',0,1,'2022-02-04 12:29:29',NULL,1,0),
(447,11,13,'service','Part - II form submitted by the Dealing Assistant with application no 202200013. Please check the application details.',0,1,'2022-02-04 12:29:29',NULL,1,0),
(448,29,13,'service','Your application has been returned by the Finance Executive. Please resubmit the required application details.',0,1,'2022-02-04 12:31:39',NULL,1,0),
(449,10,13,'service','Application resubmitted by pensioner with application no 202200013. Please check the application details.',0,1,'2022-02-04 12:39:27',NULL,1,0),
(450,11,13,'service','Application resubmitted by pensioner with application no 202200013. Please check the application details.',0,1,'2022-02-04 12:39:27',NULL,1,0),
(451,10,14,'service','One application has been submitted with application no 202200014. Please check the application details.',0,1,'2022-02-04 12:54:23',NULL,1,0),
(452,27,14,'service','Your application has been approved by Dealing Assistant. Please check the application details.',0,0,'2022-02-04 12:56:24',NULL,1,0),
(453,27,14,'service','Recovery details added by the Dealing Assistant. Please check the application details.',0,0,'2022-02-04 12:56:46',NULL,1,0),
(454,27,14,'service','Part - II form submitted by the Dealing Assistant. Please check the application details.',0,0,'2022-02-04 12:57:36',NULL,1,0),
(455,11,14,'service','Part - II form submitted by the Dealing Assistant with application no 202200014. Please check the application details.',0,1,'2022-02-04 12:57:36',NULL,1,0),
(456,29,13,'service','Your application has been approved by the Finance Executive. Please check the application details.',0,1,'2022-02-07 15:12:34',NULL,1,0),
(457,29,13,'service','Recovery details updated by the Finance Executive. Please check the application details.',0,1,'2022-02-07 15:13:04',NULL,1,0),
(458,29,13,'service','Part - II form updated by the Finance Executive. Please check the application details.',0,1,'2022-02-07 15:13:24',NULL,1,0),
(459,12,13,'service','Part - II form updated by the Finance Executive with application no 202200013. Please check the application details.',0,1,'2022-02-07 15:13:24',NULL,1,0),
(460,19,13,'service','One application has been approved by Unit Head with application no 202200013. Please check the application details.',0,1,'2022-02-07 15:14:28',NULL,1,0),
(461,10,13,'service','One application has been approved by Unit Head with application no 202200013. Please check the application.',0,1,'2022-02-07 15:14:28',NULL,1,0),
(462,11,13,'service','One application has been approved by Unit Head with application no 202200013. Please check the application details.',0,1,'2022-02-07 15:14:28',NULL,1,0),
(463,29,13,'service','Your application has been approved by Unit Head. Please check the application details.',0,1,'2022-02-07 15:14:28',NULL,1,0),
(464,29,13,'service','Application assigned by Sanctioning Authority with application no 202200013. Please check the application details.',0,1,'2022-02-07 15:16:06',NULL,1,0),
(465,10,13,'service','Application assigned by Sanctioning Authority with application no 202200013. Please check the application details.',0,1,'2022-02-07 15:16:06',NULL,1,0),
(466,11,13,'service','Application assigned by Sanctioning Authority with application no 202200013. Please check the application details.',0,1,'2022-02-07 15:16:06',NULL,1,0),
(467,12,13,'service','Application assigned by Sanctioning Authority with application no 202200013. Please check the application details.',0,0,'2022-02-07 15:16:06',NULL,1,0),
(468,15,13,'service','Application assigned by Sanctioning Authority with application no 202200013. Please check the application details.',0,1,'2022-02-07 15:16:06',NULL,1,0),
(469,27,14,'service','Your application has been approved by the Finance Executive. Please check the application details.',0,0,'2022-02-07 17:51:26',NULL,1,0),
(470,10,15,'service','One application has been submitted with application no 202200015. Please check the application details.',0,1,'2022-02-08 12:15:27',NULL,1,0),
(471,13,15,'service','Your application has been returned with application no 202200015. Please check the application details.',0,1,'2022-02-08 12:24:44',NULL,1,0),
(472,10,15,'service','Application resubmitted by pensioner with application no 202200015. Please check the application details.',0,1,'2022-02-08 13:05:49',NULL,1,0),
(473,13,15,'service','Your application has been approved by Dealing Assistant. Please check the application details.',0,1,'2022-02-08 13:06:49',NULL,1,0),
(474,13,15,'service','Recovery details added by the Dealing Assistant. Please check the application details.',0,1,'2022-02-08 13:07:39',NULL,1,0),
(475,13,15,'service','Part - II form submitted by the Dealing Assistant. Please check the application details.',0,1,'2022-02-08 13:08:38',NULL,1,0),
(476,11,15,'service','Part - II form submitted by the Dealing Assistant with application no 202200015. Please check the application details.',0,1,'2022-02-08 13:08:38',NULL,1,0),
(477,13,15,'service','Your application has been returned by the Finance Executive. Please resubmit the required application details.',0,1,'2022-02-08 13:10:04',NULL,1,0),
(478,10,15,'service','Application resubmitted by pensioner with application no 202200015. Please check the application details.',0,1,'2022-02-08 13:26:06',NULL,1,0),
(479,11,15,'service','Application resubmitted by pensioner with application no 202200015. Please check the application details.',0,1,'2022-02-08 13:26:06',NULL,1,0),
(480,13,15,'service','Your application has been returned by the Finance Executive. Please resubmit the required application details.',0,1,'2022-02-08 15:12:09',NULL,1,0),
(481,10,15,'service','Application resubmitted by pensioner with application no 202200015. Please check the application details.',0,1,'2022-02-08 15:20:16',NULL,1,0),
(482,11,15,'service','Application resubmitted by pensioner with application no 202200015. Please check the application details.',0,1,'2022-02-08 15:20:16',NULL,1,0),
(483,13,15,'service','Your application has been approved by the Finance Executive. Please check the application details.',0,1,'2022-02-08 15:20:54',NULL,1,0),
(484,67,12,'family','PPO Order has been generated for the Application No. 202200012 by Pension Section (Approver), Please check the application details',0,0,'2022-04-04 19:11:39',NULL,1,0),
(485,15,12,'family','PPO Order has been generated for the Application No. 202200012 by Pension Section (Approver), Please check the application details',0,0,'2022-04-04 19:11:39',NULL,1,0),
(486,19,12,'family','PPO Order has been generated for the Application No. 202200012 by Pension Section (Approver), Please check the application details',0,0,'2022-04-04 19:11:39',NULL,1,0),
(487,31,12,'family','PPO Order has been generated for the Application No. 202200012 by Pension Section (Approver), Please check the application details',0,0,'2022-04-04 19:11:39',NULL,1,0),
(488,32,12,'family','PPO Order has been generated for the Application No. 202200012 by Pension Section (Approver), Please check the application details',0,0,'2022-04-04 19:11:39',NULL,1,0),
(489,67,12,'family','PPO Order has been generated for the Application No. 202200012 by Pension Section (Approver), Please check the application details',0,0,'2022-04-04 19:32:37',NULL,1,0),
(490,15,12,'family','PPO Order has been generated for the Application No. 202200012 by Pension Section (Approver), Please check the application details',0,0,'2022-04-04 19:32:37',NULL,1,0),
(491,19,12,'family','PPO Order has been generated for the Application No. 202200012 by Pension Section (Approver), Please check the application details',0,0,'2022-04-04 19:32:37',NULL,1,0),
(492,31,12,'family','PPO Order has been generated for the Application No. 202200012 by Pension Section (Approver), Please check the application details',0,0,'2022-04-04 19:32:37',NULL,1,0),
(493,32,12,'family','PPO Order has been generated for the Application No. 202200012 by Pension Section (Approver), Please check the application details',0,0,'2022-04-04 19:32:37',NULL,1,0),
(494,67,12,'family','PPO Order has been generated for the Application No. 202200012 by Pension Section (Approver), Please check the application details',0,0,'2022-04-05 11:27:51',NULL,1,0),
(495,15,12,'family','PPO Order has been generated for the Application No. 202200012 by Pension Section (Approver), Please check the application details',0,0,'2022-04-05 11:27:51',NULL,1,0),
(496,19,12,'family','PPO Order has been generated for the Application No. 202200012 by Pension Section (Approver), Please check the application details',0,0,'2022-04-05 11:27:51',NULL,1,0),
(497,31,12,'family','PPO Order has been generated for the Application No. 202200012 by Pension Section (Approver), Please check the application details',0,0,'2022-04-05 11:27:51',NULL,1,0),
(498,32,12,'family','PPO Order has been generated for the Application No. 202200012 by Pension Section (Approver), Please check the application details',0,0,'2022-04-05 11:27:51',NULL,1,0),
(499,67,12,'family','PPO Order has been generated for the Application No. 202200012 by Pension Section (Approver), Please check the application details',0,0,'2022-04-05 11:29:47',NULL,1,0),
(500,15,12,'family','PPO Order has been generated for the Application No. 202200012 by Pension Section (Approver), Please check the application details',0,0,'2022-04-05 11:29:47',NULL,1,0),
(501,19,12,'family','PPO Order has been generated for the Application No. 202200012 by Pension Section (Approver), Please check the application details',0,0,'2022-04-05 11:29:47',NULL,1,0),
(502,31,12,'family','PPO Order has been generated for the Application No. 202200012 by Pension Section (Approver), Please check the application details',0,0,'2022-04-05 11:29:47',NULL,1,0),
(503,32,12,'family','PPO Order has been generated for the Application No. 202200012 by Pension Section (Approver), Please check the application details',0,0,'2022-04-05 11:29:47',NULL,1,0),
(504,30,11,'service','PPO Order has been generated for the Application No. - 202200011 by Pension Section (Approver), Please check the application details',0,0,'2022-04-05 16:17:35',NULL,1,0),
(505,10,11,'service','PPO Order has been generated for the Application No. - 202200011 by Pension Section (Approver), Please check the application details',0,0,'2022-04-05 16:17:35',NULL,1,0),
(506,11,11,'service','PPO Order has been generated for the Application No. - 202200011 by Pension Section (Approver), Please check the application details',0,0,'2022-04-05 16:17:35',NULL,1,0),
(507,12,11,'service','PPO Order has been generated for the Application No. - 202200011 by Pension Section (Approver), Please check the application details',0,0,'2022-04-05 16:17:35',NULL,1,0),
(508,15,11,'service','PPO Order has been generated for the Application No. - 202200011 by Pension Section (Approver), Please check the application details',0,0,'2022-04-05 16:17:35',NULL,1,0),
(509,19,11,'service','PPO Order has been generated for the Application No. - 202200011 by Pension Section (Approver), Please check the application details',0,0,'2022-04-05 16:17:35',NULL,1,0),
(510,23,11,'service','PPO Order has been generated for the Application No. - 202200011 by Pension Section (Approver), Please check the application details',0,0,'2022-04-05 16:17:35',NULL,1,0),
(511,31,11,'service','PPO Order has been generated for the Application No. - 202200011 by Pension Section (Approver), Please check the application details',0,0,'2022-04-05 16:17:35',NULL,1,0),
(512,32,11,'service','PPO Order has been generated for the Application No. - 202200011 by Pension Section (Approver), Please check the application details',0,0,'2022-04-05 16:17:35',NULL,1,0);

/*Table structure for table `optcl_user_otp_verifications` */

DROP TABLE IF EXISTS `optcl_user_otp_verifications`;

CREATE TABLE `optcl_user_otp_verifications` (
  `id` bigint(20) NOT NULL AUTO_INCREMENT,
  `user_id` bigint(20) NOT NULL,
  `otp` int(9) NOT NULL,
  `otp_type` varchar(256) DEFAULT NULL COMMENT 'register/forgot_password	',
  `otp_count` int(11) DEFAULT 0,
  `created_at` datetime NOT NULL DEFAULT current_timestamp(),
  `expired_at` datetime NOT NULL DEFAULT current_timestamp(),
  `verified` tinyint(1) NOT NULL,
  `created_by` datetime DEFAULT NULL,
  `modified_by` datetime DEFAULT NULL,
  `modified_at` datetime DEFAULT NULL,
  `status` tinyint(1) NOT NULL DEFAULT 1,
  `delete` tinyint(1) NOT NULL DEFAULT 0,
  PRIMARY KEY (`id`)
) ENGINE=InnoDB AUTO_INCREMENT=18 DEFAULT CHARSET=utf8mb4;

/*Data for the table `optcl_user_otp_verifications` */

insert  into `optcl_user_otp_verifications`(`id`,`user_id`,`otp`,`otp_type`,`otp_count`,`created_at`,`expired_at`,`verified`,`created_by`,`modified_by`,`modified_at`,`status`,`delete`) values 
(1,53,987654,'nominee_register',0,'2022-01-13 15:57:39','2022-01-13 16:27:39',0,NULL,NULL,NULL,1,0),
(2,54,987654,'nominee_register',0,'2022-01-13 16:46:24','2022-01-13 17:16:24',0,NULL,NULL,NULL,1,0),
(3,55,987654,'nominee_register',0,'2022-01-13 17:37:55','2022-01-13 18:07:55',0,NULL,NULL,NULL,1,0),
(4,56,987654,'nominee_register',0,'2022-01-14 18:01:47','2022-01-14 18:31:47',0,NULL,NULL,NULL,1,0),
(5,57,987654,'nominee_register',0,'2022-01-19 10:30:52','2022-01-19 11:00:52',0,NULL,NULL,NULL,1,0),
(6,58,987654,'nominee_register',0,'2022-01-19 10:46:05','2022-01-19 11:16:05',0,NULL,NULL,NULL,1,0),
(7,59,987654,'nominee_register',0,'2022-01-19 10:47:23','2022-01-19 11:17:23',0,NULL,NULL,NULL,1,0),
(8,60,987654,'nominee_register',0,'2022-01-19 11:27:00','2022-01-19 11:57:00',0,NULL,NULL,NULL,1,0),
(9,61,987654,'nominee_register',0,'2022-01-19 11:39:10','2022-01-19 12:09:10',0,NULL,NULL,NULL,1,0),
(10,62,987654,'nominee_register',0,'2022-01-19 11:52:17','2022-01-19 12:22:17',1,NULL,NULL,NULL,1,0),
(11,63,987654,'nominee_register',0,'2022-01-20 17:16:41','2022-01-20 17:46:41',1,NULL,NULL,NULL,1,0),
(12,64,987654,'nominee_register',0,'2022-01-20 17:35:28','2022-01-20 18:05:28',1,NULL,NULL,NULL,1,0),
(13,65,987654,'nominee_register',0,'2022-01-25 10:50:08','2022-01-25 11:20:08',1,NULL,NULL,NULL,1,0),
(14,66,987654,'nominee_register',0,'2022-01-25 18:35:45','2022-01-25 19:05:45',1,NULL,NULL,NULL,1,0),
(15,67,987654,'nominee_register',0,'2022-02-02 19:27:18','2022-02-02 19:57:18',1,NULL,NULL,NULL,1,0),
(16,10,987654,'forgot_password',0,'2022-03-10 19:37:13','2022-03-10 20:07:13',0,NULL,NULL,NULL,1,0),
(17,1,987654,'forgot_password',0,'2022-03-10 13:05:47','2022-03-10 13:35:47',0,NULL,NULL,NULL,1,0);

/*Table structure for table `optcl_user_role_master` */

DROP TABLE IF EXISTS `optcl_user_role_master`;

CREATE TABLE `optcl_user_role_master` (
  `id` int(11) NOT NULL AUTO_INCREMENT,
  `type_name` varchar(100) DEFAULT NULL,
  `status` tinyint(1) DEFAULT 1,
  `created_at` datetime DEFAULT NULL,
  `created_by` int(11) DEFAULT NULL,
  `modified_at` datetime DEFAULT NULL,
  `modified_by` int(11) DEFAULT NULL,
  `deleted` tinyint(1) DEFAULT 0,
  PRIMARY KEY (`id`)
) ENGINE=InnoDB AUTO_INCREMENT=6 DEFAULT CHARSET=utf8;

/*Data for the table `optcl_user_role_master` */

insert  into `optcl_user_role_master`(`id`,`type_name`,`status`,`created_at`,`created_by`,`modified_at`,`modified_by`,`deleted`) values 
(1,'OPTCL Unit',1,NULL,1,NULL,NULL,0),
(2,'HR Wing',1,NULL,1,NULL,NULL,0),
(3,'Pension Section',1,NULL,1,NULL,NULL,0),
(4,'Pension Unit',1,NULL,1,NULL,NULL,0),
(5,'Billing Officer',1,'2022-02-26 12:51:13',1,NULL,NULL,0);

/*Table structure for table `optcl_user_type` */

DROP TABLE IF EXISTS `optcl_user_type`;

CREATE TABLE `optcl_user_type` (
  `id` int(11) NOT NULL AUTO_INCREMENT,
  `user_type` varchar(50) COLLATE utf8_unicode_ci DEFAULT NULL,
  `status` tinyint(1) DEFAULT 1,
  `created_at` datetime DEFAULT NULL,
  `created_by` int(11) DEFAULT NULL,
  `updated_at` datetime DEFAULT NULL,
  `updated_by` int(11) DEFAULT NULL,
  `deleted` tinyint(1) DEFAULT 0,
  PRIMARY KEY (`id`)
) ENGINE=InnoDB AUTO_INCREMENT=5 DEFAULT CHARSET=utf8 COLLATE=utf8_unicode_ci;

/*Data for the table `optcl_user_type` */

insert  into `optcl_user_type`(`id`,`user_type`,`status`,`created_at`,`created_by`,`updated_at`,`updated_by`,`deleted`) values 
(1,'Pensioner',1,'2021-09-29 00:00:00',1,'2021-09-29 00:00:00',1,0),
(2,'Nominee',1,'2021-09-29 00:00:00',1,'2021-09-29 00:00:00',1,0),
(3,'Legal Hier',1,'2021-09-29 00:00:00',1,'2021-09-29 00:00:00',1,0),
(4,'System User',1,'2021-09-29 00:00:00',1,'2021-09-29 00:00:00',1,0);

/*Table structure for table `optcl_users` */

DROP TABLE IF EXISTS `optcl_users`;

CREATE TABLE `optcl_users` (
  `id` int(11) NOT NULL AUTO_INCREMENT,
  `first_name` varchar(255) COLLATE utf8_unicode_ci DEFAULT NULL,
  `last_name` varchar(255) COLLATE utf8_unicode_ci DEFAULT NULL,
  `user_type` int(11) DEFAULT NULL,
  `system_user_role` int(11) DEFAULT NULL,
  `is_admin` tinyint(1) NOT NULL DEFAULT 0,
  `designation_id` int(11) DEFAULT NULL,
  `username` varchar(96) COLLATE utf8_unicode_ci DEFAULT NULL,
  `employee_code` int(10) DEFAULT NULL,
  `optcl_unit_id` int(10) DEFAULT NULL,
  `pension_unit_id` int(11) DEFAULT NULL,
  `aadhaar_no` varchar(30) COLLATE utf8_unicode_ci DEFAULT NULL,
  `mobile` varchar(10) COLLATE utf8_unicode_ci DEFAULT NULL,
  `email_id` varchar(256) COLLATE utf8_unicode_ci DEFAULT NULL,
  `password` varchar(255) COLLATE utf8_unicode_ci DEFAULT NULL,
  `session_id` text COLLATE utf8_unicode_ci DEFAULT NULL,
  `otp_value` varchar(10) COLLATE utf8_unicode_ci DEFAULT NULL,
  `otp_created_time` datetime DEFAULT NULL,
  `otp_ex_time` datetime DEFAULT NULL,
  `otp_verified_status` tinyint(1) DEFAULT 0,
  `status` tinyint(1) NOT NULL DEFAULT 1,
  `created_by` int(11) DEFAULT NULL,
  `created_at` datetime DEFAULT NULL,
  `updated_by` int(11) DEFAULT NULL,
  `updated_at` datetime DEFAULT NULL,
  `deleted` tinyint(1) NOT NULL DEFAULT 0,
  `verification_code` varchar(255) COLLATE utf8_unicode_ci DEFAULT NULL,
  `expired_link_at` datetime DEFAULT NULL,
  `is_verified` tinyint(1) NOT NULL DEFAULT 0,
  `is_notified` tinyint(1) NOT NULL DEFAULT 0,
  PRIMARY KEY (`id`),
  KEY `is_admin` (`is_admin`),
  KEY `email` (`username`),
  KEY `mobile` (`mobile`),
  KEY `status` (`status`),
  KEY `is_verified` (`is_verified`)
) ENGINE=InnoDB AUTO_INCREMENT=70 DEFAULT CHARSET=utf8 COLLATE=utf8_unicode_ci COMMENT='table to store application level users.';

/*Data for the table `optcl_users` */

insert  into `optcl_users`(`id`,`first_name`,`last_name`,`user_type`,`system_user_role`,`is_admin`,`designation_id`,`username`,`employee_code`,`optcl_unit_id`,`pension_unit_id`,`aadhaar_no`,`mobile`,`email_id`,`password`,`session_id`,`otp_value`,`otp_created_time`,`otp_ex_time`,`otp_verified_status`,`status`,`created_by`,`created_at`,`updated_by`,`updated_at`,`deleted`,`verification_code`,`expired_link_at`,`is_verified`,`is_notified`) values 
(1,'JAYANTA KUMAR','SENAPATI',1,NULL,0,1,'42600',42600,1,1,'123456789999','8658749099',NULL,'$2y$10$mbbw2kWOEgYrAq6.vhNaOedVg2MEJG25vyEtTVpMvYcEoFD7VZ3w.','$2b$10$TvlFDXcYAlO0BUjKfjf/RuXaAXt1rnX/aiViSZP1zZeIf5xDHwlli','9876','2021-05-11 15:04:09','2021-05-11 15:34:09',0,1,1,'2020-07-21 18:41:20',1,'2022-03-09 12:51:25',0,'',NULL,1,0),
(7,'SUDIPTA','SENGUPTA',1,NULL,0,2,'',NULL,2,NULL,'876543210123','7878787878',NULL,'$2y$10$qyGcxc0tDyRHwUOlQ2EhU.L9pMXL28I4ys/xGFZsuvoU1yw00bFEW',NULL,NULL,NULL,NULL,0,1,1,'2021-09-28 08:31:41',NULL,NULL,0,NULL,NULL,1,0),
(8,'JAYRAM','SAHOO',1,NULL,0,1,'56586',56586,1,1,'787878787878','4545454545',NULL,'$2y$10$qyGcxc0tDyRHwUOlQ2EhU.L9pMXL28I4ys/xGFZsuvoU1yw00bFEW',NULL,NULL,NULL,NULL,0,1,1,'2021-09-28 08:33:58',NULL,NULL,0,NULL,NULL,1,0),
(9,'Admin','User',4,NULL,1,1,NULL,NULL,NULL,NULL,'797979797979','8882929108',NULL,'$2y$10$qyGcxc0tDyRHwUOlQ2EhU.L9pMXL28I4ys/xGFZsuvoU1yw00bFEW',NULL,NULL,NULL,NULL,0,1,1,'2021-09-28 08:33:58',NULL,NULL,0,NULL,NULL,1,0),
(10,'Ajay','kumar',4,1,0,2,'Ajay kumar',NULL,1,NULL,'898989898989','8882929109',NULL,'$2y$10$bIJ8O44Ieh12CeGdmncvr.0ng3LUfYuhA6QLRfAGKhEV0nyMkPGU6',NULL,NULL,NULL,NULL,0,1,1,'2021-09-28 08:33:58',NULL,'2022-03-09 10:59:08',0,NULL,NULL,1,0),
(11,'Finance Executive','User',4,1,0,3,'Himesh',71889,1,1,'123654789012','8882929110',NULL,'$2y$10$qyGcxc0tDyRHwUOlQ2EhU.L9pMXL28I4ys/xGFZsuvoU1yw00bFEW',NULL,NULL,NULL,NULL,0,1,1,'2021-09-28 08:33:58',NULL,NULL,0,NULL,NULL,1,0),
(12,'Unit Head','User',4,1,0,4,NULL,NULL,1,NULL,'123124125126','8882929111',NULL,'$2y$10$qyGcxc0tDyRHwUOlQ2EhU.L9pMXL28I4ys/xGFZsuvoU1yw00bFEW',NULL,NULL,NULL,NULL,0,1,1,'2021-09-28 08:33:58',NULL,NULL,0,NULL,NULL,1,0),
(13,'PRASANT KUMAR','DAS (B)',1,NULL,0,1,'38906',38906,1,1,'75757575757575','7878787878',NULL,'$2y$10$qyGcxc0tDyRHwUOlQ2EhU.L9pMXL28I4ys/xGFZsuvoU1yw00bFEW',NULL,NULL,NULL,NULL,0,1,1,'2021-09-28 08:33:58',NULL,NULL,0,NULL,NULL,1,0),
(14,'Rahul KUMAR','DAS (B)',1,NULL,0,1,'38907',38907,1,NULL,'767676767676','7979797979',NULL,'$2y$10$qyGcxc0tDyRHwUOlQ2EhU.L9pMXL28I4ys/xGFZsuvoU1yw00bFEW',NULL,NULL,NULL,NULL,0,1,1,'2021-09-28 08:33:58',NULL,NULL,0,NULL,NULL,1,0),
(15,'Vijay','kumar',4,2,0,5,'vijay kumar',NULL,1,NULL,'124125126127','8882929112',NULL,'$2y$10$qyGcxc0tDyRHwUOlQ2EhU.L9pMXL28I4ys/xGFZsuvoU1yw00bFEW',NULL,NULL,NULL,NULL,0,1,1,'2021-09-28 08:33:58',NULL,NULL,0,NULL,NULL,1,0),
(16,'TAPAS BEHERA',NULL,NULL,NULL,0,NULL,'TAPAS BEHERA',38907,NULL,NULL,'757876765645','8117056655',NULL,'Secret@123',NULL,NULL,NULL,NULL,0,1,NULL,NULL,NULL,NULL,0,NULL,NULL,0,0),
(17,'Tapas Pension Unit',NULL,4,4,0,12,'Tapas Pension Unit',52000,NULL,1,'121321223211','8882929200','tpunit@gmail.com','$2y$10$DW3yNlvsMZHUoAaluVCLMuE6DcufifS1p2IbA2F.UPDIjUxAvxVUq',NULL,NULL,NULL,NULL,0,1,NULL,'2021-10-28 19:36:49',NULL,NULL,0,NULL,NULL,1,0),
(18,'TAPAS NOMINEE',NULL,2,NULL,0,NULL,'TAPAS NOMINEE',42600,NULL,NULL,'789524156123','8882929300',NULL,'$2y$10$h9S1bZXmgcghYLZ8Q/3J7Oh9R.Vkz8x/5mF/qNpggihriRUOaFOqC',NULL,NULL,NULL,NULL,0,1,NULL,NULL,NULL,'2021-10-29 20:06:25',0,NULL,NULL,0,0),
(19,'Krishna','Rao',4,2,0,7,'Krishna Rao',NULL,1,NULL,'785785485584','8882929113',NULL,'$2y$10$qyGcxc0tDyRHwUOlQ2EhU.L9pMXL28I4ys/xGFZsuvoU1yw00bFEW',NULL,NULL,NULL,NULL,0,1,NULL,NULL,NULL,'2021-10-29 20:06:25',0,NULL,NULL,1,0),
(20,'JAYANTA KUMAR','SENAPATI 2',1,NULL,0,1,'42610',42610,1,1,'123456789945','8658749042',NULL,'$2y$10$5NtfltGaL/TMdujJStAXDO0fyvhc/nO1zVG6X6APORjdwwCSwLN1e','$2b$10$TvlFDXcYAlO0BUjKfjf/RuXaAXt1rnX/aiViSZP1zZeIf5xDHwlli','9876','2021-05-11 15:04:09','2021-05-11 15:34:09',0,1,1,'2020-07-21 18:41:20',1,'2021-10-25 17:41:57',0,'',NULL,1,0),
(21,'JAYANTA KUMAR','SENAPATI 3',1,NULL,0,1,'42611',42611,1,1,'123456789946','8658749046',NULL,'$2y$10$5NtfltGaL/TMdujJStAXDO0fyvhc/nO1zVG6X6APORjdwwCSwLN1e','$2b$10$TvlFDXcYAlO0BUjKfjf/RuXaAXt1rnX/aiViSZP1zZeIf5xDHwlli','9876','2021-05-11 15:04:09','2021-05-11 15:34:09',0,1,1,'2020-07-21 18:41:20',1,'2021-10-25 17:41:57',0,'',NULL,1,0),
(22,'JAYANTA KUMAR','SENAPATI 3',1,NULL,0,1,'42612',42612,1,1,'123456789947','8658749047',NULL,'$2y$10$5NtfltGaL/TMdujJStAXDO0fyvhc/nO1zVG6X6APORjdwwCSwLN1e','$2b$10$TvlFDXcYAlO0BUjKfjf/RuXaAXt1rnX/aiViSZP1zZeIf5xDHwlli','9876','2021-05-11 15:04:09','2021-05-11 15:34:09',0,1,1,'2020-07-21 18:41:20',1,'2021-10-25 17:41:57',0,'',NULL,1,0),
(23,'Vijay','setupati',4,2,0,6,NULL,NULL,1,NULL,'124125126128','8882929133',NULL,'$2y$10$qyGcxc0tDyRHwUOlQ2EhU.L9pMXL28I4ys/xGFZsuvoU1yw00bFEW',NULL,NULL,NULL,NULL,0,1,1,'2021-09-28 08:33:58',NULL,NULL,0,NULL,NULL,1,0),
(24,'JAYANTA KUMAR','SENAPATI 3',1,NULL,0,1,'42614',42614,1,1,'123456789943','8658749043',NULL,'$2y$10$5NtfltGaL/TMdujJStAXDO0fyvhc/nO1zVG6X6APORjdwwCSwLN1e','$2b$10$TvlFDXcYAlO0BUjKfjf/RuXaAXt1rnX/aiViSZP1zZeIf5xDHwlli','9876','2021-05-11 15:04:09','2021-05-11 15:34:09',0,1,1,'2020-07-21 18:41:20',1,'2021-10-25 17:41:57',0,'',NULL,1,0),
(25,'JAYANTA KUMAR','SENAPATI',1,NULL,0,1,'42615',42615,1,NULL,'123456789945','8658749045',NULL,'$2y$10$5NtfltGaL/TMdujJStAXDO0fyvhc/nO1zVG6X6APORjdwwCSwLN1e','$2b$10$TvlFDXcYAlO0BUjKfjf/RuXaAXt1rnX/aiViSZP1zZeIf5xDHwlli','9876','2021-05-11 15:04:09','2021-05-11 15:34:09',0,1,1,'2020-07-21 18:41:20',1,'2021-10-25 17:41:57',0,'',NULL,1,0),
(26,'JAYANTA KUMAR','SENAPATI',1,NULL,0,1,'42616',42616,1,NULL,'123456789946','8658749046',NULL,'$2y$10$5NtfltGaL/TMdujJStAXDO0fyvhc/nO1zVG6X6APORjdwwCSwLN1e','$2b$10$TvlFDXcYAlO0BUjKfjf/RuXaAXt1rnX/aiViSZP1zZeIf5xDHwlli','9876','2021-05-11 15:04:09','2021-05-11 15:34:09',0,1,1,'2020-07-21 18:41:20',1,'2021-10-25 17:41:57',0,'',NULL,1,0),
(27,'JAYANTA KUMAR','SENAPATI',1,NULL,0,1,'42617',42617,1,1,'123456789947','8658749047',NULL,'$2y$10$5NtfltGaL/TMdujJStAXDO0fyvhc/nO1zVG6X6APORjdwwCSwLN1e','$2b$10$TvlFDXcYAlO0BUjKfjf/RuXaAXt1rnX/aiViSZP1zZeIf5xDHwlli','9876','2021-05-11 15:04:09','2021-05-11 15:34:09',0,1,1,'2020-07-21 18:41:20',1,'2021-10-25 17:41:57',0,'',NULL,1,0),
(28,'GOPAL BEHERA',NULL,2,NULL,0,NULL,'GOPAL BEHERA',42600,1,NULL,'123456789998','8882929201',NULL,'$2y$10$s4t2QdAVe0u.hbCFm70C4urN.cyvfN2wAHjx5fj9cZ8PzHuGZzmMO',NULL,NULL,NULL,NULL,0,1,NULL,NULL,NULL,'2021-12-04 16:45:03',0,NULL,NULL,0,0),
(29,'JAYANTA KUMAR','SENAPATI',1,NULL,0,1,'42618',42618,1,1,'123456789948','8658749048',NULL,'$2y$10$5NtfltGaL/TMdujJStAXDO0fyvhc/nO1zVG6X6APORjdwwCSwLN1e','$2b$10$TvlFDXcYAlO0BUjKfjf/RuXaAXt1rnX/aiViSZP1zZeIf5xDHwlli','9876','2021-05-11 15:04:09','2021-05-11 15:34:09',0,1,1,'2020-07-21 18:41:20',1,'2021-10-25 17:41:57',0,'',NULL,1,0),
(30,'JAYANTA KUMAR','SENAPATI',1,NULL,0,1,'42619',42619,1,1,'123456789949','8658749049',NULL,'$2y$10$5NtfltGaL/TMdujJStAXDO0fyvhc/nO1zVG6X6APORjdwwCSwLN1e','$2b$10$TvlFDXcYAlO0BUjKfjf/RuXaAXt1rnX/aiViSZP1zZeIf5xDHwlli','9876','2021-05-11 15:04:09','2021-05-11 15:34:09',0,1,1,'2020-07-21 18:41:20',1,'2021-10-25 17:41:57',0,'',NULL,1,0),
(31,'Vijay','setupati',4,3,0,8,NULL,NULL,1,NULL,'124125126128','8882929134',NULL,'$2y$10$qyGcxc0tDyRHwUOlQ2EhU.L9pMXL28I4ys/xGFZsuvoU1yw00bFEW',NULL,NULL,NULL,NULL,0,1,1,'2021-09-28 08:33:58',NULL,NULL,0,NULL,NULL,1,0),
(32,'Vijay','setupati',4,3,0,9,NULL,NULL,1,NULL,'124125126128','8882929135',NULL,'$2y$10$qyGcxc0tDyRHwUOlQ2EhU.L9pMXL28I4ys/xGFZsuvoU1yw00bFEW',NULL,NULL,NULL,NULL,0,1,1,'2021-09-28 08:33:58',NULL,NULL,0,NULL,NULL,1,0),
(33,'Vijay','setupati',4,3,0,10,NULL,NULL,1,NULL,'124125126128','8882929136',NULL,'$2y$10$qyGcxc0tDyRHwUOlQ2EhU.L9pMXL28I4ys/xGFZsuvoU1yw00bFEW',NULL,NULL,NULL,NULL,0,1,1,'2021-09-28 08:33:58',NULL,NULL,0,NULL,NULL,1,0),
(34,'TEST NOMINEE',NULL,2,NULL,0,NULL,'TEST NOMINEE',42611,NULL,NULL,'787878909090','9876543219',NULL,'$2y$10$cauqqP4IGWYIEZ1obbg9TunSwFvoqDeX.aTcLpli8CkqFqafQZbGW',NULL,NULL,NULL,NULL,0,1,NULL,NULL,NULL,NULL,0,NULL,NULL,0,0),
(35,'HIMANSU SAHOO',NULL,2,NULL,0,NULL,'HIMANSU SAHOO',42617,NULL,NULL,'686868808080','8888899999',NULL,'$2y$10$u.FfijkkmUs6kacE3cOqYOLjm3eY.ZAhZO384X6ptZRT1XJxeDZcy',NULL,NULL,NULL,NULL,0,1,NULL,NULL,NULL,NULL,0,NULL,NULL,0,0),
(36,'NOMINEE',NULL,2,NULL,0,NULL,'NOMINEE',42615,NULL,NULL,'686868808080','7777766666',NULL,'$2y$10$mefItX6NmLLSacpJecZAXO6Iw7TjCj7KuRlynvl.MoBaOlZNkzaq.',NULL,NULL,NULL,NULL,0,1,NULL,NULL,NULL,NULL,0,NULL,NULL,0,0),
(37,'SYAMA SAHOO',NULL,2,NULL,0,NULL,'SYAMA SAHOO',42616,1,1,'484848606060','6666655555',NULL,'$2y$10$27Pdw9N8.Kd5g7tJZ6fKyOUAX69.u3stdlMRr8B44NADdvm5fyyp.',NULL,NULL,NULL,NULL,0,1,NULL,NULL,NULL,NULL,0,NULL,NULL,0,0),
(38,'SANTILATA SAHOO',NULL,2,NULL,0,NULL,'SANTILATA SAHOO',42616,1,NULL,'383838505050','5555544444',NULL,'$2y$10$AQciCUo5/gcrRr2mGd0.He2orQyoRUtoxB.w7PK5kSB5r/LWDc5bC',NULL,NULL,NULL,NULL,0,1,NULL,NULL,NULL,NULL,0,NULL,NULL,0,0),
(39,'SURIYA SAHOO',NULL,2,NULL,0,NULL,'SURIYA SAHOO',42612,1,1,'282828404040','4444433333',NULL,'$2y$10$1zbY4QXRfHOWuuK.3tO60uWh//Vvih9MLPxDZDjQmf9s2WArD04oy',NULL,NULL,NULL,NULL,0,1,NULL,NULL,NULL,NULL,0,NULL,NULL,0,0),
(40,'GHANASYAMA SAHOO',NULL,2,NULL,0,NULL,'GHANASYAMA SAHOO',42614,1,1,'181818303030','3333322222',NULL,'$2y$10$w29A5q4xzWErRdCilgnsgO.IdNPxiOIvM68h8k6uuLmAlXoBQ0Za6',NULL,NULL,NULL,NULL,0,1,NULL,NULL,NULL,NULL,0,NULL,NULL,0,0),
(41,'TEST NAME',NULL,2,NULL,0,NULL,'TEST NAME',42614,NULL,NULL,'181818303030','3333322222',NULL,'$2y$10$lRTOiLV8Ua5yyJer8AAJqOU2LpdqP15d27jo4A.QrPGdSSxLgrP0a',NULL,NULL,NULL,NULL,0,1,NULL,NULL,NULL,NULL,0,NULL,NULL,0,0),
(42,'TEST NAME',NULL,2,NULL,0,NULL,'TEST NAME',42614,NULL,NULL,'181818303030','3333322222',NULL,'$2y$10$CiKFFFqPHp8XUN8F.IJN9uMyFtVmfe0Bd/C7PyUQ0IFjcDzwlaamG',NULL,NULL,NULL,NULL,0,1,NULL,NULL,NULL,NULL,0,NULL,NULL,0,0),
(43,'BRAJABANDHU SAHOO',NULL,2,NULL,0,NULL,'BRAJABANDHU SAHOO',42610,1,1,'171717202020','2222211111',NULL,'$2y$10$i7Xt.I9AVBfNe4c0ezUsHOpBicelwui24zgNZJfnogjlEaXcism06',NULL,NULL,NULL,NULL,0,1,NULL,NULL,NULL,NULL,0,NULL,NULL,0,0),
(44,'DEBASIS BEHERA',NULL,2,NULL,0,NULL,'DEBASIS BEHERA',42600,1,NULL,'191919101010','1111122222',NULL,'$2y$10$sMgC7bEL/HUdUC5QTK2VaeV5DNO8c20gWsge0Kw6.yYkJXgs2mzmC',NULL,NULL,NULL,NULL,0,1,NULL,NULL,NULL,NULL,0,NULL,NULL,0,0),
(45,'SUBASIS JENA',NULL,2,NULL,0,NULL,'SUBASIS JENA',42618,1,NULL,'191919111111','1111133333',NULL,'$2y$10$4F2sDbO67YaIWq.aKQzDvOkM/e5Qi4PGbOW3UFI9wHm237fDUXDJO',NULL,NULL,NULL,NULL,0,1,NULL,NULL,NULL,NULL,0,NULL,NULL,0,0),
(46,'Rajesh behera',NULL,2,NULL,0,NULL,'Rajesh behera',42600,NULL,NULL,'784857987946','4798764163',NULL,NULL,NULL,NULL,NULL,NULL,0,1,NULL,NULL,NULL,NULL,0,NULL,NULL,0,0),
(47,'Gopal Swain',NULL,2,NULL,0,NULL,'Gopal Swain',42600,NULL,NULL,'748744475777','5467897987',NULL,NULL,NULL,NULL,NULL,NULL,0,1,NULL,NULL,NULL,NULL,0,NULL,NULL,0,0),
(48,'Gopal Behera',NULL,2,NULL,0,NULL,'Gopal Behera',42600,NULL,NULL,'787878745454','7412589630',NULL,NULL,NULL,NULL,NULL,NULL,0,1,NULL,NULL,NULL,NULL,0,NULL,NULL,0,0),
(49,'p nama',NULL,2,NULL,0,NULL,'p nama',42600,NULL,NULL,'879874654654','7877472888',NULL,NULL,NULL,NULL,NULL,NULL,0,1,NULL,NULL,NULL,NULL,0,NULL,NULL,0,0),
(50,'Gopal Swain',NULL,2,NULL,0,NULL,'Gopal Swain',42600,NULL,NULL,'741258963214','7477747777',NULL,NULL,NULL,NULL,NULL,NULL,0,1,NULL,NULL,NULL,NULL,0,NULL,NULL,0,0),
(51,'Pinaki sahoo',NULL,2,NULL,0,NULL,'Pinaki sahoo',42600,NULL,NULL,'191919101010','7776668989',NULL,NULL,NULL,NULL,NULL,NULL,0,1,NULL,NULL,NULL,NULL,0,NULL,NULL,0,0),
(52,'Pinaki sahoo',NULL,2,NULL,0,NULL,'Pinaki sahoo',42617,NULL,NULL,'686868808080','0909099887',NULL,NULL,NULL,NULL,NULL,NULL,0,1,NULL,NULL,NULL,NULL,0,NULL,NULL,0,0),
(53,'gopal sahoo',NULL,2,NULL,0,NULL,'gopal sahoo',42610,NULL,NULL,'696969969601','9861000001',NULL,NULL,NULL,NULL,NULL,NULL,0,1,NULL,NULL,NULL,NULL,0,NULL,NULL,0,0),
(54,'Gopi sahoo',NULL,2,NULL,0,NULL,'Gopi sahoo',42610,NULL,NULL,'696969969602','9861000002',NULL,NULL,NULL,NULL,NULL,NULL,0,1,NULL,NULL,NULL,NULL,0,NULL,NULL,0,0),
(55,'Test name a',NULL,2,NULL,0,NULL,'Test name a',42611,NULL,NULL,'696969969603','9861000003',NULL,NULL,NULL,NULL,NULL,NULL,0,1,NULL,NULL,NULL,NULL,0,NULL,NULL,0,0),
(56,'ABC Sahoo',NULL,2,NULL,0,NULL,'ABC Sahoo',42610,NULL,NULL,'777778789898','9988878787',NULL,NULL,NULL,NULL,NULL,NULL,0,1,NULL,NULL,NULL,NULL,0,NULL,NULL,0,0),
(57,'teerterter',NULL,2,NULL,0,NULL,'teerterter',42600,NULL,NULL,'456456456456','4564564564',NULL,NULL,NULL,NULL,NULL,NULL,0,1,NULL,NULL,NULL,NULL,0,NULL,NULL,0,0),
(58,'Gopal Swain',NULL,2,NULL,0,NULL,'Gopal Swain',42600,NULL,NULL,'123654789001','7474785888',NULL,NULL,NULL,NULL,NULL,NULL,0,1,NULL,NULL,NULL,NULL,1,NULL,NULL,0,0),
(59,'Samita Behera',NULL,2,NULL,0,NULL,'Samita Behera',42600,NULL,NULL,'123456789001','7485963214',NULL,NULL,NULL,NULL,NULL,NULL,0,1,NULL,NULL,NULL,NULL,1,NULL,NULL,0,0),
(60,'Arjun Mohanty',NULL,2,NULL,0,NULL,'Arjun Mohanty',42600,NULL,NULL,'123654789001','1236547890',NULL,NULL,NULL,NULL,NULL,NULL,0,1,NULL,NULL,NULL,NULL,1,NULL,NULL,0,0),
(61,'Eqbal Sahoo',NULL,2,NULL,0,NULL,'Eqbal Sahoo',42600,NULL,NULL,'123654789001','8658749098',NULL,NULL,NULL,NULL,NULL,NULL,0,1,NULL,NULL,NULL,NULL,1,NULL,NULL,0,0),
(62,'Gopal Swain',NULL,2,NULL,0,NULL,'Gopal Swain',42600,1,1,'123456789001','8658749088',NULL,'$2y$10$uOugy2eW/H8n33CTFnwPauDkI1zohaDzjOUZgUC.v48IYeHVwidEi',NULL,NULL,NULL,NULL,0,1,NULL,NULL,NULL,'2022-01-19 11:52:40',0,NULL,NULL,0,0),
(63,'Rajesh Subudhi',NULL,2,NULL,0,NULL,'Rajesh Subudhi',42600,1,1,'777777777718','7777777718',NULL,'$2y$10$mjpRtDjeHVwClTbWZ.cFNe/23G.mOwo54H7p1Tl.GLrbC9L3ljCQ6',NULL,NULL,NULL,NULL,0,1,NULL,NULL,NULL,'2022-01-20 17:17:04',0,NULL,NULL,0,0),
(64,'Raju Rout',NULL,2,NULL,0,NULL,'Raju Rout',42600,1,1,'777777777719','7777777719',NULL,'$2y$10$DLWvw88LK5FErP0gccC29.Balz/6enFFpsGc5A9ue/oYHVYk55.PO',NULL,NULL,NULL,NULL,0,1,NULL,NULL,NULL,'2022-01-20 17:35:50',0,NULL,NULL,0,0),
(65,'Gopal mohanty',NULL,2,NULL,0,NULL,'Gopal mohanty',42600,1,1,'784757956852','7777777720',NULL,'$2y$10$LKjwXwKlADfHZatPIjnTzeZRRLj9CsdYbMw37cshmh5lgn/wsKc/i',NULL,NULL,NULL,NULL,0,1,NULL,NULL,NULL,'2022-01-25 10:50:32',0,NULL,NULL,0,0),
(66,'Gopala Behera',NULL,2,NULL,0,NULL,'Gopala Behera',42611,1,1,'754875869586','7777777721',NULL,'$2y$10$.e9KCCRhNocj8mZy7z1hO.7GoFrrkCddM18dTQivMKHPnAdXvL.Cq',NULL,NULL,NULL,NULL,0,1,NULL,NULL,NULL,'2022-01-25 18:36:13',0,NULL,NULL,0,0),
(67,'Nominee Name',NULL,2,NULL,0,NULL,'Nominee Name',42619,1,1,'798765467987','7777777722',NULL,'$2y$10$xB1DjKskn/QPdWRpWiNGTumpHILxHHSO0Obe1qNFsoRrftl2FswK2',NULL,NULL,NULL,NULL,0,1,NULL,NULL,NULL,'2022-02-02 19:27:44',0,NULL,NULL,0,0),
(68,'Applicant One',NULL,1,NULL,0,1,'42650',42650,1,1,'123654789101','1234567810',NULL,'$2y$10$hmxwivQpgUn1D2Asz13EvO.hQqfpVfkruyQFPmIBGPlKkEjCSkvH2',NULL,NULL,NULL,NULL,0,1,10,'2022-02-14 12:58:22',NULL,NULL,0,NULL,NULL,0,1),
(69,'Billing','Officer',4,5,0,11,NULL,NULL,NULL,NULL,'123456789201','8882929502',NULL,'$2y$10$qyGcxc0tDyRHwUOlQ2EhU.L9pMXL28I4ys/xGFZsuvoU1yw00bFEW',NULL,NULL,NULL,NULL,0,1,NULL,NULL,NULL,NULL,0,NULL,NULL,1,0);

/*Table structure for table `optcl_users_otp_history` */

DROP TABLE IF EXISTS `optcl_users_otp_history`;

CREATE TABLE `optcl_users_otp_history` (
  `id` int(11) NOT NULL AUTO_INCREMENT,
  `user_id` int(11) NOT NULL,
  `otp_value` int(11) NOT NULL,
  `otp_type` varchar(150) NOT NULL,
  `created_at` datetime NOT NULL,
  PRIMARY KEY (`id`)
) ENGINE=InnoDB AUTO_INCREMENT=54 DEFAULT CHARSET=utf8mb4;

/*Data for the table `optcl_users_otp_history` */

insert  into `optcl_users_otp_history`(`id`,`user_id`,`otp_value`,`otp_type`,`created_at`) values 
(1,53,987654,'nominee_register','2022-01-13 15:57:39'),
(2,54,987654,'nominee_register','2022-01-13 16:46:24'),
(3,55,987654,'nominee_register','2022-01-13 17:37:55'),
(4,56,987654,'nominee_register','2022-01-14 18:01:47'),
(5,57,987654,'nominee_register','2022-01-19 10:30:52'),
(6,58,987654,'nominee_register','2022-01-19 10:46:05'),
(7,59,987654,'nominee_register','2022-01-19 10:47:23'),
(8,60,987654,'nominee_register','2022-01-19 11:27:00'),
(9,61,987654,'nominee_register','2022-01-19 11:39:10'),
(10,62,987654,'nominee_register','2022-01-19 11:52:17'),
(11,63,987654,'nominee_register','2022-01-20 17:16:41'),
(12,64,987654,'nominee_register','2022-01-20 17:35:28'),
(13,65,987654,'nominee_register','2022-01-25 10:50:08'),
(14,66,987654,'nominee_register','2022-01-25 18:35:45'),
(15,67,987654,'nominee_register','2022-02-02 19:27:18'),
(16,10,987654,'forgot_password','2022-03-04 17:27:52'),
(17,10,987654,'forgot_password','2022-03-04 18:05:52'),
(18,1,987654,'forgot_password','2022-03-04 18:13:20'),
(19,10,987654,'forgot_password','2022-03-04 18:32:40'),
(20,10,987654,'forgot_password','2022-03-05 10:27:52'),
(21,10,987654,'forgot_password','2022-03-05 14:58:33'),
(22,10,987654,'forgot_password','2022-03-05 14:58:44'),
(23,10,987654,'forgot_password','2022-03-05 14:58:46'),
(24,10,987654,'forgot_password','2022-03-05 14:59:11'),
(25,10,987654,'forgot_password','2022-03-05 15:01:16'),
(26,1,987654,'forgot_password','2022-03-05 15:14:29'),
(27,1,987654,'forgot_password','2022-03-05 15:18:50'),
(28,1,987654,'forgot_password','2022-03-05 15:19:04'),
(29,10,987654,'forgot_password','2022-03-09 10:51:38'),
(30,10,987654,'forgot_password','2022-03-09 10:56:45'),
(31,10,987654,'forgot_password','2022-03-09 10:58:47'),
(32,10,987654,'forgot_password','2022-03-09 11:42:36'),
(33,10,987654,'forgot_password','2022-03-09 11:55:11'),
(34,1,987654,'forgot_password','2022-03-09 11:55:31'),
(35,1,987654,'forgot_password','2022-03-09 11:55:50'),
(36,1,987654,'forgot_password','2022-03-09 12:00:28'),
(37,1,987654,'forgot_password','2022-03-09 12:00:36'),
(38,1,987654,'forgot_password','2022-03-09 12:01:42'),
(39,1,987654,'forgot_password','2022-03-09 12:06:34'),
(40,1,987654,'forgot_password','2022-03-09 12:13:00'),
(41,1,987654,'forgot_password','2022-03-09 12:16:08'),
(42,1,987654,'forgot_password','2022-03-09 12:46:07'),
(43,1,987654,'forgot_password','2022-03-09 12:49:10'),
(44,1,987654,'forgot_password','2022-03-09 12:49:38'),
(45,1,987654,'forgot_password','2022-03-09 12:51:10'),
(46,1,987654,'forgot_password','2022-03-09 12:52:12'),
(47,1,987654,'forgot_password','2022-03-10 11:21:44'),
(48,1,987654,'forgot_password','2022-03-10 11:40:24'),
(49,1,987654,'forgot_password','2022-03-10 12:12:16'),
(50,1,987654,'forgot_password','2022-03-10 12:15:40'),
(51,1,987654,'forgot_password','2022-03-10 12:32:34'),
(52,1,987654,'forgot_password','2022-03-10 13:05:47'),
(53,10,987654,'forgot_password','2022-03-10 19:37:13');

/*!40101 SET SQL_MODE=@OLD_SQL_MODE */;
/*!40014 SET FOREIGN_KEY_CHECKS=@OLD_FOREIGN_KEY_CHECKS */;
/*!40014 SET UNIQUE_CHECKS=@OLD_UNIQUE_CHECKS */;
/*!40111 SET SQL_NOTES=@OLD_SQL_NOTES */;
